timeStamp,elapsed,label,responseCode,responseMessage,threadName,dataType,success,failureMessage,bytes,sentBytes,grpThreads,allThreads,Latency,IdleTime,Connect
1507525118530,2373,LogintoACE,401,Unauthorized,BP001FCTransaction 1-1,text,false,,1069,563,1,1,1996,0,1520
1507525120909,1129,LogintoACE,401,Unauthorized,BP001FCTransaction 1-1,text,false,,1071,563,1,1,754,0,350
1507525122039,403,LogintoACE,401,Unauthorized,BP001FCTransaction 1-1,text,false,,1070,563,1,1,403,0,0
1507525122444,403,LogintoACE,401,Unauthorized,BP001FCTransaction 1-1,text,false,,1070,563,1,1,403,0,0
1507525122848,403,LogintoACE,401,Unauthorized,BP001FCTransaction 1-1,text,false,,1070,563,1,1,403,0,0
1507525123252,1106,LogintoACE,401,Unauthorized,BP001FCTransaction 1-1,text,false,,1071,563,1,1,732,0,330
1507525124359,779,LogintoACE,401,Unauthorized,BP001FCTransaction 1-1,text,false,,1070,563,1,1,404,0,0
1507525125139,778,LogintoACE,401,Unauthorized,BP001FCTransaction 1-1,text,false,,1070,563,1,1,403,0,0
1507525125919,761,LogintoACE,401,Unauthorized,BP001FCTransaction 1-1,text,false,,1070,563,1,1,761,0,359
1507525126681,402,LogintoACE,401,Unauthorized,BP001FCTransaction 1-1,text,false,,1070,563,1,1,402,0,0
1507525128478,1154,LogintoACE,401,Unauthorized,BP001FCTransaction 1-2,text,false,,1070,563,1,1,1154,0,752
1507525129632,402,LogintoACE,401,Unauthorized,BP001FCTransaction 1-2,text,false,,1070,563,1,1,402,0,0
1507525130035,776,LogintoACE,401,Unauthorized,BP001FCTransaction 1-2,text,false,,1070,563,1,1,402,0,0
1507525130811,1124,LogintoACE,401,Unauthorized,BP001FCTransaction 1-2,text,false,,1070,563,1,1,749,0,348
1507525131936,777,LogintoACE,401,Unauthorized,BP001FCTransaction 1-2,text,false,,1070,563,1,1,403,0,0
1507525132714,777,LogintoACE,401,Unauthorized,BP001FCTransaction 1-2,text,false,,1070,563,1,1,402,0,0
1507525133491,1132,LogintoACE,401,Unauthorized,BP001FCTransaction 1-2,text,false,,1071,563,1,1,757,0,357
1507525134624,402,LogintoACE,401,Unauthorized,BP001FCTransaction 1-2,text,false,,1070,563,1,1,401,0,0
1507525135026,402,LogintoACE,401,Unauthorized,BP001FCTransaction 1-2,text,false,,1070,563,1,1,402,0,0
1507525135429,776,LogintoACE,401,Unauthorized,BP001FCTransaction 1-2,text,false,,1070,563,1,1,401,0,0
1507525138479,1134,LogintoACE,401,Unauthorized,BP001FCTransaction 1-3,text,false,,1070,563,1,1,1134,0,732
1507525139614,777,LogintoACE,401,Unauthorized,BP001FCTransaction 1-3,text,false,,1070,563,1,1,402,0,0
1507525140399,778,LogintoACE,401,Unauthorized,BP001FCTransaction 1-3,text,false,,1070,563,1,1,403,0,0
1507525141178,1128,LogintoACE,401,Unauthorized,BP001FCTransaction 1-3,text,false,,1071,563,1,1,754,0,352
1507525142306,401,LogintoACE,401,Unauthorized,BP001FCTransaction 1-3,text,false,,1070,563,1,1,401,0,0
1507525142708,777,LogintoACE,401,Unauthorized,BP001FCTransaction 1-3,text,false,,1070,563,1,1,402,0,0
1507525143486,760,LogintoACE,401,Unauthorized,BP001FCTransaction 1-3,text,false,,1070,563,1,1,760,0,358
1507525144246,777,LogintoACE,401,Unauthorized,BP001FCTransaction 1-3,text,false,,1070,563,1,1,402,0,0
1507525145024,779,LogintoACE,401,Unauthorized,BP001FCTransaction 1-3,text,false,,1069,563,1,1,404,0,0
1507525145803,1144,LogintoACE,401,Unauthorized,BP001FCTransaction 1-3,text,false,,1070,563,1,1,770,0,370
1507525148478,1129,LogintoACE,401,Unauthorized,BP001FCTransaction 1-4,text,false,,1070,563,1,1,1129,0,729
1507525149608,775,LogintoACE,401,Unauthorized,BP001FCTransaction 1-4,text,false,,1069,563,1,1,401,0,0
1507525150383,402,LogintoACE,401,Unauthorized,BP001FCTransaction 1-4,text,false,,1070,563,1,1,401,0,0
1507525150785,1149,LogintoACE,401,Unauthorized,BP001FCTransaction 1-4,text,false,,1070,563,1,1,774,0,373
1507525151935,402,LogintoACE,401,Unauthorized,BP001FCTransaction 1-4,text,false,,1070,563,1,1,402,0,0
1507525152338,776,LogintoACE,401,Unauthorized,BP001FCTransaction 1-4,text,false,,1070,563,1,1,402,0,0
1507525153115,786,LogintoACE,401,Unauthorized,BP001FCTransaction 1-4,text,false,,1070,563,1,1,786,0,385
1507525153902,402,LogintoACE,401,Unauthorized,BP001FCTransaction 1-4,text,false,,1070,563,1,1,402,0,0
1507525154304,775,LogintoACE,401,Unauthorized,BP001FCTransaction 1-4,text,false,,1070,563,1,1,401,0,0
1507525155080,401,LogintoACE,401,Unauthorized,BP001FCTransaction 1-4,text,false,,1070,563,1,1,401,0,0
1507525158480,1311,LogintoACE,401,Unauthorized,BP001FCTransaction 1-5,text,false,,1071,563,1,1,1311,0,909
1507525159792,776,LogintoACE,401,Unauthorized,BP001FCTransaction 1-5,text,false,,1070,563,1,1,401,0,0
1507525160569,757,LogintoACE,401,Unauthorized,BP001FCTransaction 1-5,text,false,,1070,563,1,1,757,0,357
1507525161327,776,LogintoACE,401,Unauthorized,BP001FCTransaction 1-5,text,false,,1070,563,1,1,402,0,0
1507525162104,401,LogintoACE,401,Unauthorized,BP001FCTransaction 1-5,text,false,,1070,563,1,1,401,0,0
1507525162506,777,LogintoACE,401,Unauthorized,BP001FCTransaction 1-5,text,false,,1070,563,1,1,402,0,0
1507525163284,1125,LogintoACE,401,Unauthorized,BP001FCTransaction 1-5,text,false,,1070,563,1,1,750,0,350
1507525164410,776,LogintoACE,401,Unauthorized,BP001FCTransaction 1-5,text,false,,1070,563,1,1,402,0,0
1507525165187,776,LogintoACE,401,Unauthorized,BP001FCTransaction 1-5,text,false,,1070,563,1,1,402,0,0
1507525165964,752,LogintoACE,401,Unauthorized,BP001FCTransaction 1-5,text,false,,1070,563,1,1,752,0,351
1507525168480,1577,LogintoACE,401,Unauthorized,BP001FCTransaction 1-6,text,false,,1070,563,1,1,1202,0,801
1507525170063,778,LogintoACE,401,Unauthorized,BP001FCTransaction 1-6,text,false,,1070,563,1,1,403,0,0
1507525170841,750,LogintoACE,401,Unauthorized,BP001FCTransaction 1-6,text,false,,1070,563,1,1,750,0,349
1507525171592,401,LogintoACE,401,Unauthorized,BP001FCTransaction 1-6,text,false,,1070,563,1,1,401,0,0
1507525171994,401,LogintoACE,401,Unauthorized,BP001FCTransaction 1-6,text,false,,1070,563,1,1,401,0,0
1507525172396,400,LogintoACE,401,Unauthorized,BP001FCTransaction 1-6,text,false,,1070,563,1,1,400,0,0
1507525172797,401,LogintoACE,401,Unauthorized,BP001FCTransaction 1-6,text,false,,1070,563,1,1,401,0,0
1507525173199,1147,LogintoACE,401,Unauthorized,BP001FCTransaction 1-6,text,false,,1070,563,1,1,772,0,372
1507525174348,774,LogintoACE,401,Unauthorized,BP001FCTransaction 1-6,text,false,,1070,563,1,1,401,0,0
1507525175123,776,LogintoACE,401,Unauthorized,BP001FCTransaction 1-6,text,false,,1070,563,1,1,401,0,0
1507525178481,1162,LogintoACE,401,Unauthorized,BP001FCTransaction 1-7,text,false,,1070,563,1,1,1162,0,761
1507525179644,775,LogintoACE,401,Unauthorized,BP001FCTransaction 1-7,text,false,,1069,563,1,1,400,0,0
1507525180420,401,LogintoACE,401,Unauthorized,BP001FCTransaction 1-7,text,false,,1070,563,1,1,401,0,0
1507525180822,749,LogintoACE,401,Unauthorized,BP001FCTransaction 1-7,text,false,,1070,563,1,1,748,0,347
1507525181571,777,LogintoACE,401,Unauthorized,BP001FCTransaction 1-7,text,false,,1070,563,1,1,402,0,0
1507525182349,775,LogintoACE,401,Unauthorized,BP001FCTransaction 1-7,text,false,,1070,563,1,1,401,0,0
1507525183125,1131,LogintoACE,401,Unauthorized,BP001FCTransaction 1-7,text,false,,1070,563,1,1,757,0,357
1507525184257,776,LogintoACE,401,Unauthorized,BP001FCTransaction 1-7,text,false,,1070,563,1,1,402,0,0
1507525185034,775,LogintoACE,401,Unauthorized,BP001FCTransaction 1-7,text,false,,1070,563,1,1,400,0,0
1507525185810,1124,LogintoACE,401,Unauthorized,BP001FCTransaction 1-7,text,false,,1070,563,1,1,750,0,349
1507525188480,1117,LogintoACE,401,Unauthorized,BP001FCTransaction 1-8,text,false,,1070,563,1,1,1117,0,717
1507525189597,775,LogintoACE,401,Unauthorized,BP001FCTransaction 1-8,text,false,,1070,563,1,1,401,0,0
1507525190373,401,LogintoACE,401,Unauthorized,BP001FCTransaction 1-8,text,false,,1070,563,1,1,401,0,0
1507525190775,1128,LogintoACE,401,Unauthorized,BP001FCTransaction 1-8,text,false,,1070,563,1,1,753,0,352
1507525191904,402,LogintoACE,401,Unauthorized,BP001FCTransaction 1-8,text,false,,1070,563,1,1,402,0,0
1507525192306,776,LogintoACE,401,Unauthorized,BP001FCTransaction 1-8,text,false,,1070,563,1,1,401,0,0
1507525193083,769,LogintoACE,401,Unauthorized,BP001FCTransaction 1-8,text,false,,1070,563,1,1,769,0,368
1507525193854,775,LogintoACE,401,Unauthorized,BP001FCTransaction 1-8,text,false,,1069,563,1,1,401,0,0
1507525194630,402,LogintoACE,401,Unauthorized,BP001FCTransaction 1-8,text,false,,1070,563,1,1,401,0,0
1507525195032,776,LogintoACE,401,Unauthorized,BP001FCTransaction 1-8,text,false,,1069,563,1,1,401,0,0
1507525198481,1504,LogintoACE,401,Unauthorized,BP001FCTransaction 1-9,text,false,,1070,563,1,1,1129,0,729
1507525199984,775,LogintoACE,401,Unauthorized,BP001FCTransaction 1-9,text,false,,1070,563,1,1,401,0,0
1507525200767,1120,LogintoACE,401,Unauthorized,BP001FCTransaction 1-9,text,false,,1070,563,1,1,745,0,344
1507525201888,400,LogintoACE,401,Unauthorized,BP001FCTransaction 1-9,text,false,,1070,563,1,1,400,0,0
1507525202288,401,LogintoACE,401,Unauthorized,BP001FCTransaction 1-9,text,false,,1070,563,1,1,401,0,0
1507525202690,402,LogintoACE,401,Unauthorized,BP001FCTransaction 1-9,text,false,,1070,563,1,1,402,0,0
1507525203093,749,LogintoACE,401,Unauthorized,BP001FCTransaction 1-9,text,false,,1070,563,1,1,749,0,348
1507525203844,774,LogintoACE,401,Unauthorized,BP001FCTransaction 1-9,text,false,,1070,563,1,1,400,0,0
1507525204619,775,LogintoACE,401,Unauthorized,BP001FCTransaction 1-9,text,false,,1070,563,1,1,400,0,0
1507525205394,1127,LogintoACE,401,Unauthorized,BP001FCTransaction 1-9,text,false,,1070,563,1,1,753,0,352
1507525208482,1544,LogintoACE,401,Unauthorized,BP001FCTransaction 1-10,text,false,,1071,563,1,1,1169,0,767
1507525210026,402,LogintoACE,401,Unauthorized,BP001FCTransaction 1-10,text,false,,1070,563,1,1,402,0,0
1507525210429,402,LogintoACE,401,Unauthorized,BP001FCTransaction 1-10,text,false,,1070,563,1,1,402,0,0
1507525210831,752,LogintoACE,401,Unauthorized,BP001FCTransaction 1-10,text,false,,1070,563,1,1,752,0,351
1507525211584,775,LogintoACE,401,Unauthorized,BP001FCTransaction 1-10,text,false,,1070,563,1,1,401,0,0
1507525212360,775,LogintoACE,401,Unauthorized,BP001FCTransaction 1-10,text,false,,1070,563,1,1,401,0,0
1507525213136,1124,LogintoACE,401,Unauthorized,BP001FCTransaction 1-10,text,false,,1070,563,1,1,750,0,348
1507525214260,401,LogintoACE,401,Unauthorized,BP001FCTransaction 1-10,text,false,,1070,563,1,1,400,0,0
1507525214661,401,LogintoACE,401,Unauthorized,BP001FCTransaction 1-10,text,false,,1070,563,1,1,401,0,0
1507525215062,401,LogintoACE,401,Unauthorized,BP001FCTransaction 1-10,text,false,,1071,563,1,1,401,0,0
