timeStamp,elapsed,label,responseCode,responseMessage,threadName,dataType,success,failureMessage,bytes,sentBytes,grpThreads,allThreads,Latency,IdleTime,Connect
1490178829237,340,Logon API Request,200,OK,Thread Group 1-2,text,true,,437,0,2,2,339,0,0
1490178828299,1268,Logon API Request,200,OK,Thread Group 1-1,text,true,,437,0,2,2,1267,0,0
1490178829579,30,PrivacyPolicy Service,500,Internal Server Error,Thread Group 1-1,text,false,,1380,0,2,2,30,0,0
1490178829579,32,PrivacyPolicy Service,500,Internal Server Error,Thread Group 1-2,text,false,,1380,0,2,2,32,0,0
1490178829612,4,Contuctus Service,500,Internal Server Error,Thread Group 1-2,text,false,,1380,0,2,2,4,0,0
1490178829613,3,Contuctus Service,500,Internal Server Error,Thread Group 1-1,text,false,,1380,0,2,2,3,0,0
1490178829617,2,News English,500,Internal Server Error,Thread Group 1-2,text,false,,1380,0,2,2,2,0,0
1490178829617,4,News English,500,Internal Server Error,Thread Group 1-1,text,false,,1380,0,2,2,4,0,0
1490178829620,4,News Arabic,500,Internal Server Error,Thread Group 1-2,text,false,,1380,0,2,2,4,0,0
1490178829623,4,News Arabic,500,Internal Server Error,Thread Group 1-1,text,false,,1380,0,2,2,4,0,0
1490178829625,5,Logon API Request,200,OK,Thread Group 1-2,text,true,,437,0,2,2,5,0,0
1490178829628,4,Logon API Request,200,OK,Thread Group 1-1,text,true,,437,0,2,2,4,0,0
1490178829631,2,PrivacyPolicy Service,500,Internal Server Error,Thread Group 1-2,text,false,,1380,0,2,2,2,0,0
1490178829632,4,PrivacyPolicy Service,500,Internal Server Error,Thread Group 1-1,text,false,,1380,0,2,2,4,0,0
1490178829635,4,Contuctus Service,500,Internal Server Error,Thread Group 1-2,text,false,,1380,0,2,2,4,0,0
1490178829637,3,Contuctus Service,500,Internal Server Error,Thread Group 1-1,text,false,,1380,0,2,2,3,0,0
1490178829640,3,News English,500,Internal Server Error,Thread Group 1-2,text,false,,1380,0,2,2,3,0,0
1490178829641,4,News English,500,Internal Server Error,Thread Group 1-1,text,false,,1380,0,2,2,4,0,0
1490178829644,3,News Arabic,500,Internal Server Error,Thread Group 1-2,text,false,,1380,0,2,2,3,0,0
1490178829646,3,News Arabic,500,Internal Server Error,Thread Group 1-1,text,false,,1380,0,2,2,3,0,0
1490178829649,4,Logon API Request,200,OK,Thread Group 1-2,text,true,,437,0,2,2,4,0,0
1490178829650,3,Logon API Request,200,OK,Thread Group 1-1,text,true,,437,0,2,2,3,0,0
1490178829654,3,PrivacyPolicy Service,500,Internal Server Error,Thread Group 1-2,text,false,,1380,0,2,2,3,0,0
1490178829654,3,PrivacyPolicy Service,500,Internal Server Error,Thread Group 1-1,text,false,,1380,0,2,2,3,0,0
1490178829658,3,Contuctus Service,500,Internal Server Error,Thread Group 1-1,text,false,,1380,0,2,2,3,0,0
1490178829658,3,Contuctus Service,500,Internal Server Error,Thread Group 1-2,text,false,,1380,0,2,2,3,0,0
1490178829662,3,News English,500,Internal Server Error,Thread Group 1-1,text,false,,1380,0,2,2,3,0,0
1490178829662,3,News English,500,Internal Server Error,Thread Group 1-2,text,false,,1380,0,2,2,3,0,0
1490178829666,3,News Arabic,500,Internal Server Error,Thread Group 1-1,text,false,,1380,0,2,2,3,0,0
1490178829666,3,News Arabic,500,Internal Server Error,Thread Group 1-2,text,false,,1380,0,2,2,3,0,0
1490178829670,3,Logon API Request,200,OK,Thread Group 1-1,text,true,,437,0,2,2,3,0,0
1490178829670,3,Logon API Request,200,OK,Thread Group 1-2,text,true,,437,0,2,2,3,0,0
1490178829675,2,PrivacyPolicy Service,500,Internal Server Error,Thread Group 1-1,text,false,,1380,0,2,2,2,0,0
1490178829674,3,PrivacyPolicy Service,500,Internal Server Error,Thread Group 1-2,text,false,,1380,0,2,2,3,0,0
1490178829678,2,Contuctus Service,500,Internal Server Error,Thread Group 1-2,text,false,,1380,0,2,2,2,0,0
1490178829678,2,Contuctus Service,500,Internal Server Error,Thread Group 1-1,text,false,,1380,0,2,2,2,0,0
1490178829681,3,News English,500,Internal Server Error,Thread Group 1-1,text,false,,1380,0,2,2,3,0,0
1490178829681,3,News English,500,Internal Server Error,Thread Group 1-2,text,false,,1380,0,2,2,3,0,0
1490178829685,3,News Arabic,500,Internal Server Error,Thread Group 1-1,text,false,,1380,0,2,2,3,0,0
1490178829684,4,News Arabic,500,Internal Server Error,Thread Group 1-2,text,false,,1380,0,2,2,4,0,0
1490178829690,4,Logon API Request,200,OK,Thread Group 1-1,text,true,,437,0,2,2,4,0,0
1490178829691,3,Logon API Request,200,OK,Thread Group 1-2,text,true,,437,0,2,2,3,0,0
1490178829694,3,PrivacyPolicy Service,500,Internal Server Error,Thread Group 1-2,text,false,,1380,0,2,2,3,0,0
1490178829694,3,PrivacyPolicy Service,500,Internal Server Error,Thread Group 1-1,text,false,,1380,0,2,2,3,0,0
1490178829698,3,Contuctus Service,500,Internal Server Error,Thread Group 1-2,text,false,,1380,0,2,2,3,0,0
1490178829698,3,Contuctus Service,500,Internal Server Error,Thread Group 1-1,text,false,,1380,0,2,2,3,0,0
1490178829702,3,News English,500,Internal Server Error,Thread Group 1-2,text,false,,1380,0,2,2,3,0,0
1490178829702,3,News English,500,Internal Server Error,Thread Group 1-1,text,false,,1380,0,2,2,3,0,0
1490178829706,3,News Arabic,500,Internal Server Error,Thread Group 1-1,text,false,,1380,0,2,2,3,0,0
1490178829706,3,News Arabic,500,Internal Server Error,Thread Group 1-2,text,false,,1380,0,2,2,3,0,0
1490178829709,4,Logon API Request,200,OK,Thread Group 1-2,text,true,,437,0,2,2,4,0,0
1490178829709,4,Logon API Request,200,OK,Thread Group 1-1,text,true,,437,0,2,2,4,0,0
1490178829714,2,PrivacyPolicy Service,500,Internal Server Error,Thread Group 1-2,text,false,,1380,0,2,2,2,0,0
1490178829714,2,PrivacyPolicy Service,500,Internal Server Error,Thread Group 1-1,text,false,,1380,0,2,2,2,0,0
1490178829717,3,Contuctus Service,500,Internal Server Error,Thread Group 1-1,text,false,,1380,0,2,2,3,0,0
1490178829717,3,Contuctus Service,500,Internal Server Error,Thread Group 1-2,text,false,,1380,0,2,2,3,0,0
1490178829721,3,News English,500,Internal Server Error,Thread Group 1-2,text,false,,1380,0,2,2,3,0,0
1490178829721,3,News English,500,Internal Server Error,Thread Group 1-1,text,false,,1380,0,2,2,3,0,0
1490178829725,3,News Arabic,500,Internal Server Error,Thread Group 1-1,text,false,,1380,0,2,2,3,0,0
1490178829725,2,News Arabic,500,Internal Server Error,Thread Group 1-2,text,false,,1380,0,2,2,2,0,0
1490178829729,4,Logon API Request,200,OK,Thread Group 1-1,text,true,,437,0,2,2,4,0,0
1490178829730,4,Logon API Request,200,OK,Thread Group 1-2,text,true,,437,0,2,2,4,0,0
1490178829733,3,PrivacyPolicy Service,500,Internal Server Error,Thread Group 1-1,text,false,,1380,0,2,2,3,0,0
1490178829735,2,PrivacyPolicy Service,500,Internal Server Error,Thread Group 1-2,text,false,,1380,0,2,2,2,0,0
1490178829737,2,Contuctus Service,500,Internal Server Error,Thread Group 1-1,text,false,,1380,0,2,2,2,0,0
1490178829738,3,Contuctus Service,500,Internal Server Error,Thread Group 1-2,text,false,,1380,0,2,2,3,0,0
1490178829740,3,News English,500,Internal Server Error,Thread Group 1-1,text,false,,1380,0,2,2,2,0,0
1490178829741,3,News English,500,Internal Server Error,Thread Group 1-2,text,false,,1380,0,2,2,3,0,0
1490178829743,3,News Arabic,500,Internal Server Error,Thread Group 1-1,text,false,,1380,0,2,2,3,0,0
1490178829745,3,News Arabic,500,Internal Server Error,Thread Group 1-2,text,false,,1380,0,2,2,3,0,0
1490178829747,4,Logon API Request,200,OK,Thread Group 1-1,text,true,,437,0,2,2,3,0,0
1490178829749,3,Logon API Request,200,OK,Thread Group 1-2,text,true,,437,0,2,2,3,0,0
1490178829751,3,PrivacyPolicy Service,500,Internal Server Error,Thread Group 1-1,text,false,,1380,0,2,2,3,0,0
1490178829753,3,PrivacyPolicy Service,500,Internal Server Error,Thread Group 1-2,text,false,,1380,0,2,2,3,0,0
1490178829755,3,Contuctus Service,500,Internal Server Error,Thread Group 1-1,text,false,,1380,0,2,2,3,0,0
1490178829757,2,Contuctus Service,500,Internal Server Error,Thread Group 1-2,text,false,,1380,0,2,2,2,0,0
1490178829759,2,News English,500,Internal Server Error,Thread Group 1-1,text,false,,1380,0,2,2,2,0,0
1490178829760,2,News English,500,Internal Server Error,Thread Group 1-2,text,false,,1380,0,2,2,2,0,0
1490178829762,2,News Arabic,500,Internal Server Error,Thread Group 1-1,text,false,,1380,0,2,2,2,0,0
1490178829763,2,News Arabic,500,Internal Server Error,Thread Group 1-2,text,false,,1380,0,2,2,2,0,0
1490178829767,4,Logon API Request,200,OK,Thread Group 1-2,text,true,,437,0,2,2,4,0,0
1490178829766,5,Logon API Request,200,OK,Thread Group 1-1,text,true,,437,0,2,2,5,0,0
1490178829772,7,PrivacyPolicy Service,500,Internal Server Error,Thread Group 1-1,text,false,,1380,0,2,2,7,0,0
1490178829772,7,PrivacyPolicy Service,500,Internal Server Error,Thread Group 1-2,text,false,,1380,0,2,2,7,0,0
1490178829780,2,Contuctus Service,500,Internal Server Error,Thread Group 1-2,text,false,,1380,0,2,2,2,0,0
1490178829780,2,Contuctus Service,500,Internal Server Error,Thread Group 1-1,text,false,,1380,0,2,2,2,0,0
1490178829783,2,News English,500,Internal Server Error,Thread Group 1-1,text,false,,1380,0,2,2,2,0,0
1490178829783,2,News English,500,Internal Server Error,Thread Group 1-2,text,false,,1380,0,2,2,2,0,0
1490178829786,3,News Arabic,500,Internal Server Error,Thread Group 1-2,text,false,,1380,0,2,2,3,0,0
1490178829786,3,News Arabic,500,Internal Server Error,Thread Group 1-1,text,false,,1380,0,2,2,3,0,0
1490178829790,4,Logon API Request,200,OK,Thread Group 1-2,text,true,,437,0,2,2,4,0,0
1490178829790,4,Logon API Request,200,OK,Thread Group 1-1,text,true,,437,0,2,2,4,0,0
1490178829794,3,PrivacyPolicy Service,500,Internal Server Error,Thread Group 1-2,text,false,,1380,0,2,2,3,0,0
1490178829794,3,PrivacyPolicy Service,500,Internal Server Error,Thread Group 1-1,text,false,,1380,0,2,2,3,0,0
1490178829797,3,Contuctus Service,500,Internal Server Error,Thread Group 1-1,text,false,,1380,0,2,2,3,0,0
1490178829797,3,Contuctus Service,500,Internal Server Error,Thread Group 1-2,text,false,,1380,0,2,2,3,0,0
1490178829801,3,News English,500,Internal Server Error,Thread Group 1-1,text,false,,1380,0,2,2,3,0,0
1490178829801,3,News English,500,Internal Server Error,Thread Group 1-2,text,false,,1380,0,2,2,3,0,0
1490178829805,3,News Arabic,500,Internal Server Error,Thread Group 1-2,text,false,,1380,0,2,2,3,0,0
1490178829805,3,News Arabic,500,Internal Server Error,Thread Group 1-1,text,false,,1380,0,2,2,3,0,0
1490178830253,6,Logon API Request,200,OK,Thread Group 1-3,text,true,,437,0,1,1,6,0,0
1490178830259,4,PrivacyPolicy Service,500,Internal Server Error,Thread Group 1-3,text,false,,1380,0,1,1,4,0,0
1490178830264,3,Contuctus Service,500,Internal Server Error,Thread Group 1-3,text,false,,1380,0,1,1,3,0,0
1490178830267,3,News English,500,Internal Server Error,Thread Group 1-3,text,false,,1380,0,1,1,3,0,0
1490178830270,3,News Arabic,500,Internal Server Error,Thread Group 1-3,text,false,,1380,0,1,1,3,0,0
1490178830273,4,Logon API Request,200,OK,Thread Group 1-3,text,true,,437,0,1,1,4,0,0
1490178830277,3,PrivacyPolicy Service,500,Internal Server Error,Thread Group 1-3,text,false,,1380,0,1,1,3,0,0
1490178830280,4,Contuctus Service,500,Internal Server Error,Thread Group 1-3,text,false,,1380,0,1,1,4,0,0
1490178830284,2,News English,500,Internal Server Error,Thread Group 1-3,text,false,,1380,0,1,1,2,0,0
1490178830287,3,News Arabic,500,Internal Server Error,Thread Group 1-3,text,false,,1380,0,1,1,3,0,0
1490178830290,4,Logon API Request,200,OK,Thread Group 1-3,text,true,,437,0,1,1,4,0,0
1490178830294,3,PrivacyPolicy Service,500,Internal Server Error,Thread Group 1-3,text,false,,1380,0,1,1,3,0,0
1490178830297,3,Contuctus Service,500,Internal Server Error,Thread Group 1-3,text,false,,1380,0,1,1,2,0,0
1490178830300,2,News English,500,Internal Server Error,Thread Group 1-3,text,false,,1380,0,1,1,2,0,0
1490178830302,3,News Arabic,500,Internal Server Error,Thread Group 1-3,text,false,,1380,0,1,1,2,0,0
1490178830305,3,Logon API Request,200,OK,Thread Group 1-3,text,true,,437,0,1,1,3,0,0
1490178830309,2,PrivacyPolicy Service,500,Internal Server Error,Thread Group 1-3,text,false,,1380,0,1,1,2,0,0
1490178830311,3,Contuctus Service,500,Internal Server Error,Thread Group 1-3,text,false,,1380,0,1,1,3,0,0
1490178830314,2,News English,500,Internal Server Error,Thread Group 1-3,text,false,,1380,0,1,1,2,0,0
1490178830317,2,News Arabic,500,Internal Server Error,Thread Group 1-3,text,false,,1380,0,1,1,2,0,0
1490178830320,3,Logon API Request,200,OK,Thread Group 1-3,text,true,,437,0,1,1,3,0,0
1490178830324,2,PrivacyPolicy Service,500,Internal Server Error,Thread Group 1-3,text,false,,1380,0,1,1,2,0,0
1490178830326,2,Contuctus Service,500,Internal Server Error,Thread Group 1-3,text,false,,1380,0,1,1,2,0,0
1490178830329,2,News English,500,Internal Server Error,Thread Group 1-3,text,false,,1380,0,1,1,2,0,0
1490178830331,3,News Arabic,500,Internal Server Error,Thread Group 1-3,text,false,,1380,0,1,1,3,0,0
1490178830334,3,Logon API Request,200,OK,Thread Group 1-3,text,true,,437,0,1,1,3,0,0
1490178830338,2,PrivacyPolicy Service,500,Internal Server Error,Thread Group 1-3,text,false,,1380,0,1,1,2,0,0
1490178830340,3,Contuctus Service,500,Internal Server Error,Thread Group 1-3,text,false,,1380,0,1,1,3,0,0
1490178830343,2,News English,500,Internal Server Error,Thread Group 1-3,text,false,,1380,0,1,1,2,0,0
1490178830346,2,News Arabic,500,Internal Server Error,Thread Group 1-3,text,false,,1380,0,1,1,2,0,0
1490178830349,3,Logon API Request,200,OK,Thread Group 1-3,text,true,,437,0,1,1,3,0,0
1490178830353,2,PrivacyPolicy Service,500,Internal Server Error,Thread Group 1-3,text,false,,1380,0,1,1,2,0,0
1490178830356,2,Contuctus Service,500,Internal Server Error,Thread Group 1-3,text,false,,1380,0,1,1,2,0,0
1490178830358,2,News English,500,Internal Server Error,Thread Group 1-3,text,false,,1380,0,1,1,2,0,0
1490178830361,2,News Arabic,500,Internal Server Error,Thread Group 1-3,text,false,,1380,0,1,1,2,0,0
1490178830364,4,Logon API Request,200,OK,Thread Group 1-3,text,true,,437,0,1,1,4,0,0
1490178830368,3,PrivacyPolicy Service,500,Internal Server Error,Thread Group 1-3,text,false,,1380,0,1,1,3,0,0
1490178830371,3,Contuctus Service,500,Internal Server Error,Thread Group 1-3,text,false,,1380,0,1,1,3,0,0
1490178830374,2,News English,500,Internal Server Error,Thread Group 1-3,text,false,,1380,0,1,1,2,0,0
1490178830376,2,News Arabic,500,Internal Server Error,Thread Group 1-3,text,false,,1380,0,1,1,2,0,0
1490178830379,3,Logon API Request,200,OK,Thread Group 1-3,text,true,,437,0,1,1,3,0,0
1490178830382,2,PrivacyPolicy Service,500,Internal Server Error,Thread Group 1-3,text,false,,1380,0,1,1,2,0,0
1490178830385,3,Contuctus Service,500,Internal Server Error,Thread Group 1-3,text,false,,1380,0,1,1,3,0,0
1490178830388,2,News English,500,Internal Server Error,Thread Group 1-3,text,false,,1380,0,1,1,2,0,0
1490178830391,1,News Arabic,500,Internal Server Error,Thread Group 1-3,text,false,,1380,0,1,1,1,0,0
1490178830393,3,Logon API Request,200,OK,Thread Group 1-3,text,true,,437,0,1,1,3,0,0
1490178830396,2,PrivacyPolicy Service,500,Internal Server Error,Thread Group 1-3,text,false,,1380,0,1,1,2,0,0
1490178830399,2,Contuctus Service,500,Internal Server Error,Thread Group 1-3,text,false,,1380,0,1,1,2,0,0
1490178830401,2,News English,500,Internal Server Error,Thread Group 1-3,text,false,,1380,0,1,1,2,0,0
1490178830404,3,News Arabic,500,Internal Server Error,Thread Group 1-3,text,false,,1380,0,1,1,2,0,0
1490178831267,5,Logon API Request,200,OK,Thread Group 1-4,text,true,,437,0,1,1,5,0,0
1490178831272,3,PrivacyPolicy Service,500,Internal Server Error,Thread Group 1-4,text,false,,1380,0,1,1,3,0,0
1490178831276,3,Contuctus Service,500,Internal Server Error,Thread Group 1-4,text,false,,1380,0,1,1,3,0,0
1490178831280,3,News English,500,Internal Server Error,Thread Group 1-4,text,false,,1380,0,1,1,3,0,0
1490178831283,3,News Arabic,500,Internal Server Error,Thread Group 1-4,text,false,,1380,0,1,1,3,0,0
1490178831287,3,Logon API Request,200,OK,Thread Group 1-4,text,true,,437,0,1,1,3,0,0
1490178831291,3,PrivacyPolicy Service,500,Internal Server Error,Thread Group 1-4,text,false,,1380,0,1,1,3,0,0
1490178831294,3,Contuctus Service,500,Internal Server Error,Thread Group 1-4,text,false,,1380,0,1,1,3,0,0
1490178831298,3,News English,500,Internal Server Error,Thread Group 1-4,text,false,,1380,0,1,1,3,0,0
1490178831303,3,News Arabic,500,Internal Server Error,Thread Group 1-4,text,false,,1380,0,1,1,3,0,0
1490178831310,4,Logon API Request,200,OK,Thread Group 1-4,text,true,,437,0,1,1,4,0,0
1490178831314,4,PrivacyPolicy Service,500,Internal Server Error,Thread Group 1-4,text,false,,1380,0,1,1,4,0,0
1490178831318,3,Contuctus Service,500,Internal Server Error,Thread Group 1-4,text,false,,1380,0,1,1,3,0,0
1490178831323,3,News English,500,Internal Server Error,Thread Group 1-4,text,false,,1380,0,1,1,3,0,0
1490178831327,2,News Arabic,500,Internal Server Error,Thread Group 1-4,text,false,,1380,0,1,1,2,0,0
1490178831330,4,Logon API Request,200,OK,Thread Group 1-4,text,true,,437,0,1,1,4,0,0
1490178831334,2,PrivacyPolicy Service,500,Internal Server Error,Thread Group 1-4,text,false,,1380,0,1,1,2,0,0
1490178831337,2,Contuctus Service,500,Internal Server Error,Thread Group 1-4,text,false,,1380,0,1,1,2,0,0
1490178831340,2,News English,500,Internal Server Error,Thread Group 1-4,text,false,,1380,0,1,1,2,0,0
1490178831343,10,News Arabic,500,Internal Server Error,Thread Group 1-4,text,false,,1380,0,1,1,10,0,0
1490178831353,3,Logon API Request,200,OK,Thread Group 1-4,text,true,,437,0,1,1,3,0,0
1490178831357,2,PrivacyPolicy Service,500,Internal Server Error,Thread Group 1-4,text,false,,1380,0,1,1,2,0,0
1490178831359,3,Contuctus Service,500,Internal Server Error,Thread Group 1-4,text,false,,1380,0,1,1,3,0,0
1490178831362,3,News English,500,Internal Server Error,Thread Group 1-4,text,false,,1380,0,1,1,3,0,0
1490178831365,4,News Arabic,500,Internal Server Error,Thread Group 1-4,text,false,,1380,0,1,1,4,0,0
1490178831370,3,Logon API Request,200,OK,Thread Group 1-4,text,true,,437,0,1,1,3,0,0
1490178831374,2,PrivacyPolicy Service,500,Internal Server Error,Thread Group 1-4,text,false,,1380,0,1,1,2,0,0
1490178831377,2,Contuctus Service,500,Internal Server Error,Thread Group 1-4,text,false,,1380,0,1,1,2,0,0
1490178831379,2,News English,500,Internal Server Error,Thread Group 1-4,text,false,,1380,0,1,1,2,0,0
1490178831382,2,News Arabic,500,Internal Server Error,Thread Group 1-4,text,false,,1380,0,1,1,2,0,0
1490178831385,4,Logon API Request,200,OK,Thread Group 1-4,text,true,,437,0,1,1,4,0,0
1490178831389,2,PrivacyPolicy Service,500,Internal Server Error,Thread Group 1-4,text,false,,1380,0,1,1,2,0,0
1490178831392,3,Contuctus Service,500,Internal Server Error,Thread Group 1-4,text,false,,1380,0,1,1,3,0,0
1490178831395,2,News English,500,Internal Server Error,Thread Group 1-4,text,false,,1380,0,1,1,2,0,0
1490178831398,2,News Arabic,500,Internal Server Error,Thread Group 1-4,text,false,,1380,0,1,1,2,0,0
1490178831400,3,Logon API Request,200,OK,Thread Group 1-4,text,true,,437,0,1,1,3,0,0
1490178831404,2,PrivacyPolicy Service,500,Internal Server Error,Thread Group 1-4,text,false,,1380,0,1,1,2,0,0
1490178831407,2,Contuctus Service,500,Internal Server Error,Thread Group 1-4,text,false,,1380,0,1,1,2,0,0
1490178831409,2,News English,500,Internal Server Error,Thread Group 1-4,text,false,,1380,0,1,1,2,0,0
1490178831411,2,News Arabic,500,Internal Server Error,Thread Group 1-4,text,false,,1380,0,1,1,2,0,0
1490178831414,2,Logon API Request,200,OK,Thread Group 1-4,text,true,,437,0,1,1,2,0,0
1490178831417,2,PrivacyPolicy Service,500,Internal Server Error,Thread Group 1-4,text,false,,1380,0,1,1,2,0,0
1490178831419,3,Contuctus Service,500,Internal Server Error,Thread Group 1-4,text,false,,1380,0,1,1,3,0,0
1490178831422,2,News English,500,Internal Server Error,Thread Group 1-4,text,false,,1380,0,1,1,2,0,0
1490178831424,3,News Arabic,500,Internal Server Error,Thread Group 1-4,text,false,,1380,0,1,1,3,0,0
1490178831427,3,Logon API Request,200,OK,Thread Group 1-4,text,true,,437,0,1,1,3,0,0
1490178831430,3,PrivacyPolicy Service,500,Internal Server Error,Thread Group 1-4,text,false,,1380,0,1,1,3,0,0
1490178831433,2,Contuctus Service,500,Internal Server Error,Thread Group 1-4,text,false,,1380,0,1,1,2,0,0
1490178831436,2,News English,500,Internal Server Error,Thread Group 1-4,text,false,,1380,0,1,1,2,0,0
1490178831438,2,News Arabic,500,Internal Server Error,Thread Group 1-4,text,false,,1380,0,1,1,2,0,0
1490178832271,5,Logon API Request,200,OK,Thread Group 1-5,text,true,,437,0,1,1,5,0,0
1490178832277,3,PrivacyPolicy Service,500,Internal Server Error,Thread Group 1-5,text,false,,1380,0,1,1,3,0,0
1490178832280,4,Contuctus Service,500,Internal Server Error,Thread Group 1-5,text,false,,1380,0,1,1,4,0,0
1490178832285,3,News English,500,Internal Server Error,Thread Group 1-5,text,false,,1380,0,1,1,3,0,0
1490178832289,3,News Arabic,500,Internal Server Error,Thread Group 1-5,text,false,,1380,0,1,1,3,0,0
1490178832293,4,Logon API Request,200,OK,Thread Group 1-5,text,true,,437,0,1,1,4,0,0
1490178832298,3,PrivacyPolicy Service,500,Internal Server Error,Thread Group 1-5,text,false,,1380,0,1,1,3,0,0
1490178832302,3,Contuctus Service,500,Internal Server Error,Thread Group 1-5,text,false,,1380,0,1,1,3,0,0
1490178832305,4,News English,500,Internal Server Error,Thread Group 1-5,text,false,,1380,0,1,1,4,0,0
1490178832309,3,News Arabic,500,Internal Server Error,Thread Group 1-5,text,false,,1380,0,1,1,3,0,0
1490178832313,4,Logon API Request,200,OK,Thread Group 1-5,text,true,,437,0,1,1,4,0,0
1490178832318,2,PrivacyPolicy Service,500,Internal Server Error,Thread Group 1-5,text,false,,1380,0,1,1,2,0,0
1490178832321,3,Contuctus Service,500,Internal Server Error,Thread Group 1-5,text,false,,1380,0,1,1,3,0,0
1490178832325,2,News English,500,Internal Server Error,Thread Group 1-5,text,false,,1380,0,1,1,2,0,0
1490178832328,2,News Arabic,500,Internal Server Error,Thread Group 1-5,text,false,,1380,0,1,1,2,0,0
1490178832331,4,Logon API Request,200,OK,Thread Group 1-5,text,true,,437,0,1,1,4,0,0
1490178832336,3,PrivacyPolicy Service,500,Internal Server Error,Thread Group 1-5,text,false,,1380,0,1,1,3,0,0
1490178832339,2,Contuctus Service,500,Internal Server Error,Thread Group 1-5,text,false,,1380,0,1,1,2,0,0
1490178832342,3,News English,500,Internal Server Error,Thread Group 1-5,text,false,,1380,0,1,1,3,0,0
1490178832345,3,News Arabic,500,Internal Server Error,Thread Group 1-5,text,false,,1380,0,1,1,3,0,0
1490178832349,4,Logon API Request,200,OK,Thread Group 1-5,text,true,,437,0,1,1,4,0,0
1490178832353,2,PrivacyPolicy Service,500,Internal Server Error,Thread Group 1-5,text,false,,1380,0,1,1,2,0,0
1490178832356,2,Contuctus Service,500,Internal Server Error,Thread Group 1-5,text,false,,1380,0,1,1,2,0,0
1490178832358,3,News English,500,Internal Server Error,Thread Group 1-5,text,false,,1380,0,1,1,3,0,0
1490178832361,3,News Arabic,500,Internal Server Error,Thread Group 1-5,text,false,,1380,0,1,1,3,0,0
1490178832364,4,Logon API Request,200,OK,Thread Group 1-5,text,true,,437,0,1,1,4,0,0
1490178832368,3,PrivacyPolicy Service,500,Internal Server Error,Thread Group 1-5,text,false,,1380,0,1,1,3,0,0
1490178832372,2,Contuctus Service,500,Internal Server Error,Thread Group 1-5,text,false,,1380,0,1,1,2,0,0
1490178832374,2,News English,500,Internal Server Error,Thread Group 1-5,text,false,,1380,0,1,1,2,0,0
1490178832377,2,News Arabic,500,Internal Server Error,Thread Group 1-5,text,false,,1380,0,1,1,2,0,0
1490178832380,3,Logon API Request,200,OK,Thread Group 1-5,text,true,,437,0,1,1,3,0,0
1490178832383,3,PrivacyPolicy Service,500,Internal Server Error,Thread Group 1-5,text,false,,1380,0,1,1,3,0,0
1490178832386,3,Contuctus Service,500,Internal Server Error,Thread Group 1-5,text,false,,1380,0,1,1,3,0,0
1490178832389,3,News English,500,Internal Server Error,Thread Group 1-5,text,false,,1380,0,1,1,3,0,0
1490178832392,2,News Arabic,500,Internal Server Error,Thread Group 1-5,text,false,,1380,0,1,1,2,0,0
1490178832395,3,Logon API Request,200,OK,Thread Group 1-5,text,true,,437,0,1,1,3,0,0
1490178832399,2,PrivacyPolicy Service,500,Internal Server Error,Thread Group 1-5,text,false,,1380,0,1,1,2,0,0
1490178832402,2,Contuctus Service,500,Internal Server Error,Thread Group 1-5,text,false,,1380,0,1,1,2,0,0
1490178832405,3,News English,500,Internal Server Error,Thread Group 1-5,text,false,,1380,0,1,1,3,0,0
1490178832408,3,News Arabic,500,Internal Server Error,Thread Group 1-5,text,false,,1380,0,1,1,3,0,0
1490178832412,4,Logon API Request,200,OK,Thread Group 1-5,text,t