timeStamp,elapsed,label,responseCode,responseMessage,threadName,dataType,success,failureMessage,bytes,sentBytes,grpThreads,allThreads,Latency,IdleTime,Connect
1489228779174,475,Logon API Request,200,OK,Thread Group 1-1,text,true,,437,277,1,1,475,0,54
1489228779660,8307,PrivacyPolicy Service,200,OK,Thread Group 1-1,text,true,,967,229,1,1,8307,0,13
1489228787970,400,Contuctus Service,200,OK,Thread Group 1-1,text,true,,809,225,1,1,400,0,3
1489228788371,421,News English,200,OK,Thread Group 1-1,text,true,,4085,228,1,1,421,0,0
1489228788793,385,News Arabic,200,OK,Thread Group 1-1,text,true,,2812,228,2,2,385,0,0
1489228789095,390,Logon API Request,200,OK,Thread Group 1-2,text,true,,437,277,2,2,390,0,2
1489228789179,389,Logon API Request,200,OK,Thread Group 1-1,text,true,,437,277,2,2,389,0,2
1489228789488,387,PrivacyPolicy Service,200,OK,Thread Group 1-2,text,true,,967,229,2,2,387,0,3
1489228789568,385,PrivacyPolicy Service,200,OK,Thread Group 1-1,text,true,,967,229,2,2,385,0,0
1489228789877,386,Contuctus Service,200,OK,Thread Group 1-2,text,true,,809,225,2,2,386,0,0
1489228789955,385,Contuctus Service,200,OK,Thread Group 1-1,text,true,,809,225,2,2,385,0,0
1489228790264,385,News English,200,OK,Thread Group 1-2,text,true,,4085,228,2,2,385,0,0
1489228790341,388,News English,200,OK,Thread Group 1-1,text,true,,4085,228,2,2,388,0,2
1489228790650,386,News Arabic,200,OK,Thread Group 1-2,text,true,,2812,228,2,2,386,0,0
1489228790729,387,News Arabic,200,OK,Thread Group 1-1,text,true,,2812,228,2,2,387,0,0
1489228791037,389,Logon API Request,200,OK,Thread Group 1-2,text,true,,437,277,2,2,389,0,0
1489228791117,387,Logon API Request,200,OK,Thread Group 1-1,text,true,,437,277,2,2,387,0,0
1489228791427,386,PrivacyPolicy Service,200,OK,Thread Group 1-2,text,true,,967,229,2,2,386,0,0
1489228791505,384,PrivacyPolicy Service,200,OK,Thread Group 1-1,text,true,,967,229,2,2,384,0,0
1489228791814,386,Contuctus Service,200,OK,Thread Group 1-2,text,true,,809,225,2,2,386,0,2
1489228791890,384,Contuctus Service,200,OK,Thread Group 1-1,text,true,,809,225,2,2,384,0,0
1489228792201,386,News English,200,OK,Thread Group 1-2,text,true,,4085,228,2,2,386,0,0
1489228792275,386,News English,200,OK,Thread Group 1-1,text,true,,4085,228,2,2,386,0,0
1489228792587,386,News Arabic,200,OK,Thread Group 1-2,text,true,,2812,228,2,2,386,0,0
1489228792661,388,News Arabic,200,OK,Thread Group 1-1,text,true,,2812,228,2,2,388,0,3
1489228792974,390,Logon API Request,200,OK,Thread Group 1-2,text,true,,437,277,2,2,390,0,2
1489228793049,390,Logon API Request,200,OK,Thread Group 1-1,text,true,,437,277,2,2,389,0,3
1489228793365,385,PrivacyPolicy Service,200,OK,Thread Group 1-2,text,true,,967,229,2,2,385,0,0
1489228793439,385,PrivacyPolicy Service,200,OK,Thread Group 1-1,text,true,,967,229,2,2,385,0,0
1489228793750,386,Contuctus Service,200,OK,Thread Group 1-2,text,true,,809,225,2,2,386,0,0
1489228793824,385,Contuctus Service,200,OK,Thread Group 1-1,text,true,,809,225,2,2,385,0,0
1489228794136,387,News English,200,OK,Thread Group 1-2,text,true,,4085,228,2,2,387,0,3
1489228794208,386,News English,200,OK,Thread Group 1-1,text,true,,4085,228,2,2,386,0,0
1489228794523,384,News Arabic,200,OK,Thread Group 1-2,text,true,,2812,228,2,2,384,0,0
1489228794594,385,News Arabic,200,OK,Thread Group 1-1,text,true,,2812,228,2,2,385,0,0
1489228794908,388,Logon API Request,200,OK,Thread Group 1-2,text,true,,437,277,2,2,388,0,0
1489228794980,388,Logon API Request,200,OK,Thread Group 1-1,text,true,,437,277,2,2,388,0,0
1489228795296,385,PrivacyPolicy Service,200,OK,Thread Group 1-2,text,true,,967,229,2,2,385,0,0
1489228795369,386,PrivacyPolicy Service,200,OK,Thread Group 1-1,text,true,,967,229,2,2,386,0,2
1489228795682,384,Contuctus Service,200,OK,Thread Group 1-2,text,true,,809,225,2,2,384,0,0
1489228795755,385,Contuctus Service,200,OK,Thread Group 1-1,text,true,,809,225,2,2,385,0,0
1489228796067,386,News English,200,OK,Thread Group 1-2,text,true,,4085,228,2,2,386,0,0
1489228796141,385,News English,200,OK,Thread Group 1-1,text,true,,4085,228,2,2,385,0,0
1489228796453,387,News Arabic,200,OK,Thread Group 1-2,text,true,,2812,228,2,2,387,0,3
1489228796526,385,News Arabic,200,OK,Thread Group 1-1,text,true,,2812,228,2,2,385,0,0
1489228796841,388,Logon API Request,200,OK,Thread Group 1-2,text,true,,437,277,2,2,388,0,2
1489228796912,388,Logon API Request,200,OK,Thread Group 1-1,text,true,,437,277,2,2,388,0,2
1489228797230,384,PrivacyPolicy Service,200,OK,Thread Group 1-2,text,true,,967,229,2,2,384,0,0
1489228797301,385,PrivacyPolicy Service,200,OK,Thread Group 1-1,text,true,,967,229,2,2,385,0,0
1489228797615,386,Contuctus Service,200,OK,Thread Group 1-2,text,true,,809,225,2,2,386,0,0
1489228797686,387,Contuctus Service,200,OK,Thread Group 1-1,text,true,,809,225,2,2,387,0,2
1489228798001,386,News English,200,OK,Thread Group 1-2,text,true,,4085,228,2,2,386,0,0
1489228798074,384,News English,200,OK,Thread Group 1-1,text,true,,4085,228,2,2,384,0,0
1489228798387,385,News Arabic,200,OK,Thread Group 1-2,text,true,,2812,228,2,2,385,0,0
1489228798459,385,News Arabic,200,OK,Thread Group 1-1,text,true,,2812,228,2,2,385,0,0
1489228798773,386,Logon API Request,200,OK,Thread Group 1-2,text,true,,437,277,3,3,386,0,0
1489228798845,387,Logon API Request,200,OK,Thread Group 1-1,text,true,,437,277,3,3,387,0,0
1489228799095,389,Logon API Request,200,OK,Thread Group 1-3,text,true,,437,277,3,3,389,0,2
1489228799160,388,PrivacyPolicy Service,200,OK,Thread Group 1-2,text,true,,967,229,3,3,388,0,3
1489228799232,386,PrivacyPolicy Service,200,OK,Thread Group 1-1,text,true,,967,229,3,3,386,0,0
1489228799485,386,PrivacyPolicy Service,200,OK,Thread Group 1-3,text,true,,967,229,3,3,386,0,2
1489228799549,387,Contuctus Service,200,OK,Thread Group 1-2,text,true,,809,225,3,3,387,0,0
1489228799618,386,Contuctus Service,200,OK,Thread Group 1-1,text,true,,809,225,3,3,386,0,0
1489228799872,385,Contuctus Service,200,OK,Thread Group 1-3,text,true,,809,225,3,3,384,0,0
1489228799937,385,News English,200,OK,Thread Group 1-2,text,true,,4085,228,3,3,385,0,0
1489228800008,388,News English,200,OK,Thread Group 1-1,text,true,,4085,228,3,3,388,0,3
1489228800257,384,News English,200,OK,Thread Group 1-3,text,true,,4085,228,3,3,384,0,0
1489228800323,385,News Arabic,200,OK,Thread Group 1-2,text,true,,2812,228,3,3,385,0,0
1489228800396,385,News Arabic,200,OK,Thread Group 1-1,text,true,,2812,228,3,3,385,0,0
1489228800642,385,News Arabic,200,OK,Thread Group 1-3,text,true,,2812,228,3,3,384,0,0
1489228800709,389,Logon API Request,200,OK,Thread Group 1-2,text,true,,437,277,3,3,389,0,2
1489228800782,389,Logon API Request,200,OK,Thread Group 1-1,text,true,,437,277,3,3,389,0,2
1489228801027,387,Logon API Request,200,OK,Thread Group 1-3,text,true,,437,277,3,3,387,0,0
1489228801098,386,PrivacyPolicy Service,200,OK,Thread Group 1-2,text,true,,967,229,3,3,386,0,0
1489228801172,386,PrivacyPolicy Service,200,OK,Thread Group 1-1,text,true,,967,229,3,3,386,0,0
1489228801414,385,PrivacyPolicy Service,200,OK,Thread Group 1-3,text,true,,967,229,3,3,385,0,0
1489228801484,388,Contuctus Service,200,OK,Thread Group 1-2,text,true,,809,225,3,3,388,0,2
1489228801558,386,Contuctus Service,200,OK,Thread Group 1-1,text,true,,809,225,3,3,386,0,0
1489228801800,387,Contuctus Service,200,OK,Thread Group 1-3,text,true,,809,225,3,3,387,0,3
1489228801873,384,News English,200,OK,Thread Group 1-2,text,true,,4085,228,3,3,384,0,0
1489228801944,385,News English,200,OK,Thread Group 1-1,text,true,,4085,228,3,3,385,0,0
1489228802188,386,News English,200,OK,Thread Group 1-3,text,true,,4085,228,3,3,385,0,0
1489228802258,385,News Arabic,200,OK,Thread Group 1-2,text,true,,2812,228,3,3,385,0,0
1489228802330,387,News Arabic,200,OK,Thread Group 1-1,text,true,,2812,228,3,3,386,0,2
1489228802574,385,News Arabic,200,OK,Thread Group 1-3,text,true,,2812,228,3,3,385,0,0
1489228802643,388,Logon API Request,200,OK,Thread Group 1-2,text,true,,437,277,3,3,388,0,0
1489228802717,387,Logon API Request,200,OK,Thread Group 1-1,text,true,,437,277,3,3,386,0,0
1489228802960,388,Logon API Request,200,OK,Thread Group 1-3,text,true,,437,277,3,3,388,0,2
1489228803032,385,PrivacyPolicy Service,200,OK,Thread Group 1-2,text,true,,967,229,3,3,385,0,0
1489228803104,385,PrivacyPolicy Service,200,OK,Thread Group 1-1,text,true,,967,229,3,3,385,0,0
1489228803349,385,PrivacyPolicy Service,200,OK,Thread Group 1-3,text,true,,967,229,3,3,385,0,0
1489228803418,385,Contuctus Service,200,OK,Thread Group 1-2,text,true,,809,225,3,3,385,0,0
1489228803489,386,Contuctus Service,200,OK,Thread Group 1-1,text,true,,809,225,3,3,386,0,0
1489228803735,384,Contuctus Service,200,OK,Thread Group 1-3,text,true,,809,225,3,3,384,0,0
1489228803803,387,News English,200,OK,Thread Group 1-2,text,true,,4085,228,3,3,387,0,2
1489228803876,385,News English,200,OK,Thread Group 1-1,text,true,,4085,228,3,3,385,0,0
1489228804120,387,News English,200,OK,Thread Group 1-3,text,true,,4085,228,3,3,387,0,3
1489228804191,385,News Arabic,200,OK,Thread Group 1-2,text,true,,2812,228,3,3,385,0,0
1489228804261,386,News Arabic,200,OK,Thread Group 1-1,text,true,,2812,228,3,3,386,0,0
1489228804508,384,News Arabic,200,OK,Thread Group 1-3,text,true,,2812,228,3,3,384,0,0
1489228804577,388,Logon API Request,200,OK,Thread Group 1-2,text,true,,437,277,3,3,388,0,2
1489228804648,388,Logon API Request,200,OK,Thread Group 1-1,text,true,,437,277,3,3,388,0,2
1489228804893,387,Logon API Request,200,OK,Thread Group 1-3,text,true,,437,277,3,3,386,0,0
1489228804966,385,PrivacyPolicy Service,200,OK,Thread Group 1-2,text,true,,967,229,3,3,385,0,0
1489228805037,387,PrivacyPolicy Service,200,OK,Thread Group 1-1,text,true,,967,229,3,3,387,0,2
1489228805280,385,PrivacyPolicy Service,200,OK,Thread Group 1-3,text,true,,967,229,3,3,385,0,0
1489228805351,385,Contuctus Service,200,OK,Thread Group 1-2,text,true,,809,225,3,3,385,0,0
1489228805424,385,Contuctus Service,200,OK,Thread Group 1-1,text,true,,809,225,3,3,385,0,0
1489228805666,384,Contuctus Service,200,OK,Thread Group 1-3,text,true,,809,225,3,3,384,0,0
1489228805736,385,News English,200,OK,Thread Group 1-2,text,true,,4085,228,3,3,385,0,0
1489228805810,384,News English,200,OK,Thread Group 1-1,text,true,,4085,228,3,3,384,0,0
1489228806051,385,News English,200,OK,Thread Group 1-3,text,true,,4085,228,3,3,385,0,0
1489228806122,386,News Arabic,200,OK,Thread Group 1-2,text,true,,2812,228,3,3,386,0,2
1489228806195,384,News Arabic,200,OK,Thread Group 1-1,text,true,,2812,228,3,3,384,0,0
1489228806437,387,News Arabic,200,OK,Thread Group 1-3,text,true,,2812,228,2,2,387,0,2
1489228806509,387,Logon API Request,200,OK,Thread Group 1-2,text,true,,437,277,2,2,387,0,0
1489228806824,389,Logon API Request,200,OK,Thread Group 1-3,text,true,,437,277,2,2,389,0,2
1489228806896,385,PrivacyPolicy Service,200,OK,Thread Group 1-2,text,true,,967,229,2,2,385,0,0
1489228807213,385,PrivacyPolicy Service,200,OK,Thread Group 1-3,text,true,,967,229,2,2,385,0,0
1489228807281,386,Contuctus Service,200,OK,Thread Group 1-2,text,true,,809,225,2,2,386,0,0
1489228807599,385,Contuctus Service,200,OK,Thread Group 1-3,text,true,,809,225,2,2,385,0,0
1489228807667,386,News English,200,OK,Thread Group 1-2,text,true,,4085,228,2,2,386,0,0
1489228807985,385,News English,200,OK,Thread Group 1-3,text,true,,4085,228,2,2,385,0,0
1489228808053,385,News Arabic,200,OK,Thread Group 1-2,text,true,,2812,228,2,2,385,0,0
1489228808370,385,News Arabic,200,OK,Thread Group 1-3,text,true,,2812,228,1,1,385,0,0
1489228808756,387,Logon API Request,200,OK,Thread Group 1-3,text,true,,437,277,2,2,387,0,0
1489228809110,389,Logon API Request,200,OK,Thread Group 1-4,text,true,,437,277,2,2,389,0,2
1489228809143,387,PrivacyPolicy Service,200,OK,Thread Group 1-3,text,true,,967,229,2,2,387,0,2
1489228809501,386,PrivacyPolicy Service,200,OK,Thread Group 1-4,text,true,,967,229,2,2,386,0,2
1489228809532,384,Contuctus Service,200,OK,Thread Group 1-3,text,true,,809,225,2,2,384,0,0
1489228809887,384,Contuctus Service,200,OK,Thread Group 1-4,text,true,,809,225,2,2,384,0,0
1489228809916,385,News English,200,OK,Thread Group 1-3,text,true,,4085,228,2,2,385,0,0
1489228810272,385,News English,200,OK,Thread Group 1-4,text,true,,4085,228,2,2,385,0,0
1489228810302,385,News Arabic,200,OK,Thread Group 1-3,text,true,,2812,228,2,2,385,0,0
1489228810657,385,News Arabic,200,OK,Thread Group 1-4,text,true,,2812,228,2,2,385,0,0
1489228810687,388,Logon API Request,200,OK,Thread Group 1-3,text,true,,437,277,2,2,388,0,2
1489228811042,387,Logon API Request,200,OK,Thread Group 1-4,text,true,,437,277,2,2,387,0,0
1489228811075,385,PrivacyPolicy Service,200,OK,Thread Group 1-3,text,true,,967,229,2,2,385,0,0
1489228811429,384,PrivacyPolicy Service,200,OK,Thread Group 1-4,text,true,,967,229,2,2,384,0,0
1489228811460,387,Contuctus Service,200,OK,Thread Group 1-3,text,true,,809,225,2,2,387,0,3
1489228811814,386,Contuctus Service,200,OK,Thread Group 1-4,text,true,,809,225,2,2,386,0,1
1489228811848,385,News English,200,OK,Thread Group 1-3,text,true,,4085,228,2,2,385,0,0
1489228812200,385,News English,200,OK,Thread Group 1-4,text,true,,4085,228,2,2,385,0,0
1489228812233,385,News Arabic,200,OK,Thread Group 1-3,text,true,,2812,228,2,2,385,0,0
1489228812585,384,News Arabic,200,OK,Thread Group 1-4,text,true,,2812,228,2,2,384,0,0
1489228812618,386,Logon API Request,200,OK,Thread Group 1-3,text,true,,437,277,2,2,386,0,0
1489228812970,387,Logon API Request,200,OK,Thread Group 1-4,text,true,,437,277,2,2,387,0,2
1489228813005,384,PrivacyPolicy Service,200,OK,Thread Group 1-3,text,true,,967,229,2,2,384,0,0
1489228813358,385,PrivacyPolicy Service,200,OK,Thread Group 1-4,text,true,,967,229,2,2,385,0,0
1489228813390,384,Contuctus Service,200,OK,Thread Group 1-3,text,true,,809,225,2,2,384,0,0
1489228813743,384,Contuctus Service,200,OK,Thread Group 1-4,text,true,,809,225,2,2,384,0,0
1489228813774,388,News English,200,OK,Thread Group 1-3,text,true,,4085,228,2,2,388,0,3
1489228814127,386,News English,200,OK,Thread Group 1-4,text,true,,4085,228,2,2,386,0,2
1489228814162,384,News Arabic,200,OK,Thread Group 1-3,text,true,,2812,228,2,2,384,0,0
1489228814512,384,News Arabic,200,OK,Thread Group 1-4,text,true,,2812,228,2,2,384,0,0
1489228814546,388,Logon API Request,200,OK,Thread Group 1-3,text,true,,437,277,2,2,388,0,2
1489228814897,386,Logon API Request,200,OK,Thread Group 1-4,text,true,,437,277,2,2,386,0,0
1489228814935,385,PrivacyPolicy Service,200,OK,Thread Group 1-3,text,true,,967,229,2,2,385,0,0
1489228815283,384,PrivacyPolicy Service,200,OK,Thread Group 1-4,text,true,,967,229,2,2,384,0,0
1489228815320,384,Contuctus Service,200,OK,Thread Group 1-3,text,true,,809,225,2,2,384,0,0
1489228815667,385,Contuctus Service,200,OK,Thread Group 1-4,text,true,,809,225,2,2,385,0,0
1489228815704,384,News English,200,OK,Thread Group 1-3,text,true,,4085,228,2,2,384,0,0
1489228816052,385,News English,200,OK,Thread Group 1-4,text,true,,4085,228,2,2,385,0,0
1489228816089,386,News Arabic,200,OK,Thread Group 1-3,text,true,,2812,228,2,2,385,0,1
1489228816438,386,News Arabic,200,OK,Thread Group 1-4,text,true,,2812,228,2,2,386,0,1
1489228816475,387,Logon API Request,200,OK,Thread Group 1-3,text,true,,437,277,2,2,387,0,0
1489228816825,387,Logon API Request,200,OK,Thread Group 1-4,text,true,,437,277,2,2,387,0,1
1489228816863,384,PrivacyPolicy Service,200,OK,Thread Group 1-3,text,true,,967,229,2,2,384,0,0
1489228817213,384,PrivacyPolicy Service,200,OK,Thread Group 1-4,text,true,,967,229,2,2,384,0,0
1489228817247,385,Contuctus Service,200,OK,Thread Group 1-3,text,true,,809,225,2,2,385,0,0
1489228817597,384,Contuctus Service,200,OK,Thread Group 1-4,text,true,,809,225,2,2,384,0,0
1489228817633,385,News English,200,OK,Thread Group 1-3,text,true,,4085,228,2,2,385,0,0
1489228817982,385,News English,200,OK,Thread Group 1-4,text,true,,4085,228,2,2,385,0,0
1489228818018,385,News Arabic,200,OK,Thread Group 1-3,text,true,,2812,228,2,2,385,0,0
1489228818368,385,News Arabic,200,OK,Thread Group 1-4,text,true,,2812,228,1,1,385,0,0
1489228818754,387,Logon API Request,200,OK,Thread Group 1-4,text,true,,437,277,2,2,387,0,0
1489228819094,389,Logon API Request,200,OK,Thread Group 1-5,text,true,,437,277,2,2,389,0,2
1489228819142,386,PrivacyPolicy Service,200,OK,Thread Group 1-4,text,true,,967,229,2,2,386,0,2
1489228819483,388,PrivacyPolicy Service,200,OK,Thread Group 1-5,text,true,,967,229,2,2,388,0,3
1489228819529,385,Contuctus Service,200,OK,Thread Group 1-4,text,true,,809,225,2,2,385,0,0
1489228819871,386,Contuctus Service,200,OK,Thread Group 1-5,text,true,,809,225,2,2,386,0,0
1489228819914,385,News English,200,OK,Thread Group 1-4,text,true,,4085,228,2,2,385,0,0
1489228820258,384,News English,200,OK,Thread Group 1-5,text,true,,4085,228,2,2,384,0,0
1489228820300,384,News Arabic,200,OK,Thread Group 1-4,text,true,,2812,228,2,2,384,0,0
1489228820643,385,News Arabic,200,OK,Thread Group 1-5,text,true,,2812,228,2,2,385,0,0
1489228820685,389,Logon API Request,200,OK,Thread Group 1-4,text,true,,437,277,2,2,389,0,2
1489228821028,388,Logon API Request,200,OK,Thread Group 1-5,text,true,,437,277,2,2,387,0,0
1489228821074,385,PrivacyPolicy Service,200,OK,Thread Group 1-4,text,true,,967,229,2,2,385,0,0
1489228821416,385,PrivacyPolicy Service,200,OK,Thread Group 1-5,text,true,,967,229,2,2,385,0,0
1489228821460,387,Contuctus Service,200,OK,Thread Group 1-4,text,true,,809,225,2,2,387,0,2
1489228821802,387,Contuctus Service,200,OK,Thread Group 1-5,text,true,,809,225,2,2,387,0,2
1489228821847,385,News English,200,OK,Thread Group 1-4,text,true,,4085,228,2,2,385,0,0
1489228822190,385,News English,200,OK,Thread Group 1-5,text,true,,4085,228,2,2,385,0,0
1489228822233,386,News Arabic,200,OK,Thread Group 1-4,text,true,,2812,228,2,2,386,0,0
1489228822576,384,News Arabic,200,OK,Thread Group 1-5,text,true,,2812,228,2,2,384,0,0
1489228822619,388,Logon API Request,200,OK,Thread Group 1-4,text,true,,437,277,2,2,388,0,0
1489228822961,389,Logon API Request,200,OK,Thread Group 1-5,text,true,,437,277,2,2,389,0,2
1489228823007,385,PrivacyPolicy Service,200,OK,Thread Group 1-4,text,true,,967,229,2,2,385,0,0
1489228823350,384,PrivacyPolicy Service,200,OK,Thread Group 1-5,text,true,,967,229,2,2,384,0,0
1489228823392,386,Contuctus Service,200,OK,Thread Group 1-4,text,true,,809,225,2,2,385,0,0
1489228823735,385,Contuctus Service,200,OK,Thread Group 1-5,text,true,,809,225,2,2,384,0,0
1489228823778,387,News English,200,OK,Thread Group 1-4,text,true,,4085,228,2,2,387,0,2
1489228824120,386,News English,200,OK,Thread Group 1-5,text,true,,4085,228,2,2,386,0,2
1489228824165,386,News Arabic,200,OK,Thread Group 1-4,text,true,,2812,228,2,2,385,0,0
1489228824507,384,News Arabic,200,OK,Thread Group 1-5,text,true,,2812,228,2,2,384,0,0
1489228824551,389,Logon API Request,200,OK,Thread Group 1-4,text,true,,437,277,2,2,389,0,2
1489228824892,386,Logon API Request,200,OK,Thread Group 1-5,text,true,,437,277,2,2,386,0,0
1489228824941,384,PrivacyPolicy Service,200,OK,Thread Group 1-4,text,true,,967,229,2,2,384,0,0
1489228825279,385,PrivacyPolicy Service,200,OK,Thread Group 1-5,text,true,,967,229,2,2,385,0,0
1489228825326,384,Contuctus Service,200,OK,Thread Group 1-4,text,true,,809,225,2,2,384,0,0
1489228825665,385,Contuctus Service,200,OK,Thread Group 1-5,text,true,,809,225,2,2,385,0,0
1489228825711,384,News English,200,OK,Thread Group 1-4,text,true,,4085,228,2,2,384,0,0
1489228826050,385,News English,200,OK,Thread Group 1-5,text,true,,4085,228,2,2,385,0,0
1489228826096,387,News Arabic,200,OK,Thread Group 1-4,text,true,,2812,228,2,2,387,0,2
1489228826436,387,News Arabic,200,OK,Thread Group 1-5,text,true,,2812,228,2,2,387,0,2
1489228826483,388,Logon API Request,200,OK,Thread Group 1-4,text,true,,437,277,2,2,388,0,0
1489228826823,389,Logon API Request,200,OK,Thread Group 1-5,text,true,,437,277,2,2,389,0,2
1489228826871,385,PrivacyPolicy Service,200,OK,Thread Group 1-4,text,true,,967,229,2,2,385,0,0
1489228827212,386,PrivacyPolicy Service,200,OK,Thread Group 1-5,text,true,,967,229,2,2,386,0,0
1489228827256,385,Contuctus Service,200,OK,Thread Group 1-4,text,true,,809,225,2,2,385,0,0
1489228827598,385,Contuctus Service,200,OK,Thread Group 1-5,text,true,,809,225,2,2,385,0,0
1489228827642,385,News English,200,OK,Thread Group 1-4,text,true,,4085,228,2,2,385,0,0
1489228827984,385,News English,200,OK,Thread Group 1-5,text,true,,4085,228,2,2,385,0,0
1489228828027,385,News Arabic,200,OK,Thread Group 1-4,text,true,,2812,228,2,2,385,0,0
1489228828369,385,News Arabic,200,OK,Thread Group 1-5,text,true,,2812,228,1,1,385,0,0
1489228828754,387,Logon API Request,200,OK,Thread Group 1-5,text,true,,437,277,2,2,387,0,0
1489228829111,390,Logon API Request,200,OK,Thread Group 1-6,text,true,,437,277,2,2,390,0,3
1489228829142,386,PrivacyPolicy Service,200,OK,Thread Group 1-5,text,true,,967,229,2,2,386,0,2
1489228829502,388,PrivacyPolicy Service,200,OK,Thread Group 1-6,text,true,,967,229,2,2,388,0,2
1489228829529,385,Contuctus Service,200,OK,Thread Group 1-5,text,true,,809,225,2,2,385,0,0
1489228829891,384,Contuctus Service,200,OK,Thread Group 1-6,text,true,,809,225,2,2,384,0,0
1489228829915,384,News English,200,OK,Thread Group 1-5,text,true,,4085,228,2,2,384,0,0
1489228830280,386,News English,200,OK,Thread Group 1-6,text,true,,4085,228,2,2,385,0,0
1489228830300,384,News Arabic,200,OK,Thread Group 1-5,text,true,,2812,228,2,2,384,0,0
1489228830666,385,News Arabic,200,OK,Thread Group 1-6,text,true,,2812,228,2,2,385,0,0
1489228830685,388,Logon API Request,200,OK,Thread Group 1-5,text,true,,437,277,2,2,388,0,2
1489228831051,389,Logon API Request,200,OK,Thread Group 1-6,text,true,,437,277,2,2,389,0,0
1489228831074,385,PrivacyPolicy Service,200,OK,Thread Group 1-5,text,true,,967,229,2,2,385,0,0
1489228831440,386,PrivacyPolicy Service,200,OK,Thread Group 1-6,text,true,,967,229,2,2,386,0,0
1489228831460,386,Contuctus Service,200,OK,Thread Group 1-5,text,true,,809,225,2,2,386,0,2
1489228831826,388,Contuctus Service,200,OK,Thread Group 1-6,text,true,,809,225,2,2,388,0,3
1489228831846,386,News English,200,OK,Thread Group 1-5,text,true,,4085,228,2,2,386,0,0
1489228832214,385,News English,200,OK,Thread Group 1-6,text,true,,4085,228,2,2,385,0,0
1489228832232,385,News Arabic,200,OK,Thread Group 1-5,text,true,,2812,228,2,2,385,0,0
1489228832599,386,News Arabic,200,OK,Thread Group 1-6,text,true,,2812,228,2,2,386,0,0
1489228832617,387,Logon API Request,200,OK,Thread Group 1-5,text,true,,437,277,2,2,387,0,0
1489228832986,388,Logon API Request,200,OK,Thread Group 1-6,text,true,,437,277,2,2,388,0,2
1489228833004,385,PrivacyPolicy Service,200,OK,Thread Group 1-5,text,true,,967,229,2,2,385,0,0
1489228833374,385,PrivacyPolicy Service,200,OK,Thread Group 1-6,text,true,,967,229,2,2,385,0,0
1489228833389,386,Contuctus Service,200,OK,Thread Group 1-5,text,true,,809,225,2,2,386,0,0
1489228833759,385,Contuctus Service,200,OK,Thread Group 1-6,text,true,,809,225,2,2,385,0,0
1489228833775,387,News English,200,OK,Thread Group 1-5,text,true,,4085,228,2,2,387,0,3
1489228834145,386,News English,200,OK,Thread Group 1-6,text,true,,4085,228,2,2,386,0,2
1489228834163,385,News Arabic,200,OK,Thread Group 1-5,text,true,,2812,228,2,2,385,0,0
1489228834531,385,News Arabic,200,OK,Thread Group 1-6,text,true,,2812,228,2,2,385,0,0
1489228834548,389,Logon API Request,200,OK,Thread Group 1-5,text,true,,437,277,2,2,389,0,2
1489228834917,387,Logon API Request,200,OK,Thread Group 1-6,text,true,,437,277,2,2,386,0,0
1489228834938,384,PrivacyPolicy Service,200,OK,Thread Group 1-5,text,true,,967,229,2,2,384,0,0
1489228835304,384,PrivacyPolicy Service,200,OK,Thread Group 1-6,text,true,,967,229,2,2,384,0,0
1489228835322,385,Contuctus Service,200,OK,Thread Group 1-5,text,true,,809,225,2,2,385,0,0
1489228835689,385,Contuctus Service,200,OK,Thread Group 1-6,text,true,,809,225,2,2,385,0,0
1489228835708,385,News English,200,OK,Thread Group 1-5,text,true,,4085,228,2,2,385,0,0
1489228836074,385,News English,200,OK,Thread Group 1-6,text,true,,4085,228,2,2,385,0,0
1489228836093,387,News Arabic,200,OK,Thread Group 1-5,text,true,,2812,228,2,2,387,0,3
1489228836459,388,News Arabic,200,OK,Thread Group 1-6,text,true,,2812,228,2,2,388,0,3
1489228836481,387,Logon API Request,200,OK,Thread Group 1-5,text,true,,437,277,2,2,387,0,0
1489228836847,389,Logon API Request,200,OK,Thread Group 1-6,text,true,,437,277,2,2,389,0,2
1489228836868,385,PrivacyPolicy Service,200,OK,Thread Group 1-5,text,true,,967,229,2,2,385,0,0
1489228837237,384,PrivacyPolicy Service,200,OK,Thread Group 1-6,text,true,,967,229,2,2,384,0,0
1489228837254,384,Contuctus Service,200,OK,Thread Group 1-5,text,true,,809,225,2,2,384,0,0
1489228837622,385,Contuctus Service,200,OK,Thread Group 1-6,text,true,,809,225,2,2,385,0,0
1489228837639,385,News English,200,OK,Thread Group 1-5,text,true,,4085,228,2,2,385,0,0
1489228838007,386,News English,200,OK,Thread Group 1-6,text,true,,4085,228,2,2,386,0,0
1489228838025,384,News Arabic,200,OK,Thread Group 1-5,text,true,,2812,228,2,2,384,0,0
1489228838393,385,News Arabic,200,OK,Thread Group 1-6,text,true,,2812,228,1,1,385,0,0
1489228838779,386,Logon API Request,200,OK,Thread Group 1-6,text,true,,437,277,2,2,386,0,0
1489228839110,388,Logon API Request,200,OK,Thread Group 1-7,text,true,,437,277,2,2,388,0,2
1489228839166,387,PrivacyPolicy Service,200,OK,Thread Group 1-6,text,true,,967,229,2,2,386,0,2
1489228839500,387,PrivacyPolicy Service,200,OK,Thread Group 1-7,text,true,,967,229,2,2,387,0,2
1489228839554,385,Contuctus Service,200,OK,Thread Group 1-6,text,true,,809,225,2,2,385,0,0
1489228839888,385,Contuctus Service,200,OK,Thread Group 1-7,text,true,,809,225,2,2,385,0,0
1489228839939,385,News English,200,OK,Thread Group 1-6,text,true,,4085,228,2,2,385,0,0
1489228840273,385,News English,200,OK,Thread Group 1-7,text,true,,4085,228,2,2,385,0,0
1489228840324,384,News Arabic,200,OK,Thread Group 1-6,text,true,,2812,228,2,2,384,0,0
1489228840659,385,News Arabic,200,OK,Thread Group 1-7,text,true,,2812,228,2,2,385,0,0
1489228840709,388,Logon API Request,200,OK,Thread Group 1-6,text,true,,437,277,2,2,388,0,2
1489228841045,387,Logon API Request,200,OK,Thread Group 1-7,text,true,,437,277,2,2,387,0,0
1489228841098,385,PrivacyPolicy Service,200,OK,Thread Group 1-6,text,true,,967,229,2,2,385,0,0
1489228841432,385,PrivacyPolicy Service,200,OK,Thread Group 1-7,text,true,,967,229,2,2,385,0,0
1489228841483,387,Contuctus Service,200,OK,Thread Group 1-6,text,true,,809,225,2,2,387,0,3
1489228841817,387,Contuctus Service,200,OK,Thread Group 1-7,text,true,,809,225,2,2,387,0,3
1489228841870,385,News English,200,OK,Thread Group 1-6,text,true,,4085,228,2,2,385,0,0
1489228842205,384,News English,200,OK,Thread Group 1-7,text,true,,4085,228,2,2,384,0,0
1489228842256,384,News Arabic,200,OK,Thread Group 1-6,text,true,,2812,228,2,2,384,0,0
1489228842590,385,News Arabic,200,OK,Thread Group 1-7,text,true,,2812,228,2,2,385,0,0
1489228842641,387,Logon API Request,200,OK,Thread Group 1-6,text,true,,437,277,2,2,387,0,0
1489228842976,388,Logon API Request,200,OK,Thread Group 1-7,text,true,,437,277,2,2,388,0,2
1489228843028,385,PrivacyPolicy Service,200,OK,Thread Group 1-6,text,true,,967,229,2,2,385,0,0
1489228843365,385,PrivacyPolicy Service,200,OK,Thread Group 1-7,text,true,,967,229,2,2,385,0,0
1489228843413,385,Contuctus Service,200,OK,Thread Group 1-6,text,true,,809,225,2,2,385,0,0
1489228843750,386,Contuctus Service,200,OK,Thread Group 1-7,text,true,,809,225,2,2,386,0,0
1489228843799,387,News English,200,OK,Thread Group 1-6,text,true,,4085,228,2,2,387,0,2
1489228844136,387,News English,200,OK,Thread Group 1-7,text,true,,4085,228,2,2,387,0,3
1489228844186,386,News Arabic,200,OK,Thread Group 1-6,text,true,,2812,228,2,2,386,0,0
1489228844524,385,News Arabic,200,OK,Thread Group 1-7,text,true,,2812,228,2,2,385,0,0
1489228844572,389,Logon API Request,200,OK,Thread Group 1-6,text,true,,437,277,2,2,389,0,3
1489228844910,388,Logon API Request,200,OK,Thread Group 1-7,text,true,,437,277,2,2,388,0,0
1489228844961,578,PrivacyPolicy Service,200,OK,Thread Group 1-6,text,true,,967,229,2,2,578,0,0
1489228845299,385,PrivacyPolicy Service,200,OK,Thread Group 1-7,text,true,,967,229,2,2,385,0,0
1489228845540,384,Contuctus Service,200,OK,Thread Group 1-6,text,true,,809,225,2,2,384,0,0
1489228845685,384,Contuctus Service,200,OK,Thread Group 1-7,text,true,,809,225,2,2,384,0,0
1489228845925,498,News English,200,OK,Thread Group 1-6,text,true,,4085,228,2,2,498,0,2
1489228846070,385,News English,200,OK,Thread Group 1-7,text,true,,4085,228,2,2,385,0,0
1489228846424,386,News Arabic,200,OK,Thread Group 1-6,text,true,,2812,228,2,2,386,0,0
1489228846456,387,News Arabic,200,OK,Thread Group 1-7,text,true,,2812,228,2,2,387,0,2
1489228846810,389,Logon API Request,200,OK,Thread Group 1-6,text,true,,437,277,2,2,389,0,2
1489228846843,390,Logon API Request,200,OK,Thread Group 1-7,text,true,,437,277,2,2,390,0,3
1489228847233,399,PrivacyPolicy Service,200,OK,Thread Group 1-7,text,true,,967,229,2,2,399,0,0
1489228847199,435,PrivacyPolicy Service,200,OK,Thread Group 1-6,text,true,,967,229,2,2,435,0,0
1489228847633,376,Contuctus Service,200,OK,Thread Group 1-7,text,true,,809,225,2,2,376,0,0
1489228847635,384,Contuctus Service,200,OK,Thread Group 1-6,text,true,,809,225,2,2,384,0,0
1489228848009,487,News English,200,OK,Thread Group 1-7,text,true,,4085,228,2,2,487,0,0
1489228848019,478,News English,200,OK,Thread Group 1-6,text,true,,4085,228,2,2,478,0,3
1489228848497,384,News Arabic,200,OK,Thread Group 1-6,text,true,,2812,228,2,2,384,0,0
1489228848497,386,News Arabic,200,OK,Thread Group 1-7,text,true,,2812,228,1,1,386,0,2
1489228848883,388,Logon API Request,200,OK,Thread Group 1-7,text,true,,437,277,2,2,388,0,2
1489228849110,389,Logon API Request,200,OK,Thread Group 1-8,text,true,,437,277,2,2,389,0,2
1489228849272,430,PrivacyPolicy Service,200,OK,Thread Group 1-7,text,true,,967,229,2,2,430,0,0
1489228849499,387,PrivacyPolicy Service,200,OK,Thread Group 1-8,text,true,,967,229,2,2,387,0,2
1489228849702,385,Contuctus Service,200,OK,Thread Group 1-7,text,true,,809,225,2,2,385,0,0
1489228849886,458,Contuctus Service,200,OK,Thread Group 1-8,text,true,,809,225,2,2,458,0,0
1489228850087,385,News English,200,OK,Thread Group 1-7,text,true,,4085,228,2,2,385,0,0
1489228850345,385,News English,200,OK,Thread Group 1-8,text,true,,4085,228,2,2,385,0,0
1489228850472,386,News Arabic,200,OK,Thread Group 1-7,text,true,,2812,228,2,2,386,0,0
1489228850731,385,News Arabic,200,OK,Thread Group 1-8,text,true,,2812,228,2,2,385,0,0
1489228850858,388,Logon API Request,200,OK,Thread Group 1-7,text,true,,437,277,2,2,388,0,0
1489228851116,390,Logon API Request,200,OK,Thread Group 1-8,text,true,,437,277,2,2,390,0,2
1489228851246,387,PrivacyPolicy Service,200,OK,Thread Group 1-7,text,true,,967,229,2,2,387,0,2
1489228851506,387,PrivacyPolicy Service,200,OK,Thread Group 1-8,text,true,,967,229,2,2,387,0,3
1489228851634,385,Contuctus Service,200,OK,Thread Group 1-7,text,true,,809,225,2,2,385,0,0
1489228851894,385,Contuctus Service,200,OK,Thread Group 1-8,text,true,,809,225,2,2,385,0,0
1489228852019,386,News English,200,OK,Thread Group 1-7,text,true,,4085,228,2,2,386,0,0
1489228852280,385,News English,200,OK,Thread Group 1-8,text,true,,4085,228,2,2,385,0,0
1489228852405,386,News Arabic,200,OK,Thread Group 1-7,text,true,,2812,228,2,2,386,0,0
1489228852666,384,News Arabic,200,OK,Thread Group 1-8,text,true,,2812,228,2,2,384,0,0
1489228852791,389,Logon API Request,200,OK,Thread Group 1-7,text,true,,437,277,2,2,389,0,2
1489228853051,386,Logon API Request,200,OK,Thread Group 1-8,text,true,,437,277,2,2,386,0,0
1489228853180,385,PrivacyPolicy Service,200,OK,Thread Group 1-7,text,true,,967,229,2,2,385,0,0
1489228853438,386,PrivacyPolicy Service,200,OK,Thread Group 1-8,text,true,,967,229,2,2,386,0,0
1489228853565,388,Contuctus Service,200,OK,Thread Group 1-7,text,true,,809,225,2,2,388,0,2
1489228853824,387,Contuctus Service,200,OK,Thread Group 1-8,text,true,,809,225,2,2,387,0,2
1489228853953,385,News English,200,OK,Thread Group 1-7,text,true,,4085,228,2,2,385,0,0
1489228854211,385,News English,200,OK,Thread Group 1-8,text,true,,4085,228,2,2,385,0,0
1489228854338,385,News Arabic,200,OK,Thread Group 1-7,text,true,,2812,228,2,2,385,0,0
1489228854596,385,News Arabic,200,OK,Thread Group 1-8,text,true,,2812,228,2,2,385,0,0
1489228854724,388,Logon API Request,200,OK,Thread Group 1-7,text,true,,437,277,2,2,388,0,0
1489228854982,389,Logon API Request,200,OK,Thread Group 1-8,text,true,,437,277,2,2,389,0,2
1489228855112,385,PrivacyPolicy Service,200,OK,Thread Group 1-7,text,true,,967,229,2,2,385,0,0
1489228855371,386,PrivacyPolicy Service,200,OK,Thread Group 1-8,text,true,,967,229,2,2,386,0,0
1489228855498,385,Contuctus Service,200,OK,Thread Group 1-7,text,true,,809,225,2,2,385,0,0
1489228855757,385,Contuctus Service,200,OK,Thread Group 1-8,text,true,,809,225,2,2,385,0,0
1489228855884,387,News English,200,OK,Thread Group 1-7,text,true,,4085,228,2,2,387,0,2
1489228856142,387,News English,200,OK,Thread Group 1-8,text,true,,4085,228,2,2,387,0,2
1489228856272,386,News Arabic,200,OK,Thread Group 1-7,text,true,,2812,228,2,2,386,0,0
1489228856530,384,News Arabic,200,OK,Thread Group 1-8,text,true,,2812,228,2,2,384,0,0
1489228856658,389,Logon API Request,200,OK,Thread Group 1-7,text,true,,437,277,2,2,389,0,2
1489228856915,386,Logon API Request,200,OK,Thread Group 1-8,text,true,,437,277,2,2,386,0,0
1489228857047,385,PrivacyPolicy Service,200,OK,Thread Group 1-7,text,true,,967,229,2,2,385,0,0
1489228857302,384,PrivacyPolicy Service,200,OK,Thread Group 1-8,text,true,,967,229,2,2,384,0,0
1489228857433,384,Contuctus Service,200,OK,Thread Group 1-7,text,true,,809,225,2,2,384,0,0
1489228857687,385,Contuctus Service,200,OK,Thread Group 1-8,text,true,,809,225,2,2,385,0,0
1489228857818,385,News English,200,OK,Thread Group 1-7,text,true,,4085,228,2,2,385,0,0
1489228858073,385,News English,200,OK,Thread Group 1-8,text,true,,4085,228,2,2,385,0,0
1489228858203,387,News Arabic,200,OK,Thread Group 1-7,text,true,,2812,228,2,2,387,0,2
1489228858459,386,News Arabic,200,OK,Thread Group 1-8,text,true,,2812,228,1,1,386,0,2
1489228858846,388,Logon API Request,200,OK,Thread Group 1-8,text,true,,437,277,2,2,388,0,2
1489228859111,389,Logon API Request,200,OK,Thread Group 1-9,text,true,,437,277,2,2,388,0,2
1489228859235,385,PrivacyPolicy Service,200,OK,Thread Group 1-8,text,true,,967,229,2,2,384,0,0
1489228859500,387,PrivacyPolicy Service,200,OK,Thread Group 1-9,text,true,,967,229,2,2,387,0,2
1489228859620,386,Contuctus Service,200,OK,Thread Group 1-8,text,true,,809,225,2,2,386,0,0
1489228859887,385,Contuctus Service,200,OK,Thread Group 1-9,text,true,,809,225,2,2,385,0,0
1489228860010,385,News English,200,OK,Thread Group 1-8,text,true,,4085,228,2,2,385,0,0
1489228860273,384,News English,200,OK,Thread Group 1-9,text,true,,4085,228,2,2,384,0,0
1489228860395,386,News Arabic,200,OK,Thread Group 1-8,text,true,,2812,228,2,2,386,0,0
1489228860658,385,News Arabic,200,OK,Thread Group 1-9,text,true,,2812,228,2,2,385,0,0
1489228860781,388,Logon API Request,200,OK,Thread Group 1-8,text,true,,437,277,2,2,388,0,0
1489228861044,386,Logon API Request,200,OK,Thread Group 1-9,text,true,,437,277,2,2,386,0,0
1489228861170,386,PrivacyPolicy Service,200,OK,Thread Group 1-8,text,true,,967,229,2,2,386,0,2
1489228861431,384,PrivacyPolicy Service,200,OK,Thread Group 1-9,text,true,,967,229,2,2,384,0,0
1489228861556,386,Contuctus Service,200,OK,Thread Group 1-8,text,true,,809,225,2,2,386,0,0
1489228861816,387,Contuctus Service,200,OK,Thread Group 1-9,text,true,,809,225,2,2,387,0,2
1489228861942,385,News English,200,OK,Thread Group 1-8,text,true,,4085,228,2,2,385,0,0
1489228862203,385,News English,200,OK,Thread Group 1-9,text,true,,4085,228,2,2,385,0,0
1489228862328,385,News Arabic,200,OK,Thread Group 1-8,text,true,,2812,228,2,2,384,0,0
1489228862589,385,News Arabic,200,OK,Thread Group 1-9,text,true,,2812,228,2,2,384,0,0
1489228862713,389,Logon API Request,200,OK,Thread Group 1-8,text,true,,437,277,2,2,389,0,2
1489228862974,390,Logon API Request,200,OK,Thread Group 1-9,text,true,,437,277,2,2,390,0,2
1489228863102,385,PrivacyPolicy Service,200,OK,Thread Group 1-8,text,true,,967,229,2,2,385,0,0
1489228863364,386,PrivacyPolicy Service,200,OK,Thread Group 1-9,text,true,,967,229,2,2,386,0,0
1489228863487,387,Contuctus Service,200,OK,Thread Group 1-8,text,true,,809,225,2,2,387,0,3
1489228863750,385,Contuctus Service,200,OK,Thread Group 1-9,text,true,,809,225,2,2,385,0,0
1489228863874,385,News English,200,OK,Thread Group 1-8,text,true,,4085,228,2,2,385,0,0
1489228864136,387,News English,200,OK,Thread Group 1-9,text,true,,4085,228,2,2,387,0,2
1489228864259,385,News Arabic,200,OK,Thread Group 1-8,text,true,,2812,228,2,2,385,0,0
1489228864523,385,News Arabic,200,OK,Thread Group 1-9,text,true,,2812,228,2,2,385,0,0
1489228864645,387,Logon API Request,200,OK,Thread Group 1-8,text,true,,437,277,2,2,387,0,0
1489228864909,386,Logon API Request,200,OK,Thread Group 1-9,text,true,,437,277,2,2,386,0,0
1489228865032,385,PrivacyPolicy Service,200,OK,Thread Group 1-8,text,true,,967,229,2,2,385,0,0
1489228865296,385,PrivacyPolicy Service,200,OK,Thread Group 1-9,text,true,,967,229,2,2,385,0,0
1489228865418,384,Contuctus Service,200,OK,Thread Group 1-8,text,true,,809,225,2,2,384,0,0
1489228865681,386,Contuctus Service,200,OK,Thread Group 1-9,text,true,,809,225,2,2,386,0,0
1489228865802,387,News English,200,OK,Thread Group 1-8,text,true,,4085,228,2,2,387,0,2
1489228866067,385,News English,200,OK,Thread Group 1-9,text,true,,4085,228,2,2,385,0,0
1489228866190,384,News Arabic,200,OK,Thread Group 1-8,text,true,,2812,228,2,2,384,0,0
1489228866453,387,News Arabic,200,OK,Thread Group 1-9,text,true,,2812,228,2,2,387,0,2
1489228866575,389,Logon API Request,200,OK,Thread Group 1-8,text,true,,437,277,2,2,389,0,2
1489228866840,389,Logon API Request,200,OK,Thread Group 1-9,text,true,,437,277,2,2,389,0,2
1489228866964,385,PrivacyPolicy Service,200,OK,Thread Group 1-8,text,true,,967,229,2,2,385,0,0
1489228867230,384,PrivacyPolicy Service,200,OK,Thread Group 1-9,text,true,,967,229,2,2,384,0,0
1489228867350,385,Contuctus Service,200,OK,Thread Group 1-8,text,true,,809,225,2,2,385,0,0
1489228867615,384,Contuctus Service,200,OK,Thread Group 1-9,text,true,,809,225,2,2,384,0,0
1489228867735,385,News English,200,OK,Thread Group 1-8,text,true,,4085,228,2,2,385,0,0
1489228868000,385,News English,200,OK,Thread Group 1-9,text,true,,4085,228,2,2,385,0,0
1489228868121,386,News Arabic,200,OK,Thread Group 1-8,text,true,,2812,228,2,2,386,0,2
1489228868386,384,News Arabic,200,OK,Thread Group 1-9,text,true,,2812,228,1,1,384,0,0
1489228868771,387,Logon API Request,200,OK,Thread Group 1-9,text,true,,437,277,2,2,387,0,0
1489228869110,389,Logon API Request,200,OK,Thread Group 1-10,text,true,,437,277,2,2,389,0,2
1489228869159,387,PrivacyPolicy Service,200,OK,Thread Group 1-9,text,true,,967,229,2,2,387,0,2
1489228869500,386,PrivacyPolicy Service,200,OK,Thread Group 1-10,text,true,,967,229,2,2,386,0,2
1489228869546,385,Contuctus Service,200,OK,Thread Group 1-9,text,true,,809,225,2,2,385,0,0
1489228869886,385,Contuctus Service,200,OK,Thread Group 1-10,text,true,,809,225,2,2,385,0,0
1489228869931,385,News English,200,OK,Thread Group 1-9,text,true,,4085,228,2,2,385,0,0
1489228870272,385,News English,200,OK,Thread Group 1-10,text,true,,4085,228,2,2,385,0,0
1489228870316,386,News Arabic,200,OK,Thread Group 1-9,text,true,,2812,228,2,2,386,0,0
1489228870658,385,News Arabic,200,OK,Thread Group 1-10,text,true,,2812,228,2,2,385,0,0
1489228870702,389,Logon API Request,200,OK,Thread Group 1-9,text,true,,437,277,2,2,389,0,2
1489228871043,388,Logon API Request,200,OK,Thread Group 1-10,text,true,,437,277,2,2,388,0,0
1489228871091,385,PrivacyPolicy Service,200,OK,Thread Group 1-9,text,true,,967,229,2,2,385,0,0
1489228871431,386,PrivacyPolicy Service,200,OK,Thread Group 1-10,text,true,,967,229,2,2,386,0,0
1489228871476,387,Contuctus Service,200,OK,Thread Group 1-9,text,true,,809,225,2,2,387,0,2
1489228871817,387,Contuctus Service,200,OK,Thread Group 1-10,text,true,,809,225,2,2,387,0,3
1489228871864,385,News English,200,OK,Thread Group 1-9,text,true,,4085,228,2,2,385,0,0
1489228872205,384,News English,200,OK,Thread Group 1-10,text,true,,4085,228,2,2,384,0,0
1489228872250,384,News Arabic,200,OK,Thread Group 1-9,text,true,,2812,228,2,2,384,0,0
1489228872590,386,News Arabic,200,OK,Thread Group 1-10,text,true,,2812,228,2,2,386,0,0
1489228872635,387,Logon API Request,200,OK,Thread Group 1-9,text,true,,437,277,2,2,387,0,0
1489228872976,388,Logon API Request,200,OK,Thread Group 1-10,text,true,,437,277,2,2,388,0,2
1489228873023,385,PrivacyPolicy Service,200,OK,Thread Group 1-9,text,true,,967,229,2,2,385,0,0
1489228873364,385,PrivacyPolicy Service,200,OK,Thread Group 1-10,text,true,,967,229,2,2,385,0,0
1489228873408,385,Contuctus Service,200,OK,Thread Group 1-9,text,true,,809,225,2,2,384,0,0
1489228873750,385,Contuctus Service,200,OK,Thread Group 1-10,text,true,,809,225,2,2,385,0,0
1489228873793,387,News English,200,OK,Thread Group 1-9,text,true,,4085,228,2,2,386,0,2
1489228874135,387,News English,200,OK,Thread Group 1-10,text,true,,4085,228,2,2,387,0,3
1489228874180,385,News Arabic,200,OK,Thread Group 1-9,text,true,,2812,228,2,2,385,0,0
1489228874523,385,News Arabic,200,OK,Thread Group 1-10,text,true,,2812,228,2,2,385,0,0
1489228874566,389,Logon API Request,200,OK,Thread Group 1-9,text,true,,437,277,2,2,389,0,2
1489228874908,388,Logon API Request,200,OK,Thread Group 1-10,text,true,,437,277,2,2,388,0,0
1489228874956,384,PrivacyPolicy Service,200,OK,Thread Group 1-9,text,true,,967,229,2,2,384,0,0
1489228875296,385,PrivacyPolicy Service,200,OK,Thread Group 1-10,text,true,,967,229,2,2,385,0,0
1489228875341,383,Contuctus Service,200,OK,Thread Group 1-9,text,true,,809,225,2,2,383,0,0
1489228875681,385,Contuctus Service,200,OK,Thread Group 1-10,text,true,,809,225,2,2,385,0,0
1489228875725,384,News English,200,OK,Thread Group 1-9,text,true,,4085,228,2,2,384,0,0
1489228876067,385,News English,200,OK,Thread Group 1-10,text,true,,4085,228,2,2,385,0,0
1489228876110,386,News Arabic,200,OK,Thread Group 1-9,text,true,,2812,228,2,2,386,0,2
1489228876452,388,News Arabic,200,OK,Thread Group 1-10,text,true,,2812,228,2,2,388,0,2
1489228876497,387,Logon API Request,200,OK,Thread Group 1-9,text,true,,437,277,2,2,387,0,0
1489228876840,391,Logon API Request,200,OK,Thread Group 1-10,text,true,,437,277,2,2,391,0,5
1489228876884,386,PrivacyPolicy Service,200,OK,Thread Group 1-9,text,true,,967,229,2,2,386,0,0
1489228877231,385,PrivacyPolicy Service,200,OK,Thread Group 1-10,text,true,,967,229,2,2,385,0,0
1489228877270,385,Contuctus Service,200,OK,Thread Group 1-9,text,true,,809,225,2,2,385,0,0
1489228877616,385,Contuctus Service,200,OK,Thread Group 1-10,text,true,,809,225,2,2,385,0,0
1489228877655,386,News English,200,OK,Thread Group 1-9,text,true,,4085,228,2,2,386,0,0
1489228878001,386,News English,200,OK,Thread Group 1-10,text,true,,4085,228,2,2,386,0,0
1489228878041,386,News Arabic,200,OK,Thread Group 1-9,text,true,,2812,228,2,2,386,0,0
1489228878387,385,News Arabic,200,OK,Thread Group 1-10,text,true,,2812,228,1,1,385,0,0
1489228878772,388,Logon API Request,200,OK,Thread Group 1-10,text,true,,437,277,1,1,388,0,0
1489228879161,389,PrivacyPolicy Service,200,OK,Thread Group 1-10,text,true,,967,229,1,1,389,0,2
1489228879551,386,Contuctus Service,200,OK,Thread Group 1-10,text,true,,809,225,1,1,386,0,0
1489228879938,395,News English,200,OK,Thread Group 1-10,text,true,,4085,228,1,1,395,0,0
1489228880334,390,News Arabic,200,OK,Thread Group 1-10,text,true,,2812,228,1,1,390,0,0
1489228880724,390,Logon API Request,200,OK,Thread Group 1-10,text,true,,437,277,1,1,390,0,2
1489228881114,390,PrivacyPolicy Service,200,OK,Thread Group 1-10,text,true,,967,229,1,1,390,0,0
1489228881505,391,Contuctus Service,200,OK,Thread Group 1-10,text,true,,809,225,1,1,390,0,2
1489228881896,391,News English,200,OK,Thread Group 1-10,text,true,,4085,228,1,1,391,0,0
1489228882287,390,News Arabic,200,OK,Thread Group 1-10,text,true,,2812,228,1,1,390,0,0
1489228882677,388,Logon API Request,200,OK,Thread Group 1-10,text,true,,437,277,1,1,388,0,0
1489228883065,386,PrivacyPolicy Service,200,OK,Thread Group 1-10,text,true,,967,229,1,1,386,0,0
1489228883451,385,Contuctus Service,200,OK,Thread Group 1-10,text,true,,809,225,1,1,385,0,0
1489228883836,390,News English,200,OK,Thread Group 1-10,text,true,,4085,228,1,1,390,0,3
1489228884225,385,News Arabic,200,OK,Thread Group 1-10,text,true,,2812,228,1,1,385,0,0
1489228884611,389,Logon API Request,200,OK,Thread Group 1-10,text,true,,437,277,1,1,389,0,2
1489228885000,391,PrivacyPolicy Service,200,OK,Thread Group 1-10,text,true,,967,229,1,1,391,0,0
1489228885391,391,Contuctus Service,200,OK,Thread Group 1-10,text,true,,809,225,1,1,391,0,0
1489228885782,391,News English,200,OK,Thread Group 1-10,text,true,,4085,228,1,1,391,0,0
1489228886173,390,News Arabic,200,OK,Thread Group 1-10,text,true,,2812,228,1,1,390,0,2
1489228886563,388,Logon API Request,200,OK,Thread Group 1-10,text,true,,437,277,1,1,388,0,0
1489228886951,385,PrivacyPolicy Service,200,OK,Thread Group 1-10,text,true,,967,229,1,1,385,0,0
1489228887336,390,Contuctus Service,200,OK,Thread Group 1-10,text,true,,809,225,1,1,390,0,0
1489228887727,389,News English,200,OK,Thread Group 1-10,text,true,,4085,228,1,1,389,0,0
1489228888117,390,News Arabic,200,OK,Thread Group 1-10,text,true,,2812,228,1,1,389,0,0
