timeStamp,elapsed,label,responseCode,responseMessage,threadName,dataType,success,failureMessage,bytes,sentBytes,grpThreads,allThreads,Latency,IdleTime,Connect
1490336139249,1457,Logon API Request,200,OK,Thread Group 1-1,text,true,,968,275,1,1,1457,0,657
1490336140719,1065,Videos,200,OK,Thread Group 1-1,text,true,,2398,0,1,1,755,0,0
1490336141786,738,Contuctus Service,200,OK,Thread Group 1-1,text,true,,932,0,1,1,738,0,0
1490336142526,2027,News English,200,OK,Thread Group 1-1,text,true,,8270,0,1,1,741,0,0
1490336144554,741,News Arabic,200,OK,Thread Group 1-1,text,true,,1441,0,1,1,741,0,0
1490336145297,777,Logon API Request,200,OK,Thread Group 1-1,text,true,,968,275,1,1,777,0,14
1490336146075,740,Videos,200,OK,Thread Group 1-1,text,true,,2397,0,1,1,740,0,0
1490336146816,741,Contuctus Service,200,OK,Thread Group 1-1,text,true,,932,0,1,1,741,0,0
1490336147558,2028,News English,200,OK,Thread Group 1-1,text,true,,8270,0,1,1,741,0,0
1490336149587,742,News Arabic,200,OK,Thread Group 1-1,text,true,,1441,0,1,1,742,0,0
1490336150331,775,Logon API Request,200,OK,Thread Group 1-1,text,true,,968,275,1,1,775,0,13
1490336151107,1046,Videos,200,OK,Thread Group 1-1,text,true,,2397,0,1,1,738,0,0
1490336152154,741,Contuctus Service,200,OK,Thread Group 1-1,text,true,,932,0,1,1,741,0,0
1490336152896,2029,News English,200,OK,Thread Group 1-1,text,true,,8270,0,1,1,741,0,0
1490336154927,740,News Arabic,200,OK,Thread Group 1-1,text,true,,1441,0,1,1,740,0,0
1490336155670,779,Logon API Request,200,OK,Thread Group 1-1,text,true,,968,275,1,1,779,0,17
1490336156450,738,Videos,200,OK,Thread Group 1-1,text,true,,2397,0,1,1,738,0,0
1490336157189,741,Contuctus Service,200,OK,Thread Group 1-1,text,true,,932,0,1,1,741,0,0
1490336157931,2027,News English,200,OK,Thread Group 1-1,text,true,,8270,0,2,2,742,0,0
1490336159134,828,Logon API Request,200,OK,Thread Group 1-2,text,true,,968,275,2,2,828,0,67
1490336159959,742,News Arabic,200,OK,Thread Group 1-1,text,true,,1441,0,2,2,742,0,0
1490336159963,1056,Videos,200,OK,Thread Group 1-2,text,true,,2398,0,2,2,748,0,0
1490336160709,773,Logon API Request,200,OK,Thread Group 1-1,text,true,,968,275,2,2,773,0,13
1490336161020,736,Contuctus Service,200,OK,Thread Group 1-2,text,true,,932,0,2,2,736,0,0
1490336161483,738,Videos,200,OK,Thread Group 1-1,text,true,,2397,0,2,2,738,0,0
1490336162222,736,Contuctus Service,200,OK,Thread Group 1-1,text,true,,932,0,2,2,736,0,0
1490336161757,2020,News English,200,OK,Thread Group 1-2,text,true,,8270,0,2,2,736,0,0
1490336163778,735,News Arabic,200,OK,Thread Group 1-2,text,true,,1441,0,2,2,735,0,0
1490336162959,2020,News English,200,OK,Thread Group 1-1,text,true,,8270,0,2,2,735,0,0
1490336164515,769,Logon API Request,200,OK,Thread Group 1-2,text,true,,968,275,2,2,769,0,8
1490336164980,735,News Arabic,200,OK,Thread Group 1-1,text,true,,1441,0,2,2,735,0,0
1490336165285,737,Videos,200,OK,Thread Group 1-2,text,true,,2397,0,1,1,737,0,0
1490336166023,741,Contuctus Service,200,OK,Thread Group 1-2,text,true,,932,0,1,1,741,0,0
1490336166765,2027,News English,200,OK,Thread Group 1-2,text,true,,8270,0,1,1,741,0,0
1490336168792,742,News Arabic,200,OK,Thread Group 1-2,text,true,,1441,0,1,1,742,0,0
1490336169535,773,Logon API Request,200,OK,Thread Group 1-2,text,true,,968,275,1,1,773,0,11
1490336170310,739,Videos,200,OK,Thread Group 1-2,text,true,,2397,0,1,1,739,0,0
1490336171050,741,Contuctus Service,200,OK,Thread Group 1-2,text,true,,932,0,1,1,741,0,0
1490336171792,2029,News English,200,OK,Thread Group 1-2,text,true,,8270,0,1,1,741,0,0
1490336173822,742,News Arabic,200,OK,Thread Group 1-2,text,true,,1441,0,1,1,742,0,0
1490336174565,773,Logon API Request,200,OK,Thread Group 1-2,text,true,,968,275,1,1,773,0,9
1490336175339,1046,Videos,200,OK,Thread Group 1-2,text,true,,2397,0,1,1,738,0,0
1490336176385,742,Contuctus Service,200,OK,Thread Group 1-2,text,true,,932,0,1,1,742,0,0
1490336177128,2027,News English,200,OK,Thread Group 1-2,text,true,,8270,0,2,2,741,0,0
1490336179156,741,News Arabic,200,OK,Thread Group 1-2,text,true,,1441,0,2,2,741,0,0
1490336179136,827,Logon API Request,200,OK,Thread Group 1-3,text,true,,968,275,2,2,827,0,65
1490336179898,771,Logon API Request,200,OK,Thread Group 1-2,text,true,,968,275,2,2,771,0,10
1490336179963,1046,Videos,200,OK,Thread Group 1-3,text,true,,2397,0,2,2,739,0,0
1490336181010,736,Contuctus Service,200,OK,Thread Group 1-3,text,true,,932,0,2,2,736,0,0
1490336180670,1440,Videos,200,OK,Thread Group 1-2,text,true,,2398,0,2,2,1132,0,0
1490336182110,736,Contuctus Service,200,OK,Thread Group 1-2,text,true,,932,0,2,2,736,0,0
1490336181747,2020,News English,200,OK,Thread Group 1-3,text,true,,8270,0,2,2,736,0,0
1490336183768,736,News Arabic,200,OK,Thread Group 1-3,text,true,,1441,0,2,2,736,0,0
1490336182847,2021,News English,200,OK,Thread Group 1-2,text,true,,8270,0,2,2,736,0,0
1490336184505,788,Logon API Request,200,OK,Thread Group 1-3,text,true,,968,275,2,2,788,0,27
1490336184869,736,News Arabic,200,OK,Thread Group 1-2,text,true,,1441,0,2,2,736,0,0
1490336185294,738,Videos,200,OK,Thread Group 1-3,text,true,,2397,0,1,1,738,0,0
1490336186033,741,Contuctus Service,200,OK,Thread Group 1-3,text,true,,932,0,1,1,741,0,0
1490336186775,2028,News English,200,OK,Thread Group 1-3,text,true,,8270,0,1,1,742,0,0
1490336188804,741,News Arabic,200,OK,Thread Group 1-3,text,true,,1441,0,1,1,741,0,0
1490336189547,773,Logon API Request,200,OK,Thread Group 1-3,text,true,,968,275,1,1,773,0,11
1490336190324,1046,Videos,200,OK,Thread Group 1-3,text,true,,2397,0,1,1,738,0,0
1490336191371,742,Contuctus Service,200,OK,Thread Group 1-3,text,true,,932,0,1,1,742,0,0
1490336192113,2029,News English,200,OK,Thread Group 1-3,text,true,,8270,0,1,1,741,0,0
1490336194143,741,News Arabic,200,OK,Thread Group 1-3,text,true,,1441,0,1,1,741,0,0
1490336194885,772,Logon API Request,200,OK,Thread Group 1-3,text,true,,968,275,1,1,771,0,9
1490336195657,739,Videos,200,OK,Thread Group 1-3,text,true,,2397,0,1,1,739,0,0
1490336196396,741,Contuctus Service,200,OK,Thread Group 1-3,text,true,,932,0,1,1,741,0,0
1490336197138,2029,News English,200,OK,Thread Group 1-3,text,true,,8270,0,2,2,742,0,0
1490336199167,741,News Arabic,200,OK,Thread Group 1-3,text,true,,1441,0,2,2,741,0,0
1490336199134,826,Logon API Request,200,OK,Thread Group 1-4,text,true,,968,275,2,2,825,0,65
1490336199910,774,Logon API Request,200,OK,Thread Group 1-3,text,true,,968,275,2,2,774,0,12
1490336199960,1045,Videos,200,OK,Thread Group 1-4,text,true,,2397,0,2,2,737,0,0
1490336200685,1054,Videos,200,OK,Thread Group 1-3,text,true,,2398,0,2,2,747,0,0
1490336201006,736,Contuctus Service,200,OK,Thread Group 1-4,text,true,,932,0,2,2,736,0,0
1490336201740,744,Contuctus Service,200,OK,Thread Group 1-3,text,true,,932,0,2,2,744,0,0
1490336201743,2027,News English,200,OK,Thread Group 1-4,text,true,,8270,0,2,2,741,0,0
1490336202485,2021,News English,200,OK,Thread Group 1-3,text,true,,8270,0,2,2,737,0,0
1490336203770,737,News Arabic,200,OK,Thread Group 1-4,text,true,,1441,0,2,2,737,0,0
1490336204507,740,News Arabic,200,OK,Thread Group 1-3,text,true,,1441,0,2,2,740,0,0
1490336204509,773,Logon API Request,200,OK,Thread Group 1-4,text,true,,968,275,1,1,773,0,12
1490336205283,738,Videos,200,OK,Thread Group 1-4,text,true,,2397,0,1,1,738,0,0
1490336206022,741,Contuctus Service,200,OK,Thread Group 1-4,text,true,,932,0,1,1,741,0,0
1490336206763,2028,News English,200,OK,Thread Group 1-4,text,true,,8270,0,1,1,742,0,0
1490336208791,742,News Arabic,200,OK,Thread Group 1-4,text,true,,1441,0,1,1,742,0,0
1490336209534,771,Logon API Request,200,OK,Thread Group 1-4,text,true,,968,275,1,1,771,0,10
1490336210306,739,Videos,200,OK,Thread Group 1-4,text,true,,2397,0,1,1,739,0,0
1490336211045,742,Contuctus Service,200,OK,Thread Group 1-4,text,true,,932,0,1,1,742,0,0
1490336211788,2028,News English,200,OK,Thread Group 1-4,text,true,,8270,0,1,1,741,0,0
1490336213817,741,News Arabic,200,OK,Thread Group 1-4,text,true,,1441,0,1,1,741,0,0
1490336214559,773,Logon API Request,200,OK,Thread Group 1-4,text,true,,968,275,1,1,773,0,10
1490336215333,739,Videos,200,OK,Thread Group 1-4,text,true,,2397,0,1,1,739,0,0
1490336216072,742,Contuctus Service,200,OK,Thread Group 1-4,text,true,,932,0,1,1,742,0,0
1490336216815,2028,News English,200,OK,Thread Group 1-4,text,true,,8270,0,1,1,742,0,0
1490336218844,741,News Arabic,200,OK,Thread Group 1-4,text,true,,1441,0,2,2,741,0,0
1490336219136,823,Logon API Request,200,OK,Thread Group 1-5,text,true,,968,275,2,2,823,0,62
1490336219587,769,Logon API Request,200,OK,Thread Group 1-4,text,true,,968,275,2,2,769,0,9
1490336219960,1044,Videos,200,OK,Thread Group 1-5,text,true,,2397,0,2,2,737,0,0
1490336220361,748,Videos,200,OK,Thread Group 1-4,text,true,,2398,0,2,2,748,0,0
1490336221005,736,Contuctus Service,200,OK,Thread Group 1-5,text,true,,932,0,2,2,736,0,0
1490336221110,736,Contuctus Service,200,OK,Thread Group 1-4,text,true,,932,0,2,2,736,0,0
1490336221742,2022,News English,200,OK,Thread Group 1-5,text,true,,8270,0,2,2,736,0,0
1490336221846,2022,News English,200,OK,Thread Group 1-4,text,true,,8270,0,2,2,737,0,0
1490336223765,736,News Arabic,200,OK,Thread Group 1-5,text,true,,1441,0,2,2,736,0,0
1490336223869,737,News Arabic,200,OK,Thread Group 1-4,text,true,,1441,0,2,2,737,0,0
1490336224502,771,Logon API Request,200,OK,Thread Group 1-5,text,true,,968,275,1,1,771,0,9
1490336225273,740,Videos,200,OK,Thread Group 1-5,text,true,,2397,0,1,1,740,0,0
1490336226014,741,Contuctus Service,200,OK,Thread Group 1-5,text,true,,932,0,1,1,741,0,0
1490336226756,2028,News English,200,OK,Thread Group 1-5,text,true,,8270,0,1,1,741,0,0
1490336228785,742,News Arabic,200,OK,Thread Group 1-5,text,true,,1441,0,1,1,742,0,0
1490336229527,771,Logon API Request,200,OK,Thread Group 1-5,text,true,,968,275,1,1,770,0,9
1490336230298,1047,Videos,200,OK,Thread Group 1-5,text,true,,2397,0,1,1,739,0,0
1490336231346,741,Contuctus Service,200,OK,Thread Group 1-5,text,true,,932,0,1,1,741,0,0
1490336232088,2027,News English,200,OK,Thread Group 1-5,text,true,,8270,0,1,1,741,0,0
1490336234115,742,News Arabic,200,OK,Thread Group 1-5,text,true,,1441,0,1,1,742,0,0
1490336234858,771,Logon API Request,200,OK,Thread Group 1-5,text,true,,968,275,1,1,771,0,9
1490336235629,739,Videos,200,OK,Thread Group 1-5,text,true,,2397,0,1,1,739,0,0
1490336236369,741,Contuctus Service,200,OK,Thread Group 1-5,text,true,,932,0,1,1,741,0,0
1490336237110,2027,News English,200,OK,Thread Group 1-5,text,true,,8270,0,1,1,741,0,0
1490336239138,742,News Arabic,200,OK,Thread Group 1-5,text,true,,1441,0,1,1,742,0,0
1490336239880,771,Logon API Request,200,OK,Thread Group 1-5,text,true,,968,275,1,1,771,0,9
1490336240652,737,Videos,200,OK,Thread Group 1-5,text,true,,2397,0,1,1,737,0,0
1490336241390,741,Contuctus Service,200,OK,Thread Group 1-5,text,true,,932,0,1,1,741,0,0
1490336242131,2028,News English,200,OK,Thread Group 1-5,text,true,,8270,0,1,1,742,0,0
1490336244160,742,News Arabic,200,OK,Thread Group 1-5,text,true,,1441,0,1,1,741,0,0
