timeStamp,elapsed,label,responseCode,responseMessage,threadName,dataType,success,failureMessage,bytes,sentBytes,grpThreads,allThreads,Latency,IdleTime,Connect
1507528021132,1732,LogintoACE,401,Unauthorized,BP001FCTransaction 1-1,text,false,,1071,563,1,1,1731,0,1504
1507528022869,186,LogintoACE,401,Unauthorized,BP001FCTransaction 1-1,text,false,,1070,563,1,1,185,0,0
1507528023056,182,LogintoACE,401,Unauthorized,BP001FCTransaction 1-1,text,false,,1070,563,1,1,182,0,0
1507528023239,528,LogintoACE,401,Unauthorized,BP001FCTransaction 1-1,text,false,,1070,563,1,1,528,0,354
1507528023768,190,LogintoACE,401,Unauthorized,BP001FCTransaction 1-1,text,false,,1070,563,1,1,189,0,0
1507528023959,176,LogintoACE,401,Unauthorized,BP001FCTransaction 1-1,text,false,,1070,563,1,1,176,0,0
1507528024136,179,LogintoACE,401,Unauthorized,BP001FCTransaction 1-1,text,false,,1070,563,1,1,179,0,0
1507528024316,172,LogintoACE,401,Unauthorized,BP001FCTransaction 1-1,text,false,,1070,563,1,1,172,0,0
1507528024489,169,LogintoACE,401,Unauthorized,BP001FCTransaction 1-1,text,false,,1070,563,1,1,168,0,0
1507528024658,168,LogintoACE,401,Unauthorized,BP001FCTransaction 1-1,text,false,,1070,563,1,1,168,0,0
1507528031035,966,LogintoACE,401,Unauthorized,BP001FCTransaction 1-2,text,false,,1070,563,1,1,966,0,782
1507528032001,191,LogintoACE,401,Unauthorized,BP001FCTransaction 1-2,text,false,,1070,563,1,1,191,0,0
1507528032193,202,LogintoACE,401,Unauthorized,BP001FCTransaction 1-2,text,false,,1070,563,1,1,202,0,0
1507528032396,186,LogintoACE,401,Unauthorized,BP001FCTransaction 1-2,text,false,,1070,563,1,1,185,0,0
1507528032582,207,LogintoACE,401,Unauthorized,BP001FCTransaction 1-2,text,false,,1070,563,1,1,207,0,0
1507528032790,190,LogintoACE,401,Unauthorized,BP001FCTransaction 1-2,text,false,,1070,563,1,1,189,0,0
1507528032981,185,LogintoACE,401,Unauthorized,BP001FCTransaction 1-2,text,false,,1070,563,1,1,185,0,0
1507528033167,522,LogintoACE,401,Unauthorized,BP001FCTransaction 1-2,text,false,,1070,563,1,1,522,0,350
1507528033690,172,LogintoACE,401,Unauthorized,BP001FCTransaction 1-2,text,false,,1070,563,1,1,172,0,0
1507528033863,171,LogintoACE,401,Unauthorized,BP001FCTransaction 1-2,text,false,,1070,563,1,1,171,0,0
1507528041034,922,LogintoACE,401,Unauthorized,BP001FCTransaction 1-3,text,false,,1071,563,1,1,922,0,747
1507528041958,218,LogintoACE,401,Unauthorized,BP001FCTransaction 1-3,text,false,,1070,563,1,1,218,0,0
1507528042177,177,LogintoACE,401,Unauthorized,BP001FCTransaction 1-3,text,false,,1070,563,1,1,177,0,0
1507528042355,177,LogintoACE,401,Unauthorized,BP001FCTransaction 1-3,text,false,,1070,563,1,1,176,0,0
1507528042533,175,LogintoACE,401,Unauthorized,BP001FCTransaction 1-3,text,false,,1070,563,1,1,175,0,0
1507528042708,172,LogintoACE,401,Unauthorized,BP001FCTransaction 1-3,text,false,,1070,563,1,1,172,0,0
1507528042881,172,LogintoACE,401,Unauthorized,BP001FCTransaction 1-3,text,false,,1070,563,1,1,172,0,0
1507528043053,526,LogintoACE,401,Unauthorized,BP001FCTransaction 1-3,text,false,,1070,563,1,1,526,0,350
1507528043580,170,LogintoACE,401,Unauthorized,BP001FCTransaction 1-3,text,false,,1070,563,1,1,170,0,0
1507528043751,172,LogintoACE,401,Unauthorized,BP001FCTransaction 1-3,text,false,,1070,563,1,1,172,0,0
1507528051036,878,LogintoACE,401,Unauthorized,BP001FCTransaction 1-4,text,false,,1071,563,1,1,878,0,704
1507528051919,167,LogintoACE,401,Unauthorized,BP001FCTransaction 1-4,text,false,,1070,563,1,1,166,0,0
1507528052087,163,LogintoACE,401,Unauthorized,BP001FCTransaction 1-4,text,false,,1070,563,1,1,163,0,0
1507528052250,184,LogintoACE,401,Unauthorized,BP001FCTransaction 1-4,text,false,,1070,563,1,1,183,0,0
1507528052435,167,LogintoACE,401,Unauthorized,BP001FCTransaction 1-4,text,false,,1070,563,1,1,164,0,0
1507528052603,165,LogintoACE,401,Unauthorized,BP001FCTransaction 1-4,text,false,,1070,563,1,1,165,0,0
1507528052769,165,LogintoACE,401,Unauthorized,BP001FCTransaction 1-4,text,false,,1070,563,1,1,165,0,0
1507528052935,169,LogintoACE,401,Unauthorized,BP001FCTransaction 1-4,text,false,,1070,563,1,1,168,0,0
1507528053105,526,LogintoACE,401,Unauthorized,BP001FCTransaction 1-4,text,false,,1069,563,1,1,526,0,353
1507528053632,173,LogintoACE,401,Unauthorized,BP001FCTransaction 1-4,text,false,,1015,563,1,1,173,0,0
1507528061047,918,LogintoACE,401,Unauthorized,BP001FCTransaction 1-5,text,false,,1070,563,1,1,918,0,747
1507528061967,176,LogintoACE,401,Unauthorized,BP001FCTransaction 1-5,text,false,,1070,563,1,1,176,0,0
1507528062144,169,LogintoACE,401,Unauthorized,BP001FCTransaction 1-5,text,false,,1070,563,1,1,169,0,0
1507528062314,176,LogintoACE,401,Unauthorized,BP001FCTransaction 1-5,text,false,,1070,563,1,1,175,0,0
1507528062490,172,LogintoACE,401,Unauthorized,BP001FCTransaction 1-5,text,false,,1070,563,1,1,172,0,0
1507528062662,181,LogintoACE,401,Unauthorized,BP001FCTransaction 1-5,text,false,,1070,563,1,1,180,0,0
1507528062844,418,LogintoACE,401,Unauthorized,BP001FCTransaction 1-5,text,false,,1070,563,1,1,418,0,0
1507528063263,530,LogintoACE,401,Unauthorized,BP001FCTransaction 1-5,text,false,,1070,563,1,1,530,0,356
1507528063794,178,LogintoACE,401,Unauthorized,BP001FCTransaction 1-5,text,false,,1069,563,1,1,178,0,0
1507528063973,172,LogintoACE,401,Unauthorized,BP001FCTransaction 1-5,text,false,,1069,563,1,1,172,0,0
1507528071046,940,LogintoACE,401,Unauthorized,BP001FCTransaction 1-6,text,false,,1070,563,1,1,940,0,766
1507528071987,181,LogintoACE,401,Unauthorized,BP001FCTransaction 1-6,text,false,,1070,563,1,1,181,0,0
1507528072169,179,LogintoACE,401,Unauthorized,BP001FCTransaction 1-6,text,false,,1070,563,1,1,179,0,0
1507528072349,177,LogintoACE,401,Unauthorized,BP001FCTransaction 1-6,text,false,,1070,563,1,1,177,0,0
1507528072527,181,LogintoACE,401,Unauthorized,BP001FCTransaction 1-6,text,false,,1070,563,1,1,181,0,0
1507528072708,173,LogintoACE,401,Unauthorized,BP001FCTransaction 1-6,text,false,,1070,563,1,1,172,0,0
1507528072881,183,LogintoACE,401,Unauthorized,BP001FCTransaction 1-6,text,false,,1070,563,1,1,183,0,0
1507528073064,521,LogintoACE,401,Unauthorized,BP001FCTransaction 1-6,text,false,,1071,563,1,1,521,0,347
1507528073586,171,LogintoACE,401,Unauthorized,BP001FCTransaction 1-6,text,false,,1070,563,1,1,171,0,0
1507528073758,181,LogintoACE,401,Unauthorized,BP001FCTransaction 1-6,text,false,,1070,563,1,1,181,0,0
1507528081048,915,LogintoACE,401,Unauthorized,BP001FCTransaction 1-7,text,false,,1070,563,1,1,915,0,742
1507528081965,171,LogintoACE,401,Unauthorized,BP001FCTransaction 1-7,text,false,,1070,563,1,1,171,0,0
1507528082137,185,LogintoACE,401,Unauthorized,BP001FCTransaction 1-7,text,false,,1070,563,1,1,185,0,0
1507528082323,181,LogintoACE,401,Unauthorized,BP001FCTransaction 1-7,text,false,,1070,563,1,1,180,0,0
1507528082505,174,LogintoACE,401,Unauthorized,BP001FCTransaction 1-7,text,false,,1070,563,1,1,174,0,0
1507528082680,199,LogintoACE,401,Unauthorized,BP001FCTransaction 1-7,text,false,,1070,563,1,1,199,0,0
1507528082880,180,LogintoACE,401,Unauthorized,BP001FCTransaction 1-7,text,false,,1070,563,1,1,180,0,0
1507528083060,520,LogintoACE,401,Unauthorized,BP001FCTransaction 1-7,text,false,,1070,563,1,1,520,0,351
1507528083580,171,LogintoACE,401,Unauthorized,BP001FCTransaction 1-7,text,false,,1070,563,1,1,171,0,0
1507528083751,185,LogintoACE,401,Unauthorized,BP001FCTransaction 1-7,text,false,,1070,563,1,1,184,0,0
1507528091048,998,LogintoACE,401,Unauthorized,BP001FCTransaction 1-8,text,false,,1069,563,1,1,998,0,809
1507528092047,189,LogintoACE,401,Unauthorized,BP001FCTransaction 1-8,text,false,,1070,563,1,1,188,0,0
1507528092236,241,LogintoACE,401,Unauthorized,BP001FCTransaction 1-8,text,false,,1069,563,1,1,240,0,0
1507528092477,189,LogintoACE,401,Unauthorized,BP001FCTransaction 1-8,text,false,,1070,563,1,1,188,0,0
1507528092666,197,LogintoACE,401,Unauthorized,BP001FCTransaction 1-8,text,false,,1069,563,1,1,197,0,0
1507528092864,192,LogintoACE,401,Unauthorized,BP001FCTransaction 1-8,text,false,,1070,563,1,1,192,0,0
1507528093057,524,LogintoACE,401,Unauthorized,BP001FCTransaction 1-8,text,false,,1015,563,1,1,524,0,354
1507528093582,173,LogintoACE,401,Unauthorized,BP001FCTransaction 1-8,text,false,,1070,563,1,1,173,0,0
1507528093756,177,LogintoACE,401,Unauthorized,BP001FCTransaction 1-8,text,false,,1070,563,1,1,177,0,0
1507528093933,174,LogintoACE,401,Unauthorized,BP001FCTransaction 1-8,text,false,,1070,563,1,1,174,0,0
1507528101048,918,LogintoACE,401,Unauthorized,BP001FCTransaction 1-9,text,false,,1070,563,1,1,918,0,745
1507528101966,172,LogintoACE,401,Unauthorized,BP001FCTransaction 1-9,text,false,,1070,563,1,1,172,0,0
1507528102139,182,LogintoACE,401,Unauthorized,BP001FCTransaction 1-9,text,false,,1070,563,1,1,182,0,0
1507528102322,175,LogintoACE,401,Unauthorized,BP001FCTransaction 1-9,text,false,,1070,563,1,1,175,0,0
1507528102498,174,LogintoACE,401,Unauthorized,BP001FCTransaction 1-9,text,false,,1070,563,1,1,174,0,0
1507528102673,174,LogintoACE,401,Unauthorized,BP001FCTransaction 1-9,text,false,,1070,563,1,1,174,0,0
1507528102848,175,LogintoACE,401,Unauthorized,BP001FCTransaction 1-9,text,false,,1070,563,1,1,175,0,0
1507528103024,177,LogintoACE,401,Unauthorized,BP001FCTransaction 1-9,text,false,,1070,563,1,1,174,0,0
1507528103202,823,LogintoACE,401,Unauthorized,BP001FCTransaction 1-9,text,false,,1070,563,1,1,823,0,646
1507528104026,429,LogintoACE,401,Unauthorized,BP001FCTransaction 1-9,text,false,,1070,563,1,1,429,0,0
1507528111047,905,LogintoACE,401,Unauthorized,BP001FCTransaction 1-10,text,false,,1070,563,1,1,905,0,735
1507528111960,169,LogintoACE,401,Unauthorized,BP001FCTransaction 1-10,text,false,,1070,563,1,1,169,0,0
1507528112130,174,LogintoACE,401,Unauthorized,BP001FCTransaction 1-10,text,false,,1070,563,1,1,174,0,0
1507528112305,175,LogintoACE,401,Unauthorized,BP001FCTransaction 1-10,text,false,,1070,563,1,1,175,0,0
1507528112480,171,LogintoACE,401,Unauthorized,BP001FCTransaction 1-10,text,false,,1070,563,1,1,171,0,0
1507528112652,172,LogintoACE,401,Unauthorized,BP001FCTransaction 1-10,text,false,,1070,563,1,1,172,0,0
1507528112825,174,LogintoACE,401,Unauthorized,BP001FCTransaction 1-10,text,false,,1070,563,1,1,174,0,0
1507528113000,170,LogintoACE,401,Unauthorized,BP001FCTransaction 1-10,text,false,,1070,563,1,1,170,0,0
1507528113171,526,LogintoACE,401,Unauthorized,BP001FCTransaction 1-10,text,false,,1070,563,1,1,526,0,347
1507528113698,192,LogintoACE,401,Unauthorized,BP001FCTransaction 1-10,text,false,,1070,563,1,1,191,0,0
