timeStamp,elapsed,label,responseCode,responseMessage,threadName,dataType,success,failureMessage,bytes,sentBytes,grpThreads,allThreads,Latency,IdleTime,Connect
1490243441670,1373,Logon API Request,200,OK,Thread Group 1-1,text,true,,968,275,1,1,1372,0,578
1490243443057,765,Videos,200,OK,Thread Group 1-1,text,true,,2398,0,2,2,765,0,0
1490243443605,834,Logon API Request,200,OK,Thread Group 1-2,text,true,,968,275,2,2,834,0,71
1490243443824,777,Logon API Request,200,OK,Thread Group 1-1,text,true,,968,275,2,2,777,0,15
1490243444440,1044,Videos,200,OK,Thread Group 1-2,text,true,,2397,0,2,2,737,0,0
1490243444602,1062,Videos,200,OK,Thread Group 1-1,text,true,,2398,0,3,3,754,0,0
1490243445486,762,Logon API Request,200,OK,Thread Group 1-2,text,true,,967,275,3,3,762,0,0
1490243445665,761,Logon API Request,200,OK,Thread Group 1-1,text,true,,967,275,3,3,761,0,0
1490243445610,823,Logon API Request,200,OK,Thread Group 1-3,text,true,,968,275,3,3,823,0,63
1490243446249,740,Videos,200,OK,Thread Group 1-2,text,true,,2397,0,3,3,740,0,0
1490243446427,739,Videos,200,OK,Thread Group 1-1,text,true,,2397,0,3,3,739,0,0
1490243446434,746,Videos,200,OK,Thread Group 1-3,text,true,,2398,0,3,3,746,0,0
1490243446991,771,Logon API Request,200,OK,Thread Group 1-2,text,true,,968,275,4,4,771,0,10
1490243447168,769,Logon API Request,200,OK,Thread Group 1-1,text,true,,968,275,4,4,768,0,7
1490243447184,761,Logon API Request,200,OK,Thread Group 1-3,text,true,,967,275,4,4,761,0,0
1490243447608,815,Logon API Request,200,OK,Thread Group 1-4,text,true,,968,275,4,4,815,0,53
1490243447762,739,Videos,200,OK,Thread Group 1-2,text,true,,2397,0,4,4,739,0,0
1490243447938,737,Videos,200,OK,Thread Group 1-1,text,true,,2397,0,4,4,737,0,0
1490243447946,737,Videos,200,OK,Thread Group 1-3,text,true,,2397,0,4,4,737,0,0
1490243448502,761,Logon API Request,200,OK,Thread Group 1-2,text,true,,967,275,4,4,761,0,0
1490243448676,762,Logon API Request,200,OK,Thread Group 1-1,text,true,,967,275,4,4,762,0,0
1490243448686,771,Logon API Request,200,OK,Thread Group 1-3,text,true,,968,275,4,4,770,0,9
1490243448424,1052,Videos,200,OK,Thread Group 1-4,text,true,,2398,0,4,4,745,0,0
1490243449264,738,Videos,200,OK,Thread Group 1-2,text,true,,2397,0,5,5,737,0,0
1490243449457,738,Videos,200,OK,Thread Group 1-3,text,true,,2397,0,5,5,738,0,0
1490243449477,762,Logon API Request,200,OK,Thread Group 1-4,text,true,,967,275,5,5,762,0,0
1490243449612,823,Logon API Request,200,OK,Thread Group 1-5,text,true,,968,275,5,5,823,0,62
1490243449438,1045,Videos,200,OK,Thread Group 1-1,text,true,,2397,0,5,5,738,0,0
1490243450003,770,Logon API Request,200,OK,Thread Group 1-2,text,true,,965,275,5,5,770,0,9
1490243450196,762,Logon API Request,200,OK,Thread Group 1-3,text,true,,967,275,5,5,762,0,0
1490243450485,771,Logon API Request,200,OK,Thread Group 1-1,text,true,,968,275,5,5,771,0,9
1490243450239,1044,Videos,200,OK,Thread Group 1-4,text,true,,2397,0,5,5,737,0,0
1490243450436,1045,Videos,200,OK,Thread Group 1-5,text,true,,2397,0,5,5,737,0,0
1490243450775,737,Videos,200,OK,Thread Group 1-2,text,true,,2397,0,5,5,737,0,0
1490243450959,739,Videos,200,OK,Thread Group 1-3,text,true,,2397,0,6,6,739,0,0
1490243451285,770,Logon API Request,200,OK,Thread Group 1-4,text,true,,968,275,6,6,770,0,9
1490243451482,761,Logon API Request,200,OK,Thread Group 1-5,text,true,,967,275,6,6,761,0,0
1490243451513,761,Logon API Request,200,OK,Thread Group 1-2,text,true,,964,275,6,6,761,0,0
1490243451257,1055,Videos,200,OK,Thread Group 1-1,text,true,,2398,0,6,6,747,0,0
1490243451613,822,Logon API Request,200,OK,Thread Group 1-6,text,true,,968,275,6,6,822,0,61
1490243451698,770,Logon API Request,200,OK,Thread Group 1-3,text,true,,968,275,6,6,770,0,10
1490243452055,737,Videos,200,OK,Thread Group 1-4,text,true,,2397,0,6,6,737,0,0
1490243452243,737,Videos,200,OK,Thread Group 1-5,text,true,,2397,0,6,6,737,0,0
1490243452274,738,Videos,200,OK,Thread Group 1-2,text,true,,2397,0,6,6,737,0,0
1490243452312,761,Logon API Request,200,OK,Thread Group 1-1,text,true,,964,275,6,6,761,0,0
1490243452469,737,Videos,200,OK,Thread Group 1-3,text,true,,2397,0,6,6,737,0,0
1490243452435,1047,Videos,200,OK,Thread Group 1-6,text,true,,2397,0,6,6,739,0,0
1490243452793,762,Logon API Request,200,OK,Thread Group 1-4,text,true,,967,275,6,6,762,0,0
1490243452981,771,Logon API Request,200,OK,Thread Group 1-5,text,true,,968,275,7,7,770,0,10
1490243453013,772,Logon API Request,200,OK,Thread Group 1-2,text,true,,968,275,7,7,772,0,12
1490243453207,760,Logon API Request,200,OK,Thread Group 1-3,text,true,,967,275,7,7,760,0,0
1490243453074,1044,Videos,200,OK,Thread Group 1-1,text,true,,2397,0,7,7,736,0,0
1490243453484,760,Logon API Request,200,OK,Thread Group 1-6,text,true,,964,275,7,7,760,0,0
1490243453555,739,Videos,200,OK,Thread Group 1-4,text,true,,2397,0,7,7,738,0,0
1490243453612,822,Logon API Request,200,OK,Thread Group 1-7,text,true,,968,275,7,7,822,0,61
1490243453752,737,Videos,200,OK,Thread Group 1-5,text,true,,2397,0,7,7,737,0,0
1490243453968,740,Videos,200,OK,Thread Group 1-3,text,true,,2397,0,7,7,740,0,0
1490243453786,1044,Videos,200,OK,Thread Group 1-2,text,true,,2397,0,7,7,737,0,0
1490243454119,769,Logon API Request,200,OK,Thread Group 1-1,text,true,,968,275,7,7,769,0,9
1490243454245,737,Videos,200,OK,Thread Group 1-6,text,true,,2397,0,7,7,737,0,0
1490243454295,770,Logon API Request,200,OK,Thread Group 1-4,text,true,,968,275,7,7,769,0,9
1490243454491,761,Logon API Request,200,OK,Thread Group 1-5,text,true,,967,275,7,7,761,0,0
1490243454710,769,Logon API Request,200,OK,Thread Group 1-3,text,true,,965,275,7,7,769,0,8
1490243454435,1044,Videos,200,OK,Thread Group 1-7,text,true,,2397,0,7,7,737,0,0
1490243454832,761,Logon API Request,200,OK,Thread Group 1-2,text,true,,967,275,7,7,760,0,0
1490243454889,738,Videos,200,OK,Thread Group 1-1,text,true,,2397,0,8,8,738,0,0
1490243454984,770,Logon API Request,200,OK,Thread Group 1-6,text,true,,968,275,8,8,770,0,10
1490243455065,738,Videos,200,OK,Thread Group 1-4,text,true,,2397,0,8,8,738,0,0
1490243455253,737,Videos,200,OK,Thread Group 1-5,text,true,,2397,0,8,8,737,0,0
1490243455479,738,Videos,200,OK,Thread Group 1-3,text,true,,2397,0,8,8,738,0,0
1490243455481,761,Logon API Request,200,OK,Thread Group 1-7,text,true,,967,275,8,8,761,0,0
1490243455629,761,Logon API Request,200,OK,Thread Group 1-1,text,true,,964,275,8,8,760,0,0
1490243455613,825,Logon API Request,200,OK,Thread Group 1-8,text,true,,968,275,8,8,825,0,65
1490243455755,738,Videos,200,OK,Thread Group 1-6,text,true,,2397,0,8,8,738,0,0
1490243455804,762,Logon API Request,200,OK,Thread Group 1-4,text,true,,967,275,8,8,762,0,0
1490243455593,1045,Videos,200,OK,Thread Group 1-2,text,true,,2397,0,8,8,737,0,0
1490243455992,770,Logon API Request,200,OK,Thread Group 1-5,text,true,,968,275,8,8,770,0,9
1490243456219,761,Logon API Request,200,OK,Thread Group 1-3,text,true,,967,275,8,8,761,0,0
1490243456439,738,Videos,200,OK,Thread Group 1-8,text,true,,2397,0,8,8,738,0,0
1490243456494,761,Logon API Request,200,OK,Thread Group 1-6,text,true,,967,275,8,8,761,0,0
1490243456242,1045,Videos,200,OK,Thread Group 1-7,text,true,,2397,0,8,8,738,0,0
1490243456638,769,Logon API Request,200,OK,Thread Group 1-2,text,true,,968,275,8,8,769,0,9
1490243456390,1045,Videos,200,OK,Thread Group 1-1,text,true,,2397,0,8,8,738,0,0
1490243456566,1046,Videos,200,OK,Thread Group 1-4,text,true,,2397,0,8,8,738,0,0
1490243456762,1045,Videos,200,OK,Thread Group 1-5,text,true,,2397,0,9,9,737,0,0
1490243457178,761,Logon API Request,200,OK,Thread Group 1-8,text,true,,964,275,9,9,761,0,0
1490243456980,1052,Videos,200,OK,Thread Group 1-3,text,true,,2398,0,9,9,745,0,0
1490243457288,771,Logon API Request,200,OK,Thread Group 1-7,text,true,,968,275,9,9,771,0,10
1490243457436,768,Logon API Request,200,OK,Thread Group 1-1,text,true,,968,275,9,9,768,0,8
1490243457256,1046,Videos,200,OK,Thread Group 1-6,text,true,,2397,0,9,9,738,0,0
1490243457613,772,Logon API Request,200,OK,Thread Group 1-4,text,true,,968,275,9,9,772,0,11
1490243457616,829,Logon API Request,200,OK,Thread Group 1-9,text,true,,968,275,9,9,829,0,69
1490243457408,1044,Videos,200,OK,Thread Group 1-2,text,true,,2397,0,9,9,737,0,0
1490243457808,761,Logon API Request,200,OK,Thread Group 1-5,text,true,,967,275,9,9,761,0,0
1490243458032,768,Logon API Request,200,OK,Thread Group 1-3,text,true,,962,275,9,9,768,0,7
1490243457939,1044,Videos,200,OK,Thread Group 1-8,text,true,,2397,0,9,9,737,0,0
1490243458303,769,Logon API Request,200,OK,Thread Group 1-6,text,true,,965,275,9,9,769,0,8
1490243458059,1046,Videos,200,OK,Thread Group 1-7,text,true,,2397,0,9,9,739,0,0
1490243458446,736,Videos,200,OK,Thread Group 1-9,text,true,,2397,0,9,9,736,0,0
1490243458454,761,Logon API Request,200,OK,Thread Group 1-2,text,true,,967,275,9,9,761,0,0
1490243458204,1044,Videos,200,OK,Thread Group 1-1,text,true,,2397,0,9,9,737,0,0
1490243458385,1045,Videos,200,OK,Thread Group 1-4,text,true,,2397,0,8,8,738,0,0
1490243458800,745,Videos,200,OK,Thread Group 1-3,text,true,,2398,0,8,8,745,0,0
1490243458570,1045,Videos,200,OK,Thread Group 1-5,text,true,,2397,0,9,9,737,0,0
1490243458984,770,Logon API Request,200,OK,Thread Group 1-8,text,true,,968,275,9,9,770,0,9
1490243459073,738,Videos,200,OK,Thread Group 1-6,text,true,,2397,0,9,9,738,0,0
1490243459106,760,Logon API Request,200,OK,Thread Group 1-7,text,true,,964,275,9,9,760,0,0
1490243459183,761,Logon API Request,200,OK,Thread Group 1-9,text,true,,967,275,9,9,761,0,0
1490243459432,761,Logon API Request,200,OK,Thread Group 1-4,text,true,,964,275,9,9,761,0,0
1490243459215,1046,Videos,200,OK,Thread Group 1-2,text,true,,2397,0,9,9,738,0,0
1490243459546,761,Logon API Request,200,OK,Thread Group 1-3,text,true,,967,275,8,8,761,0,0
1490243459615,772,Logon API Request,200,OK,Thread Group 1-5,text,true,,968,275,8,8,772,0,10
1490243459615,823,Logon API Request,200,OK,Thread Group 1-10,text,true,,968,275,8,8,823,0,61
1490243459812,762,Logon API Request,200,OK,Thread Group 1-6,text,true,,967,275,8,8,762,0,0
1490243459867,737,Videos,200,OK,Thread Group 1-7,text,true,,2397,0,8,8,737,0,0
1490243459945,739,Videos,200,OK,Thread Group 1-9,text,true,,2397,0,8,8,739,0,0
1490243459754,1046,Videos,200,OK,Thread Group 1-8,text,true,,2397,0,8,8,738,0,0
1490243460438,737,Videos,200,OK,Thread Group 1-10,text,true,,2397,0,8,8,737,0,0
1490243460197,1045,Videos,200,OK,Thread Group 1-4,text,true,,2397,0,8,8,737,0,0
1490243460575,747,Videos,200,OK,Thread Group 1-6,text,true,,2398,0,8,8,747,0,0
1490243460308,1045,Videos,200,OK,Thread Group 1-3,text,true,,2397,0,8,8,738,0,0
1490243460605,769,Logon API Request,200,OK,Thread Group 1-7,text,true,,968,275,7,7,769,0,8
1490243460388,1046,Videos,200,OK,Thread Group 1-5,text,true,,2397,0,7,7,738,0,0
1490243460684,768,Logon API Request,200,OK,Thread Group 1-9,text,true,,968,275,7,7,768,0,8
1490243460801,760,Logon API Request,200,OK,Thread Group 1-8,text,true,,967,275,7,7,760,0,0
1490243461177,762,Logon API Request,200,OK,Thread Group 1-10,text,true,,967,275,8,8,762,0,0
1490243461243,771,Logon API Request,200,OK,Thread Group 1-4,text,true,,968,275,8,8,771,0,9
1490243461323,770,Logon API Request,200,OK,Thread Group 1-6,text,true,,968,275,8,8,769,0,9
1490243461435,762,Logon API Request,200,OK,Thread Group 1-5,text,true,,967,275,8,8,762,0,0
1490243461374,1045,Videos,200,OK,Thread Group 1-7,text,true,,2397,0,8,8,737,0,0
1490243461617,821,Logon API Request,200,OK,Thread Group 1-11,text,true,,968,275,8,8,821,0,60
1490243461453,1044,Videos,200,OK,Thread Group 1-9,text,true,,2397,0,8,8,736,0,0
1490243461562,1044,Videos,200,OK,Thread Group 1-8,text,true,,2397,0,8,8,737,0,0
1490243461940,738,Videos,200,OK,Thread Group 1-10,text,true,,2397,0,8,8,738,0,0
1490243462016,1044,Videos,200,OK,Thread Group 1-4,text,true,,2397,0,8,8,737,0,0
1490243462094,1045,Videos,200,OK,Thread Group 1-6,text,true,,2397,0,8,8,737,0,0
1490243462421,761,Logon API Request,200,OK,Thread Group 1-7,text,true,,964,275,8,8,761,0,0
1490243462198,1054,Videos,200,OK,Thread Group 1-5,text,true,,2398,0,8,8,746,0,0
1490243462499,761,Logon API Request,200,OK,Thread Group 1-9,text,true,,967,275,8,8,761,0,0
1490243462608,771,Logon API Request,200,OK,Thread Group 1-8,text,true,,968,275,8,8,771,0,9
1490243462679,769,Logon API Request,200,OK,Thread Group 1-10,text,true,,965,275,8,8,769,0,8
1490243462440,1045,Videos,200,OK,Thread Group 1-11,text,true,,2397,0,8,8,737,0,0
1490243463061,762,Logon API Request,200,OK,Thread Group 1-4,text,true,,967,275,9,9,762,0,0
1490243463140,761,Logon API Request,200,OK,Thread Group 1-6,text,true,,967,275,9,9,761,0,0
1490243463253,769,Logon API Request,200,OK,Thread Group 1-5,text,true,,965,275,9,9,769,0,8
1490243463183,1043,Videos,200,OK,Thread Group 1-7,text,true,,2397,0,9,9,736,0,0
1490243463487,760,Logon API Request,200,OK,Thread Group 1-11,text,true,,967,275,9,9,760,0,0
1490243463260,1047,Videos,200,OK,Thread Group 1-9,text,true,,2397,0,9,9,739,0,0
1490243463380,1044,Videos,200,OK,Thread Group 1-8,text,true,,2397,0,9,9,737,0,0
1490243463617,821,Logon API Request,200,OK,Thread Group 1-12,text,true,,968,275,9,9,821,0,60
1490243463448,1045,Videos,200,OK,Thread Group 1-10,text,true,,2397,0,9,9,737,0,0
1490243463823,737,Videos,200,OK,Thread Group 1-4,text,true,,2397,0,9,9,737,0,0
1490243463901,1045,Videos,200,OK,Thread Group 1-6,text,true,,2397,0,8,8,737,0,0
1490243464227,770,Logon API Request,200,OK,Thread Group 1-7,text,true,,968,275,8,8,770,0,8
1490243464023,1045,Videos,200,OK,Thread Group 1-5,text,true,,2397,0,8,8,737,0,0
1490243464308,770,Logon API Request,200,OK,Thread Group 1-9,text,true,,965,275,8,8,770,0,9
1490243464439,737,Videos,200,OK,Thread Group 1-12,text,true,,2397,0,8,8,737,0,0
1490243464426,761,Logon API Request,200,OK,Thread Group 1-8,text,true,,961,275,8,8,761,0,0
1490243464494,762,Logon API Request,200,OK,Thread Group 1-10,text,true,,967,275,8,8,762,0,0
1490243464248,1044,Videos,200,OK,Thread Group 1-11,text,true,,2397,0,8,8,737,0,0
1490243464947,769,Logon API Request,200,OK,Thread Group 1-6,text,true,,968,275,9,9,769,0,9
1490243465078,738,Videos,200,OK,Thread Group 1-9,text,true,,2397,0,9,9,738,0,0
1490243465069,761,Logon API Request,200,OK,Thread Group 1-5,text,true,,967,275,9,9,761,0,0
1490243465187,739,Videos,200,OK,Thread Group 1-8,text,true,,2397,0,9,9,739,0,0
1490243465177,761,Logon API Request,200,OK,Thread Group 1-12,text,true,,967,275,9,9,761,0,0
1490243464997,1046,Videos,200,OK,Thread Group 1-7,text,true,,2397,0,9,9,738,0,0
1490243465294,768,Logon API Request,200,OK,Thread Group 1-11,text,true,,968,275,9,9,768,0,8
1490243465257,1045,Videos,200,OK,Thread Group 1-10,text,true,,2397,0,9,9,737,0,0
1490243465618,820,Logon API Request,200,OK,Thread Group 1-13,text,true,,968,275,9,9,820,0,60
1490243465817,760,Logon API Request,200,OK,Thread Group 1-9,text,true,,967,275,9,9,760,0,0
1490243465939,737,Videos,200,OK,Thread Group 1-12,text,true,,2397,0,9,9,737,0,0
1490243465927,770,Logon API Request,200,OK,Thread Group 1-8,text,true,,968,275,9,9,770,0,9
1490243465717,1045,Videos,200,OK,Thread Group 1-6,text,true,,2397,0,9,9,738,0,0
1490243466044,761,Logon API Request,200,OK,Thread Group 1-7,text,true,,967,275,9,9,760,0,0
1490243465830,1044,Videos,200,OK,Thread Group 1-5,text,true,,2397,0,9,9,737,0,0
1490243466303,771,Logon API Request,200,OK,Thread Group 1-10,text,true,,968,275,8,8,771,0,9
1490243466063,1044,Videos,200,OK,Thread Group 1-11,text,true,,2397,0,8,8,736,0,0
1490243466439,738,Videos,200,OK,Thread Group 1-13,text,true,,2397,0,8,8,738,0,0
1490243466578,737,Videos,200,OK,Thread Group 1-9,text,true,,2397,0,8,8,737,0,0
1490243466677,770,Logon API Request,200,OK,Thread Group 1-12,text,true,,968,275,8,8,770,0,9
1490243466762,761,Logon API Request,200,OK,Thread Group 1-6,text,true,,967,275,8,8,761,0,0
1490243466697,1044,Videos,200,OK,Thread Group 1-8,text,true,,2397,0,9,9,737,0,0
1490243466804,1045,Videos,200,OK,Thread Group 1-7,text,true,,2397,0,9,9,738,0,0
1490243467107,761,Logon API Request,200,OK,Thread Group 1-11,text,true,,967,275,9,9,760,0,0
1490243467176,761,Logon API Request,200,OK,Thread Group 1-13,text,true,,967,275,9,9,761,0,0
1490243467315,770,Logon API Request,200,OK,Thread Group 1-9,text,true,,968,275,9,9,769,0,8
1490243467073,1046,Videos,200,OK,Thread Group 1-10,text,true,,2397,0,9,9,738,0,0
1490243467447,738,Videos,200,OK,Thread Group 1-12,text,true,,2397,0,9,9,738,0,0
1490243467523,738,Videos,200,OK,Thread Group 1-6,text,true,,2397,0,9,9,738,0,0
1490243467621,824,Logon API Request,200,OK,Thread Group 1-14,text,true,,968,275,8,8,824,0,63
1490243467742,761,Logon API Request,200,OK,Thread Group 1-8,text,true,,967,275,8,8,761,0,0
1490243467849,767,Logon API Request,200,OK,Thread Group 1-7,text,true,,965,275,8,8,767,0,7
1490243468085,737,Videos,200,OK,Thread Group 1-9,text,true,,2397,0,8,8,737,0,0
1490243468120,761,Logon API Request,200,OK,Thread Group 1-10,text,true,,967,275,8,8,761,0,0
1490243467868,1045,Videos,200,OK,Thread Group 1-11,text,true,,2397,0,8,8,738,0,0
1490243468186,762,Logon API Request,200,OK,Thread Group 1-12,text,true,,967,275,8,8,762,0,0
1490243467938,1044,Videos,200,OK,Thread Group 1-13,text,true,,2397,0,8,8,737,0,0
1490243468445,738,Videos,200,OK,Thread Group 1-14,text,true,,2397,0,8,8,738,0,0
1490243468617,738,Videos,200,OK,Thread Group 1-7,text,true,,2397,0,8,8,737,0,0
1490243468504,1046,Videos,200,OK,Thread Group 1-8,text,true,,2397,0,8,8,738,0,0
1490243468823,761,Logon API Request,200,OK,Thread Group 1-9,text,true,,967,275,8,8,761,0,0
1490243468882,737,Videos,200,OK,Thread Group 1-10,text,true,,2397,0,8,8,737,0,0
1490243468914,770,Logon API Request,200,OK,Thread Group 1-11,text,true,,965,275,9,9,770,0,10
1490243468983,771,Logon API Request,200,OK,Thread Group 1-13,text,true,,968,275,9,9,771,0,10
1490243469184,762,Logon API Request,200,OK,Thread Group 1-14,text,true,,967,275,9,9,762,0,0
1490243468948,1044,Videos,200,OK,Thread Group 1-12,text,true,,2397,0,9,9,737,0,0
1490243469356,761,Logon API Request,200,OK,Thread Group 1-7,text,true,,967,275,9,9,761,0,0
1490243469551,803,Logon API Request,200,OK,Thread Group 1-8,text,true,,968,275,9,9,803,0,8
1490243469620,770,Logon API Request,200,OK,Thread Group 1-10,text,true,,968,275,9,9,770,0,10
1490243469623,833,Logon API Request,200,OK,Thread Group 1-15,text,true,,968,275,9,9,833,0,62
1490243469947,737,Videos,200,OK,Thread Group 1-14,text,true,,2397,0,9,9,737,0,0
1490243469584,1137,Videos,200,OK,Thread Group 1-9,text,true,,2397,0,9,9,829,0,0
1490243469684,1059,Videos,200,OK,Thread Group 1-11,text,true,,2397,0,9,9,752,0,0
1490243469994,769,Logon API Request,200,OK,Thread Group 1-12,text,true,,968,275,9,9,769,0,8
1490243469755,1045,Videos,200,OK,Thread Group 1-13,text,true,,2397,0,9,9,737,0,0
1490243470391,736,Videos,200,OK,Thread Group 1-10,text,true,,2397,0,9,9,736,0,0
1490243470118,1045,Videos,200,OK,Thread Group 1-7,text,true,,2397,0,9,9,737,0,0
1490243470354,1045,Videos,200,OK,Thread Group 1-8,text,true,,2397,0,8,8,737,0,0
1490243470684,770,Logon API Request,200,OK,Thread Group 1-14,text,true,,968,275,8,8,770,0,9
1490243470722,769,Logon API Request,200,OK,Thread Group 1-9,text,true,,968,275,8,8,769,0,8
1490243470745,762,Logon API Request,200,OK,Thread Group 1-11,text,true,,967,275,8,8,762,0,0
1490243470456,1053,Videos,200,OK,Thread Group 1-15,text,true,,2398,0,8,8,746,0,0
1490243470801,762,Logon API Request,200,OK,Thread Group 1-13,text,true,,964,275,8,8,762,0,0
1490243470764,1044,Videos,200,OK,Thread Group 1-12,text,true,,2397,0,9,9,737,0,0
1490243471127,761,Logon API Request,200,OK,Thread Group 1-10,text,true,,967,275,9,9,761,0,0
1490243471400,762,Logon API Request,200,OK,Thread Group 1-8,text,true,,967,275,9,9,762,0,0
1490243471455,738,Videos,200,OK,Thread Group 1-14,text,true,,2397,0,9,9,738,0,0
1490243471511,761,Logon API Request,200,OK,Thread Group 1-15,text,true,,967,275,9,9,761,0,0
1490243471624,821,Logon API Request,200,OK,Thread Group 1-16,text,true,,968,275,9,9,821,0,61
1490243471491,1045,Videos,200,OK,Thread Group 1-9,text,true,,2397,0,9,9,738,0,0
1490243471508,1044,Videos,200,OK,Thread Group 1-11,text,true,,2397,0,9,9,737,0,0
1490243471809,762,Logon API Request,200,OK,Thread Group 1-12,text,true,,967,275,9,9,762,0,0
1490243471564,1045,Videos,200,OK,Thread Group 1-13,text,true,,2397,0,9,9,737,0,0
1490243471889,737,Videos,200,OK,Thread Group 1-10,text,true,,2397,0,9,9,737,0,0
1490243472163,736,Videos,200,OK,Thread Group 1-8,text,true,,2397,0,9,9,736,0,0
1490243472194,761,Logon API Request,200,OK,Thread Group 1-14,text,true,,964,275,8,8,760,0,0
1490243472272,738,Videos,200,OK,Thread Group 1-15,text,true,,2397,0,8,8,738,0,0
1490243472538,761,Logon API Request,200,OK,Thread Group 1-9,text,true,,967,275,8,8,761,0,0
1490243472554,770,Logon API Request,200,OK,Thread Group 1-11,text,true,,968,275,8,8,770,0,9
1490243472610,769,Logon API Request,200,OK,Thread Group 1-13,text,true,,965,275,8,8,768,0,9
1490243472627,769,Logon API Request,200,OK,Thread Group 1-10,text,true,,968,275,8,8,768,0,8
1490243472446,1045,Videos,200,OK,Thread Group 1-16,text,true,,2397,0,8,8,738,0,0
1490243472571,1044,Videos,200,OK,Thread Group 1-12,text,true,,2397,0,8,8,737,0,0
1490243473012,768,Logon API Request,200,OK,Thread Group 1-15,text,true,,968,275,9,9,768,0,8
1490243472955,1044,Videos,200,OK,Thread Group 1-14,text,true,,2397,0,9,9,737,0,0
1490243473300,736,Videos,200,OK,Thread Group 1-9,text,true,,2397,0,9,9,736,0,0
1490243473379,739,Videos,200,OK,Thread Group 1-13,text,true,,2397,0,8,8,739,0,0
1490243473396,737,Videos,200,OK,Thread Group 1-10,text,true,,2397,0,8,8,737,0,0
1490243473492,760,Logon API Request,200,OK,Thread Group 1-16,text,true,,967,275,8,8,760,0,0
1490243473325,1044,Videos,200,OK,Thread Group 1-11,text,true,,2397,0,8,8,736,0,0
1490243473616,786,Logon API Request,200,OK,Thread Group 1-12,text,true,,968,275,8,8,786,0,9
1490243473623,822,Logon API Request,200,OK,Thread Group 1-17,text,true,,968,275,8,8,822,0,62
1490243473781,736,Videos,200,OK,Thread Group 1-15,text,true,,2397,0,8,8,735,0,0
1490243474001,786,Logon API Request,200,OK,Thread Group 1-14,text,true,,968,275,8,8,786,0,26
1490243474119,761,Logon API Request,200,OK,Thread Group 1-13,text,true,,967,275,8,8,761,0,0
1490243474134,760,Logon API Request,200,OK,Thread Group 1-10,text,true,,967,275,8,8,759,0,0
1490243474253,738,Videos,200,OK,Thread Group 1-16,text,true,,2397,0,8,8,738,0,0
1490243474370,760,Logon API Request,200,OK,Thread Group 1-11,text,true,,967,275,8,8,760,0,0
1490243474446,737,Videos,200,OK,Thread Group 1-17,text,true,,2397,0,8,8,737,0,0
1490243474518,762,Logon API Request,200,OK,Thread Group 1-15,text,true,,967,275,8,8,762,0,0
1490243474402,1045,Videos,200,OK,Thread Group 1-12,text,true,,2397,0,8,8,738,0,0
1490243474894,736,Videos,200,OK,Thread Group 1-10,text,true,,2397,0,9,9,736,0,0
1490243474992,770,Logon API Request,200,OK,Thread Group 1-16,text,true,,968,275,8,8,770,0,9
1490243474788,1045,Videos,200,OK,Thread Group 1-14,text,true,,2397,0,8,8,737,0,0
1490243475131,737,Videos,200,OK,Thread Group 1-11,text,true,,2397,0,8,8,737,0,0
1490243474881,1044,Videos,200,OK,Thread Group 1-13,text,true,,2397,0,8,8,737,0,0
1490243475184,761,Logon API Request,200,OK,Thread Group 1-17,text,true,,967,275,8,8,760,0,0
1490243475448,761,Logon API Request,200,OK,Thread Group 1-12,text,true,,967,275,8,8,761,0,0
1490243475280,1044,Videos,200,OK,Thread Group 1-15,text,true,,2397,0,8,8,737,0,0
1490243475623,819,Logon API Request,200,OK,Thread Group 1-18,text,true,,968,275,8,8,819,0,58
1490243475762,738,Videos,200,OK,Thread Group 1-16,text,true,,2397,0,8,8,738,0,0
1490243475834,761,Logon API Request,200,OK,Thread Group 1-14,text,true,,964,275,8,8,761,0,0
1490243475869,771,Logon API Request,200,OK,Thread Group 1-11,text,true,,968,275,8,8,771,0,10
1490243475945,736,Videos,200,OK,Thread Group 1-17,text,true,,2397,0,8,8,736,0,0
1490243475926,769,Logon API Request,200,OK,Thread Group 1-13,text,true,,965,275,8,8,769,0,9
1490243476210,736,Videos,200,OK,Thread Group 1-12,text,true,,2397,0,8,8,736,0,0
1490243476326,768,Logon API Request,200,OK,Thread Group 1-15,text,true,,968,275,8,8,768,0,8
1490243476501,760,Logon API Request,200,OK,Thread Group 1-16,text,true,,964,275,8,8,760,0,0
1490243476595,736,Videos,200,OK,Thread Group 1-14,text,true,,2397,0,8,8,736,0,0
1490243476681,767,Logon API Request,200,OK,Thread Group 1-17,text,true,,968,275,8,8,767,0,6
1490243476442,1045,Videos,200,OK,Thread Group 1-18,text,true,,2397,0,8,8,737,0,0
1490243476640,1045,Videos,200,OK,Thread Group 1-11,text,true,,2397,0,9,9,737,0,0
1490243476947,769,Logon API Request,200,OK,Thread Group 1-12,text,true,,968,275,9,9,769,0,8
1490243476696,1044,Videos,200,OK,Thread Group 1-13,text,true,,2397,0,9,9,737,0,0
1490243477333,768,Logon API Request,200,OK,Thread Group 1-14,text,true,,968,275,9,9,768,0,9
1490243477094,1044,Videos,200,OK,Thread Group 1-15,text,true,,2397,0,9,9,737,0,0
1490243477488,760,Logon API Request,200,OK,Thread Group 1-18,text,true,,967,275,9,9,760,0,0
1490243477261,1045,Videos,200,OK,Thread Group 1-16,text,true,,2397,0,9,9,737,0,0
1490243477623,820,Logon API Request,200,OK,Thread Group 1-19,text,true,,968,275,9,9,820,0,59
1490243477686,761,Logon API Request,200,OK,Thread Group 1-11,text,true,,967,275,9,9,761,0,0
1490243477448,1043,Videos,200,OK,Thread Group 1-17,text,true,,2397,0,9,9,736,0,0
1490243477742,761,Logon API Request,200,OK,Thread Group 1-13,text,true,,967,275,9,9,761,0,0
1490243477717,1044,Videos,200,OK,Thread Group 1-12,text,true,,2397,0,9,9,736,0,0
1490243478139,761,Logon API Request,200,OK,Thread Group 1-15,text,true,,964,275,9,9,761,0,0
1490243478306,770,Logon API Request,200,OK,Thread Group 1-16,text,true,,968,275,9,9,770,0,9
1490243478102,1043,Videos,200,OK,Thread Group 1-14,text,true,,2397,0,9,9,736,0,0
1490243478503,737,Videos,200,OK,Thread Group 1-13,text,true,,2397,0,9,9,737,0,0
1490243478492,761,Logon API Request,200,OK,Thread Group 1-17,text,true,,967,275,9,9,761,0,0
1490243478248,1044,Videos,200,OK,Thread Group 1-18,text,true,,2397,0,9,9,737,0,0
1490243478444,1044,Videos,200,OK,Thread Group 1-19,text,true,,2397,0,9,9,737,0,0
1490243478448,1043,Videos,200,OK,Thread Group 1-11,text,true,,2397,0,9,9,736,0,0
1490243478762,762,Logon API Request,200,OK,Thread Group 1-12,text,true,,967,275,8,8,762,0,0
1490243478900,738,Videos,200,OK,Thread Group 1-15,text,true,,2397,0,9,9,738,0,0
1490243479146,762,Logon API Request,200,OK,Thread Group 1-14,text,true,,964,275,9,9,762,0,0
1490243479240,769,Logon API Request,200,OK,Thread Group 1-13,text,true,,968,275,9,9,769,0,9
1490243479293,769,Logon API Request,200,OK,Thread Group 1-18,text,true,,968,275,9,9,769,0,8
1490243479076,1045,Videos,200,OK,Thread Group 1-16,text,true,,2397,0,9,9,738,0,0
1490243479490,761,Logon API Request,200,OK,Thread Group 1-19,text,true,,967,275,9,9,761,0,0
1490243479253,1043,Videos,200,OK,Thread Group 1-17,text,true,,2397,0,9,9,736,0,0
1490243479638,770,Logon API Request,200,OK,Thread Group 1-15,text,true,,968,275,9,9,770,0,10
1490243479623,819,Logon API Request,200,OK,Thread Group 1-20,text,true,,968,275,9,9,819,0,59
1490243479525,1045,Videos,200,OK,Thread Group 1-12,text,true,,2397,0,9,9,738,0,0
1490243480122,761,Logon API Request,200,OK,Thread Group 1-16,text,true,,967,275,8,8,761,0,0
1490243479908,1044,Videos,200,OK,Thread Group 1-14,text,true,,2397,0,8,8,737,0,0
1490243480010,1042,Videos,200,OK,Thread Group 1-13,text,true,,2397,0,8,8,735,0,0
1490243480298,769,Logon API Request,200,OK,Thread Group 1-17,text,true,,968,275,8,8,769,0,8
1490243480062,1045,Videos,200,OK,Thread Group 1-18,text,true,,2397,0,8,8,737,0,0
1490243480442,737,Videos,200,OK,Thread Group 1-20,text,true,,2397,0,8,8,737,0,0
1490243480251,1044,Videos,200,OK,Thread Group 1-19,text,true,,2397,0,8,8,736,0,0
1490243480409,1045,Videos,200,OK,Thread Group 1-15,text,true,,2397,0,8,8,737,0,0
1490243480953,768,Logon API Request,200,OK,Thread Group 1-14,text,true,,968,275,9,9,768,0,7
1490243481068,737,Videos,200,OK,Thread Group 1-17,text,true,,2397,0,9,9,737,0,0
1490243481053,761,Logon API Request,200,OK,Thread Group 1-13,text,true,,967,275,9,9,761,0,0
1490243481108,762,Logon API Request,200,OK,Thread Group 1-18,text,true,,967,275,9,9,761,0,0
1490243480884,1044,Videos,200,OK,Thread Group 1-16,text,true,,2397,0,9,9,736,0,0
1490243481180,761,Logon API Request,200,OK,Thread Group 1-20,text,true,,967,275,9,9,761,0,0
1490243481295,768,Logon API Request,200,OK,Thread Group 1-19,text,true,,968,275,9,9,768,0,8
1490243481455,762,Logon API Request,200,OK,Thread Group 1-15,text,true,,967,275,9,9,762,0,0
1490243481623,819,Logon API Request,200,OK,Thread Group 1-21,text,true,,968,275,9,9,819,0,58
1490243481814,737,Videos,200,OK,Thread Group 1-13,text,true,,2397,0,9,9,736,0,0
1490243481807,761,Logon API Request,200,OK,Thread Group 1-17,text,true,,967,275,8,8,761,0,0
1490243481928,771,Logon API Request,200,OK,Thread Group 1-16,text,true,,965,275,8,8,771,0,10
1490243481722,1044,Videos,200,OK,Thread Group 1-14,text,true,,2397,0,8,8,736,0,0
1490243482064,736,Videos,200,OK,Thread Group 1-19,text,true,,2397,0,8,8,736,0,0
1490243481870,1044,Videos,200,OK,Thread Group 1-18,text,true,,2397,0,8,8,737,0,0
1490243482217,736,Videos,200,OK,Thread Group 1-15,text,true,,2397,0,8,8,736,0,0
1490243481941,1045,Videos,200,OK,Thread Group 1-20,text,true,,2397,0,8,8,738,0,0
1490243482443,737,Videos,200,OK,Thread Group 1-21,text,true,,2397,0,8,8,737,0,0
1490243482569,736,Videos,200,OK,Thread Group 1-17,text,true,,2397,0,8,8,736,0,0
1490243482767,761,Logon API Request,200,OK,Thread Group 1-14,text,true,,967,275,8,8,761,0,0
1490243482801,760,Logon API Request,200,OK,Thread Group 1-19,text,true,,967,275,8,8,760,0,0
1490243482916,768,Logon API Request,200,OK,Thread Group 1-18,text,true,,968,275,9,9,768,0,8
1490243482954,767,Logon API Request,200,OK,Thread Group 1-15,text,true,,968,275,9,9,767,0,7
1490243482699,1053,Videos,200,OK,Thread Group 1-16,text,true,,2398,0,9,9,745,0,0
1490243482986,769,Logon API Request,200,OK,Thread Group 1-20,text,true,,965,275,9,9,769,0,8
1490243483180,761,Logon API Request,200,OK,Thread Group 1-21,text,true,,964,275,9,9,761,0,0
1490243483307,770,Logon API Request,200,OK,Thread Group 1-17,text,true,,968,275,9,9,770,0,9
1490243483528,737,Videos,200,OK,Thread Group 1-14,text,true,,2397,0,9,9,737,0,0
1490243483562,736,Videos,200,OK,Thread Group 1-19,text,true,,2397,0,8,8,736,0,0
1490243483684,736,Videos,200,OK,Thread Group 1-18,text,true,,2397,0,8,8,736,0,0
1490243483624,819,Logon API Request,200,OK,Thread Group 1-22,text,true,,968,275,8,8,819,0,58
1490243483753,761,Logon API Request,200,OK,Thread Group 1-16,text,true,,967,275,8,8,761,0,0
1490243483722,1045,Videos,200,OK,Thread Group 1-15,text,true,,2397,0,8,8,737,0,0
1490243483756,1046,Videos,200,OK,Thread Group 1-20,text,true,,2397,0,8,8,738,0,0
1490243483942,1043,Videos,200,OK,Thread Group 1-21,text,true,,2397,0,8,8,736,0,0
1490243484298,769,Logon API Request,200,OK,Thread Group 1-19,text,true,,968,275,8,8,769,0,8
1490243484078,1051,Videos,200,OK,Thread Group 1-17,text,true,,2398,0,8,8,744,0,0
1490243484422,761,Logon API Request,200,OK,Thread Group 1-18,text,true,,967,275,8,8,761,0,0
1490243484443,1045,Videos,200,OK,Thread Group 1-22,text,true,,2397,0,8,8,738,0,0
1490243484768,761,Logon API Request,200,OK,Thread Group 1-15,text,true,,967,275,8,8,761,0,0
1490243484515,1044,Videos,200,OK,Thread Group 1-16,text,true,,2397,0,8,8,737,0,0
1490243484803,762,Logon API Request,200,OK,Thread Group 1-20,text,true,,967,275,8,8,761,0,0
1490243484986,768,Logon API Request,200,OK,Thread Group 1-21,text,true,,968,275,9,9,768,0,8
1490243485131,761,Logon API Request,200,OK,Thread Group 1-17,text,true,,967,275,9,9,760,0,0
1490243485067,1044,Videos,200,OK,Thread Group 1-19,text,true,,2397,0,9,9,737,0,0
1490243485183,1045,Videos,200,OK,Thread Group 1-18,text,true,,2397,0,9,9,737,0,0
1490243485489,761,Logon API Request,200,OK,Thread Group 1-22,text,true,,967,275,9,9,761,0,0
1490243485565,737,Videos,200,OK,Thread Group 1-20,text,true,,2397,0,9,9,737,0,0
1490243485560,769,Logon API Request,200,OK,Thread Group 1-16,text,true,,968,275,9,9,769,0,8
1490243485625,818,Logon API Request,200,OK,Thread Group 1-23,text,true,,968,275,9,9,818,0,56
1490243485755,738,Videos,200,OK,Thread Group 1-21,text,true,,2397,0,9,9,738,0,0
1490243485529,1044,Videos,200,OK,Thread Group 1-15,text,true,,2397,0,9,9,736,0,0
1490243485892,737,Videos,200,OK,Thread Group 1-17,text,true,,2397,0,8,8,737,0,0
1490243486112,761,Logon API Request,200,OK,Thread Group 1-19,text,true,,967,275,8,8,761,0,0
1490243486229,768,Logon API Request,200,OK,Thread Group 1-18,text,true,,968,275,8,8,768,0,7
1490243486302,769,Logon API Request,200,OK,Thread Group 1-20,text,true,,968,275,8,8,769,0,8
1490243486493,762,Logon API Request,200,OK,Thread Group 1-21,text,true,,967,275,8,8,762,0,0
1490243486251,1045,Videos,200,OK,Thread Group 1-22,text,true,,2397,0,8,8,737,0,0
1490243486329,1045,Videos,200,OK,Thread Group 1-16,text,true,,2397,0,8,8,738,0,0
1490243486630,768,Logon API Request,200,OK,Thread Group 1-17,text,true,,968,275,8,8,768,0,8
1490243486443,1045,Videos,200,OK,Thread Group 1-23,text,true,,2397,0,8,8,737,0,0
1490243486873,737,Videos,200,OK,Thread Group 1-19,text,true,,2397,0,8,8,737,0,0
1490243486997,738,Videos,200,OK,Thread Group 1-18,text,true,,2397,0,9,9,738,0,0
1490243487296,767,Logon API Request,200,OK,Thread Group 1-22,text,true,,968,275,9,9,767,0,7
1490243487071,1045,Videos,200,OK,Thread Group 1-20,text,true,,2397,0,9,9,737,0,0
1490243487374,762,Logon API Request,200,OK,Thread Group 1-16,text,true,,967,275,9,9,762,0,0
1490243487489,761,Logon API Request,200,OK,Thread Group 1-23,text,true,,967,275,9,9,761,0,0
1490243487255,1046,Videos,200,OK,Thread Group 1-21,text,true,,2397,0,9,9,738,0,0
1490243487611,769,Logon API Request,200,OK,Thread Group 1-19,text,true,,968,275,9,9,769,0,8
1490243487399,1044,Videos,200,OK,Thread Group 1-17,text,true,,2397,0,9,9,736,0,0
1490243487626,820,Logon API Request,200,OK,Thread Group 1-24,text,true,,968,275,9,9,820,0,59
1490243487736,760,Logon API Request,200,OK,Thread Group 1-18,text,true,,964,275,9,9,760,0,0
1490243488117,760,Logon API Request,200,OK,Thread Group 1-20,text,true,,967,275,9,9,760,0,0
1490243488302,767,Logon API Request,200,OK,Thread Group 1-21,text,true,,968,275,9,9,767,0,8
1490243488064,1044,Videos,200,OK,Thread Group 1-22,text,true,,2397,0,9,9,737,0,0
1490243488136,1045,Videos,200,OK,Thread Group 1-16,text,true,,2397,0,9,9,737,0,0
1490243488444,761,Logon API Request,200,OK,Thread Group 1-17,text,true,,967,275,8,8,761,0,0
1490243488250,1045,Videos,200,OK,Thread Group 1-23,text,true,,2397,0,8,8,737,0,0
1490243488380,1045,Videos,200,OK,Thread Group 1-19,text,true,,2397,0,8,8,737,0,0
1490243488446,1044,Videos,200,OK,Thread Group 1-24,text,true,,2397,0,8,8,737,0,0
1490243488497,1043,Videos,200,OK,Thread Group 1-18,text,true,,2397,0,8,8,736,0,0
1490243489109,761,Logon API Request,200,OK,Thread Group 1-22,text,true,,967,275,9,9,761,0,0
1490243488878,1044,Videos,200,OK,Thread Group 1-20,text,true,,2397,0,9,9,737,0,0
1490243489296,769,Logon API Request,200,OK,Thread Group 1-23,text,true,,968,275,9,9,769,0,7
1490243489069,1052,Videos,200,OK,Thread Group 1-21,text,true,,2398,0,9,9,745,0,0
1490243489426,762,Logon API Request,200,OK,Thread Group 1-19,text,true,,967,275,9,9,761,0,0
1490243489205,1045,Videos,200,OK,Thread Group 1-17,text,true,,2397,0,9,9,738,0,0
1490243489491,761,Logon API Request,200,OK,Thread Group 1-24,text,true,,967,275,8,8,761,0,0
1490243489541,769,Logon API Request,200,OK,Thread Group 1-18,text,true,,965,275,8,8,769,0,8
1490243489626,820,Logon API Request,200,OK,Thread Group 1-25,text,true,,968,275,8,8,819,0,59
1490243489924,768,Logon API Request,200,OK,Thread Group 1-20,text,true,,968,275,8,8,767,0,7
1490243490121,762,Logon API Request,200,OK,Thread Group 1-21,text,true,,967,275,8,8,762,0,0
1490243489870,1044,Videos,200,OK,Thread Group 1-22,text,true,,2397,0,8,8,736,0,0
1490243490067,1044,Videos,200,OK,Thread Group 1-23,text,true,,2397,0,8,8,737,0,0
1490243490188,1046,Videos,200,OK,Thread Group 1-19,text,true,,2397,0,8,8,739,0,0
1490243490253,1043,Videos,200,OK,Thread Group 1-24,text,true,,2397,0,8,8,735,0,0
1490243490311,1043,Videos,200,OK,Thread Group 1-18,text,true,,2397,0,8,8,735,0,0
1490243490692,740,Videos,200,OK,Thread Group 1-20,text,true,,2397,0,8,8,740,0,0
1490243490446,1045,Videos,200,OK,Thread Group 1-25,text,true,,2397,0,8,8,737,0,0
1490243490883,737,Videos,200,OK,Thread Group 1-21,text,true,,2397,0,8,8,737,0,0
1490243490914,770,Logon API Request,200,OK,Thread Group 1-22,text,true,,968,275,9,9,770,0,9
1490243491111,762,Logon API Request,200,OK,Thread Group 1-23,text,true,,967,275,9,9,762,0,0
1490243491235,769,Logon API Request,200,OK,Thread Group 1-19,text,true,,968,275,9,9,769,0,7
1490243491297,768,Logon API Request,200,OK,Thread Group 1-24,text,true,,965,275,9,9,768,0,9
1490243491355,761,Logon API Request,200,OK,Thread Group 1-18,text,true,,967,275,9,9,761,0,0
1490243491432,761,Logon API Request,200,OK,Thread Group 1-20,text,true,,967,275,9,9,761,0,0
1490243491492,762,Logon API Request,200,OK,Thread Group 1-25,text,true,,964,275,9,9,762,0,0
1490243491621,769,Logon API Request,200,OK,Thread Group 1-21,text,true,,968,275,9,9,768,0,8
1490243491626,820,Logon API Request,200,OK,Thread Group 1-26,text,true,,968,275,9,9,820,0,59
1490243491685,1043,Videos,200,OK,Thread Group 1-22,text,true,,2397,0,9,9,736,0,0
1490243492066,737,Videos,200,OK,Thread Group 1-24,text,true,,2397,0,9,9,737,0,0
1490243491873,1045,Videos,200,OK,Thread Group 1-23,text,true,,2397,0,9,9,738,0,0
1490243492254,745,Videos,200,OK,Thread Group 1-25,text,true,,2398,0,9,9,745,0,0
1490243492005,1044,Videos,200,OK,Thread Group 1-19,text,true,,2397,0,9,9,737,0,0
1490243492390,744,Videos,200,OK,Thread Group 1-21,text,true,,2398,0,9,9,744,0,0
1490243492116,1044,Videos,200,OK,Thread Group 1-18,text,true,,2397,0,9,9,737,0,0
1490243492193,1053,Videos,200,OK,Thread Group 1-20,text,true,,2398,0,8,8,744,0,0
1490243492729,761,Logon API Request,200,OK,Thread Group 1-22,text,true,,967,275,8,8,761,0,0
1490243492447,1051,Videos,200,OK,Thread Group 1-26,text,true,,2398,0,8,8,744,0,0
1490243492804,761,Logon API Request,200,OK,Thread Group 1-24,text,true,,967,275,8,8,761,0,0
1490243492919,768,Logon API Request,200,OK,Thread Group 1-23,text,true,,968,275,9,9,768,0,8
1490243492999,768,Logon API Request,200,OK,Thread Group 1-25,text,true,,968,275,9,9,768,0,8
1490243493049,762,Logon API Request,200,OK,Thread Group 1-19,text,true,,967,275,9,9,762,0,0
1490243493136,761,Logon API Request,200,OK,Thread Group 1-21,text,true,,967,275,9,9,761,0,0
1490243493247,768,Logon API Request,200,OK,Thread Group 1-20,text,true,,968,275,9,9,768,0,8
1490243493491,736,Videos,200,OK,Thread Group 1-22,text,true,,2397,0,9,9,736,0,0
1490243493499,760,Logon API Request,200,OK,Thread Group 1-26,text,true,,967,275,9,9,760,0,0
1490243493626,820,Logon API Request,200,OK,Thread Group 1-27,text,true,,968,275,9,9,820,0,59
1490243493811,736,Videos,200,OK,Thread Group 1-19,text,true,,2397,0,9,9,736,0,0
1490243493565,1046,Videos,200,OK,Thread Group 1-24,text,true,,2397,0,8,8,739,0,0
1490243493688,1045,Videos,200,OK,Thread Group 1-23,text,true,,2397,0,8,8,737,0,0
1490243493767,1045,Videos,200,OK,Thread Group 1-25,text,true,,2397,0,8,8,738,0,0
1490243493898,1044,Videos,200,OK,Thread Group 1-21,text,true,,2397,0,8,8,736,0,0
1490243494229,771,Logon API Request,200,OK,Thread Group 1-22,text,true,,965,275,8,8,771,0,10
1490243494016,1052,Videos,200,OK,Thread Group 1-20,text,true,,2398,0,8,8,745,0,0
1490243494259,1045,Videos,200,OK,Thread Group 1-26,text,true,,2397,0,8,8,737,0,0
1490243494612,769,Logon API Request,200,OK,Thread Group 1-24,text,true,,968,275,8,8,769,0,8
1490243494734,761,Logon API Request,200,OK,Thread Group 1-23,text,true,,967,275,8,8,761,0,0
1490243494447,1055,Videos,200,OK,Thread Group 1-27,text,true,,2398,0,8,8,747,0,0
1490243494813,762,Logon API Request,200,OK,Thread Group 1-25,text,true,,967,275,8,8,762,0,0
1490243494943,768,Logon API Request,200,OK,Thread Group 1-21,text,true,,968,275,9,9,768,0,7
1490243495069,760,Logon API Request,200,OK,Thread Group 1-20,text,true,,967,275,9,9,760,0,0
1490243495000,1045,Videos,200,OK,Thread Group 1-22,text,true,,2397,0,9,9,737,0,0
1490243495304,768,Logon API Request,200,OK,Thread Group 1-26,text,true,,968,275,9,9,768,0,6
1490243495502,762,Logon API Request,200,OK,Thread Group 1-27,text,true,,967,275,9,9,762,0,0
1490243495382,1044,Videos,200,OK,Thread Group 1-24,text,true,,2397,0,9,9,737,0,0
1490243495626,817,Logon API Request,200,OK,Thread Group 1-28,text,true,,968,275,9,9,817,0,55
1490243495495,1045,Videos,200,OK,Thread Group 1-23,text,true,,2397,0,9,9,737,0,0
1490243495575,1045,Videos,200,OK,Thread Group 1-25,text,true,,2397,0,9,9,738,0,0
1490243495711,1044,Videos,200,OK,Thread Group 1-21,text,true,,2397,0,9,9,737,0,0
1490243496045,760,Logon API Request,200,OK,Thread Group 1-22,text,true,,967,275,9,9,760,0,0
1490243495829,1045,Videos,200,OK,Thread Group 1-20,text,true,,2397,0,9,9,737,0,0
1490243496072,1043,Videos,200,OK,Thread Group 1-26,text,true,,2397,0,8,8,736,0,0
1490243496427,761,Logon API Request,200,OK,Thread Group 1-24,text,true,,964,275,8,8,761,0,0
1490243496264,1044,Videos,200,OK,Thread Group 1-27,text,true,,2397,0,8,8,737,0,0
1490243496540,769,Logon API Request,200,OK,Thread Group 1-23,text,true,,965,275,8,8,769,0,8
1490243496622,767,Logon API Request,200,OK,Thread Group 1-25,text,true,,968,275,8,8,767,0,8
1490243496443,1043,Videos,200,OK,Thread Group 1-28,text,true,,2397,0,8,8,736,0,0
1490243496756,761,Logon API Request,200,OK,Thread Group 1-21,text,true,,967,275,8,8,761,0,0
1490243496806,1044,Videos,200,OK,Thread Group 1-22,text,true,,2397,0,9,9,737,0,0
1490243497116,761,Logon API Request,200,OK,Thread Group 1-26,text,true,,967,275,9,9,761,0,0
1490243497189,736,Videos,200,OK,Thread Group 1-24,text,true,,2397,0,9,9,736,0,0
1490243497310,736,Videos,200,OK,Thread Group 1-23,text,true,,2397,0,9,9,736,0,0
1490243497309,769,Logon API Request,200,OK,Thread Group 1-27,text,true,,968,275,9,9,769,0,8
1490243497487,761,Logon API Request,200,OK,Thread Group 1-28,text,true,,967,275,9,9,761,0,0
1490243497390,1044,Videos,200,OK,Thread Group 1-25,text,true,,2397,0,9,9,736,0,0
1490243497627,820,Logon API Request,200,OK,Thread Group 1-29,text,true,,968,275,9,9,820,0,59
1490243497518,1044,Videos,200,OK,Thread Group 1-21,text,true,,2397,0,9,9,737,0,0
1490243497851,769,Logon API Request,200,OK,Thread Group 1-22,text,true,,968,275,8,8,769,0,9
1490243497926,768,Logon API Request,200,OK,Thread Group 1-24,text,true,,965,275,8,8,768,0,9
1490243498048,760,Logon API Request,200,OK,Thread Group 1-23,text,true,,967,275,8,8,760,0,0
1490243497878,1043,Videos,200,OK,Thread Group 1-26,text,true,,2397,0,8,8,736,0,0
1490243498079,1044,Videos,200,OK,Thread Group 1-27,text,true,,2397,0,8,8,736,0,0
1490243498435,762,Logon API Request,200,OK,Thread Group 1-25,text,true,,967,275,8,8,761,0,0
1490243498249,1044,Videos,200,OK,Thread Group 1-28,text,true,,2397,0,8,8,736,0,0
1490243498447,1044,Videos,200,OK,Thread Group 1-29,text,true,,2397,0,8,8,737,0,0
1490243498620,1045,Videos,200,OK,Thread Group 1-22,text,true,,2397,0,9,9,737,0,0
1490243498922,769,Logon API Request,200,OK,Thread Group 1-26,text,true,,968,275,9,9,769,0,8
1490243498695,1046,Videos,200,OK,Thread Group 1-24,text,true,,2397,0,9,9,738,0,0
1490243498809,1043,Videos,200,OK,Thread Group 1-23,text,true,,2397,0,9,9,736,0,0
1490243499124,761,Logon API Request,200,OK,Thread Group 1-27,text,true,,967,275,9,9,761,0,0
1490243499197,737,Videos,200,OK,Thread Group 1-25,text,true,,2397,0,9,9,737,0,0
1490243499294,768,Logon API Request,200,OK,Thread Group 1-28,text,true,,968,275,9,9,768,0,8
1490243499492,761,Logon API Request,200,OK,Thread Group 1-29,text,true,,967,275,9,9,761,0,0
1490243499666,761,Logon API Request,200,OK,Thread Group 1-22,text,true,,967,275,9,9,761,0,0
1490243499629,821,Logon API Request,200,OK,Thread Group 1-30,text,true,,968,275,9,9,820,0,60
1490243499742,761,Logon API Request,200,OK,Thread Group 1-24,text,true,,967,275,9,9,761,0,0
1490243499853,769,Logon API Request,200,OK,Thread Group 1-23,text,true,,968,275,9,9,769,0,8
1490243499934,770,Logon API Request,200,OK,Thread Group 1-25,text,true,,968,275,9,9,770,0,8
1490243499692,1045,Videos,200,OK,Thread Group 1-26,text,true,,2397,0,9,9,737,0,0
1490243499885,1044,Videos,200,OK,Thread Group 1-27,text,true,,2397,0,9,9,737,0,0
1490243500254,737,Videos,200,OK,Thread Group 1-29,text,true,,2397,0,9,9,737,0,0
1490243500063,1045,Videos,200,OK,Thread Group 1-28,text,true,,2397,0,9,9,737,0,0
1490243500428,737,Videos,200,OK,Thread Group 1-22,text,true,,2397,0,9,9,737,0,0
1490243500450,1047,Videos,200,OK,Thread Group 1-30,text,true,,2397,0,8,8,739,0,0
1490243500738,760,Logon API Request,200,OK,Thread Group 1-26,text,true,,967,275,8,8,760,0,0
1490243500504,1043,Videos,200,OK,Thread Group 1-24,text,true,,2397,0,8,8,736,0,0
1490243500622,1051,Videos,200,OK,Thread Group 1-23,text,true,,2398,0,9,9,743,0,0
1490243500930,769,Logon API Request,200,OK,Thread Group 1-27,text,true,,965,275,9,9,768,0,9
1490243500704,1053,Videos,200,OK,Thread Group 1-25,text,true,,2398,0,9,9,746,0,0
1490243500992,768,Logon API Request,200,OK,Thread Group 1-29,text,true,,968,275,9,9,768,0,8
1490243501109,760,Logon API Request,200,OK,Thread Group 1-28,text,true,,967,275,9,9,760,0,0
1490243501497,761,Logon API Request,200,OK,Thread Group 1-30,text,true,,967,275,9,9,761,0,0
1490243501548,768,Logon API Request,200,OK,Thread Group 1-24,text,true,,968,275,9,9,768,0,7
1490243501674,761,Logon API Request,200,OK,Thread Group 1-23,text,true,,967,275,9,9,761,0,0
1490243501629,818,Logon API Request,200,OK,Thread Group 1-31,text,true,,968,275,9,9,818,0,57
1490243501758,762,Logon API Request,200,OK,Thread Group 1-25,text,true,,967,275,9,9,762,0,0
1490243501499,1043,Videos,200,OK,Thread Group 1-26,text,true,,2397,0,9,9,735,0,0
1490243501699,1045,Videos,200,OK,Thread Group 1-27,text,true,,2397,0,9,9,737,0,0
1490243501760,1046,Videos,200,OK,Thread Group 1-29,text,true,,2397,0,9,9,739,0,0
1490243501870,1045,Videos,200,OK,Thread Group 1-28,text,true,,2397,0,9,9,738,0,0
1490243502316,738,Videos,200,OK,Thread Group 1-24,text,true,,2397,0,9,9,738,0,0
1490243502259,1045,Videos,200,OK,Thread Group 1-30,text,true,,2397,0,9,9,737,0,0
1490243502543,769,Logon API Request,200,OK,Thread Group 1-26,text,true,,968,275,9,9,769,0,8
1490243502436,1044,Videos,200,OK,Thread Group 1-23,text,true,,2397,0,9,9,736,0,0
1490243502447,1052,Videos,200,OK,Thread Group 1-31,text,true,,2398,0,8,8,745,0,0
1490243502744,762,Logon API Request,200,OK,Thread Group 1-27,text,true,,967,275,8,8,762,0,0
1490243502807,761,Logon API Request,200,OK,Thread Group 1-29,text,true,,967,275,8,8,761,0,0
1490243502520,1053,Videos,200,OK,Thread Group 1-25,text,true,,2398,0,8,8,746,0,0
1490243502916,769,Logon API Request,200,OK,Thread Group 1-28,text,true,,965,275,9,9,769,0,9
1490243503055,761,Logon API Request,200,OK,Thread Group 1-24,text,true,,967,275,9,9,761,0,0
1490243503313,737,Videos,200,OK,Thread Group 1-26,text,true,,2397,0,9,9,737,0,0
1490243503305,768,Logon API Request,200,OK,Thread Group 1-30,text,true,,968,275,9,9,768,0,7
1490243503500,760,Logon API Request,200,OK,Thread Group 1-31,text,true,,967,275,9,9,760,0,0
1490243503574,769,Logon API Request,200,OK,Thread Group 1-25,text,true,,968,275,9,9,769,0,8
1490243503686,737,Videos,200,OK,Thread Group 1-28,text,true,,2397,0,9,9,737,0,0
1490243503630,819,Logon API Request,200,OK,Thread Group 1-32,text,true,,968,275,9,9,819,0,59
1490243503506,1044,Videos,200,OK,Thread Group 1-27,text,true,,2397,0,9,9,736,0,0
1490243503569,1044,Videos,200,OK,Thread Group 1-29,text,true,,2397,0,9,9,737,0,0
1490243504051,760,Logon API Request,200,OK,Thread Group 1-26,text,true,,967,275,9,9,760,0,0
1490243503817,1042,Videos,200,OK,Thread Group 1-24,text,true,,2397,0,9,9,735,0,0
1490243504073,1044,Videos,200,OK,Thread Group 1-30,text,true,,2397,0,8,8,737,0,0
1490243504424,761,Logon API Request,200,OK,Thread Group 1-28,text,true,,967,275,8,8,761,0,0
1490243504261,1043,Videos,200,OK,Thread Group 1-31,text,true,,2397,0,8,8,736,0,0
1490243504550,768,Logon API Request,200,OK,Thread Group 1-27,text,true,,968,275,8,8,768,0,8
1490243504614,768,Logon API Request,200,OK,Thread Group 1-29,text,true,,968,275,8,8,768,0,7
1490243504343,1045,Videos,200,OK,Thread Group 1-25,text,true,,2397,0,8,8,737,0,0
1490243504449,1046,Videos,200,OK,Thread Group 1-32,text,true,,2397,0,8,8,738,0,0
1490243504811,1045,Videos,200,OK,Thread Group 1-26,text,true,,2397,0,9,9,738,0,0
1490243505118,762,Logon API Request,200,OK,Thread Group 1-30,text,true,,967,275,9,9,762,0,0
1490243505305,769,Logon API Request,200,OK,Thread Group 1-31,text,true,,968,275,9,9,769,0,8
1490243505388,762,Logon API Request,200,OK,Thread Group 1-25,text,true,,967,275,9,9,762,0,0
1490243505186,1045,Videos,200,OK,Thread Group 1-28,text,true,,2397,0,9,9,737,0,0
1490243505496,762,Logon API Request,200,OK,Thread Group 1-32,text,true,,967,275,9,9,762,0,0
1490243505319,1044,Videos,200,OK,Thread Group 1-27,text,true,,2397,0,9,9,737,0,0
1490243505383,1043,Videos,200,OK,Thread Group 1-29,text,true,,2397,0,9,9,736,0,0
1490243505631,819,Logon API Request,200,OK,Thread Group 1-33,text,true,,965,275,9,9,819,0,58
1490243505857,771,Logon API Request,200,OK,Thread Group 1-26,text,true,,965,275,9,9,771,0,9
1490243505881,1044,Videos,200,OK,Thread Group 1-30,text,true,,2397,0,9,9,736,0,0
1490243506231,771,Logon API Request,200,OK,Thread Group 1-28,text,true,,968,275,9,9,771,0,10
1490243506075,1044,Videos,200,OK,Thread Group 1-31,text,true,,2397,0,9,9,736,0,0
1490243506365,761,Logon API Request,200,OK,Thread Group 1-27,text,true,,967,275,9,9,761,0,0
1490243506427,760,Logon API Request,200,OK,Thread Group 1-29,text,true,,967,275,9,9,760,0,0
1490243506150,1044,Videos,200,OK,Thread Group 1-25,text,true,,2397,0,9,9,736,0,0
1490243506259,1044,Videos,200,OK,Thread Group 1-32,text,true,,2397,0,8,8,736,0,0
1490243506450,1045,Videos,200,OK,Thread Group 1-33,text,true,,2397,0,8,8,737,0,0
1490243506628,1045,Videos,200,OK,Thread Group 1-26,text,true,,2397,0,9,9,737,0,0
1490243506925,769,Logon API Request,200,OK,Thread Group 1-30,text,true,,968,275,9,9,769,0,8
1490243507119,761,Logon API Request,200,OK,Thread Group 1-31,text,true,,967,275,9,9,761,0,0
1490243507002,1045,Videos,200,OK,Thread Group 1-28,text,true,,2397,0,9,9,737,0,0
1490243507304,770,Logon API Request,200,OK,Thread Group 1-32,text,true,,968,275,9,9,770,0,9
1490243507127,1044,Videos,200,OK,Thread Group 1-27,text,true,,2397,0,9,9,736,0,0
1490243507188,1044,Videos,200,OK,Thread Group 1-29,text,true,,2397,0,9,9,736,0,0
1490243507495,762,Logon API Request,200,OK,Thread Group 1-33,text,true,,967,275,9,9,762,0,0
1490243507694,737,Videos,200,OK,Thread Group 1-30,text,true,,2397,0,9,9,737,0,0
1490243507673,761,Logon API Request,200,OK,Thread Group 1-26,text,true,,967,275,9,9,761,0,0
1490243507631,820,Logon API Request,200,OK,Thread Group 1-34,text,true,,968,275,9,9,820,0,59
1490243507880,737,Videos,200,OK,Thread Group 1-31,text,true,,2397,0,9,9,737,0,0
1490243508048,761,Logon API Request,200,OK,Thread Group 1-28,text,true,,964,275,9,9,761,0,0
1490243508171,770,Logon API Request,200,OK,Thread Group 1-27,text,true,,968,275,9,9,770,0,8
1490243508233,768,Logon API Request,200,OK,Thread Group 1-29,text,true,,968,275,9,9,768,0,7
1490243508074,1045,Videos,200,OK,Thread Group 1-32,text,true,,2397,0,9,9,738,0,0
1490243508432,760,Logon API Request,200,OK,Thread Group 1-30,text,true,,964,275,9,9,760,0,0
1490243508257,1044,Videos,200,OK,Thread Group 1-33,text,true,,2397,0,9,9,737,0,0
1490243508618,769,Logon API Request,200,OK,Thread Group 1-31,text,true,,968,275,9,9,769,0,7
1490243508434,1044,Videos,200,OK,Thread Group 1-26,text,true,,2397,0,9,9,737,0,0
1490243508451,1044,Videos,200,OK,Thread Group 1-34,text,true,,2397,0,8,8,737,0,0
1490243508809,736,Videos,200,OK,Thread Group 1-28,text,true,,2397,0,8,8,736,0,0
1490243508941,737,Videos,200,OK,Thread Group 1-27,text,true,,2397,0,9,9,737,0,0
1490243509120,762,Logon API Request,200,OK,Thread Group 1-32,text,true,,967,275,9,9,761,0,0
1490243509001,1045,Videos,200,OK,Thread Group 1-29,text,true,,2397,0,9,9,737,0,0
1490243509302,770,Logon API Request,200,OK,Thread Group 1-33,text,true,,968,275,9,9,769,0,7
1490243509192,1046,Videos,200,OK,Thread Group 1-30,text,true,,2397,0,9,9,738,0,0
1490243509496,762,Logon API Request,200,OK,Thread Group 1-34,text,true,,967,275,9,9,762,0,0
1490243509546,771,Logon API Request,200,OK,Thread Group 1-28,text,true,,965,275,9,9,771,0,10
1490243509388,1043,Videos,200,OK,Thread Group 1-31,text,true,,2397,0,9,9,736,0,0
1490243509678,762,Logon API Request,200,OK,Thread Group 1-27,text,true,,967,275,9,9,762,0,0
1490243509631,820,Logon API Request,200,OK,Thread Group 1-35,text,true,,968,275,9,9,820,0,59
1490243509882,737,Videos,200,OK,Thread Group 1-32,text,true,,2397,0,9,9,737,0,0
1490243510046,762,Logon API Request,200,OK,Thread Group 1-29,text,true,,967,275,9,9,762,0,0
1490243510239,767,Logon API Request,200,OK,Thread Group 1-30,text,true,,968,275,9,9,767,0,7
1490243510072,1045,Videos,200,OK,Thread Group 1-33,text,true,,2397,0,9,9,736,0,0
1490243510440,738,Videos,200,OK,Thread Group 1-27,text,true,,2397,0,9,9,738,0,0
1490243510431,762,Logon API Request,200,OK,Thread Group 1-31,text,true,,967,275,8,8,761,0,0
1490243510258,1045,Videos,200,OK,Thread Group 1-34,text,true,,2397,0,8,8,737,0,0
1490243510317,1045,Videos,200,OK,Thread Group 1-28,text,true,,2397,0,8,8,737,0,0
1490243510620,771,Logon API Request,200,OK,Thread Group 1-32,text,true,,968,275,8,8,771,0,9
1490243510451,1044,Videos,200,OK,Thread Group 1-35,text,true,,2397,0,8,8,737,0,0
1490243510808,1045,Videos,200,OK,Thread Group 1-29,text,true,,2397,0,9,9,737,0,0
1490243511117,762,Logon API Request,200,OK,Thread Group 1-33,text,true,,967,275,9,9,761,0,0
1490243511007,1044,Videos,200,OK,Thread Group 1-30,text,true,,2397,0,9,9,736,0,0
1490243511304,769,Logon API Request,200,OK,Thread Group 1-34,text,true,,968,275,9,9,769,0,7
1490243511362,762,Logon API Request,200,OK,Thread Group 1-28,text,true,,967,275,9,9,762,0,0
1490243511391,737,Videos,200,OK,Thread Group 1-32,text,true,,2397,0,9,9,737,0,0
1490243511193,1044,Videos,200,OK,Thread Group 1-31,text,true,,2397,0,9,9,736,0,0
1490243511496,761,Logon API Request,200,OK,Thread Group 1-35,text,true,,967,275,9,9,761,0,0
1490243511632,818,Logon API Request,200,OK,Thread Group 1-36,text,true,,968,275,9,9,818,0,57
1490243511854,769,Logon API Request,200,OK,Thread Group 1-29,text,true,,968,275,9,9,769,0,8
1490243512051,762,Logon API Request,200,OK,Thread Group 1-30,text,true,,967,275,9,9,762,0,0
1490243512124,737,Videos,200,OK,Thread Group 1-28,text,true,,2397,0,9,9,737,0,0
1490243512129,761,Logon API Request,200,OK,Thread Group 1-32,text,true,,967,275,8,8,761,0,0
1490243511879,1044,Videos,200,OK,Thread Group 1-33,text,true,,2397,0,8,8,736,0,0
1490243512238,769,Logon API Request,200,OK,Thread Group 1-31,text,true,,968,275,8,8,769,0,7
1490243512073,1044,Videos,200,OK,Thread Group 1-34,text,true,,2397,0,8,8,737,0,0
1490243512257,1046,Videos,200,OK,Thread Group 1-35,text,true,,2397,0,8,8,738,0,0
1490243512450,1044,Videos,200,OK,Thread Group 1-36,text,true,,2397,0,8,8,737,0,0
1490243512813,737,Videos,200,OK,Thread Group 1-30,text,true,,2397,0,8,8,737,0,0
1490243512623,1044,Videos,200,OK,Thread Group 1-29,text,true,,2397,0,9,9,737,0,0
1490243512924,767,Logon API Request,200,OK,Thread Group 1-33,text,true,,968,275,9,9,767,0,7
1490243513118,760,Logon API Request,200,OK,Thread Group 1-34,text,true,,967,275,9,9,760,0,0
1490243512890,1045,Videos,200,OK,Thread Group 1-32,text,true,,2397,0,9,9,737,0,0
1490243513007,1045,Videos,200,OK,Thread Group 1-31,text,true,,2397,0,9,9,738,0,0
1490243513303,769,Logon API Request,200,OK,Thread Group 1-35,text,true,,968,275,9,9,769,0,8
1490243513495,760,Logon API Request,200,OK,Thread Group 1-36,text,true,,967,275,9,9,760,0,0
1490243513551,768,Logon API Request,200,OK,Thread Group 1-30,text,true,,968,275,9,9,768,0,8
1490243513668,761,Logon API Request,200,OK,Thread Group 1-29,text,true,,967,275,9,9,761,0,0
1490243513634,820,Logon API Request,200,OK,Thread Group 1-37,text,true,,968,275,9,9,820,0,59
1490243513936,768,Logon API Request,200,OK,Thread Group 1-32,text,true,,968,275,9,9,768,0,7
1490243513692,1043,Videos,200,OK,Thread Group 1-33,text,true,,2397,0,9,9,735,0,0
1490243514053,761,Logon API Request,200,OK,Thread Group 1-31,text,true,,967,275,9,9,761,0,0
1490243513879,1045,Videos,200,OK,Thread Group 1-34,text,true,,2397,0,9,9,738,0,0
1490243514073,1044,Videos,200,OK,Thread Group 1-35,text,true,,2397,0,9,9,737,0,0
1490243514256,1044,Videos,200,OK,Thread Group 1-36,text,true,,2397,0,9,9,737,0,0
1490243514319,1045,Videos,200,OK,Thread Group 1-30,text,true,,2397,0,9,9,738,0,0
1490243514429,1045,Videos,200,OK,Thread Group 1-29,text,true,,2397,0,9,9,738,0,0
1490243514736,761,Logon API Request,200,OK,Thread Group 1-33,text,true,,967,275,8,8,761,0,0
1490243514454,1044,Videos,200,OK,Thread Group 1-37,text,true,,2397,0,8,8,737,0,0
1490243514925,768,Logon API Request,200,OK,Thread Group 1-34,text,true,,968,275,9,9,768,0,7
1490243514704,1052,Videos,200,OK,Thread Group 1-32,text,true,,2398,0,9,9,744,0,0
1490243514815,1046,Videos,200,OK,Thread Group 1-31,text,true,,2397,0,9,9,738,0,0
1490243515118,762,Logon API Request,200,OK,Thread Group 1-35,text,true,,967,275,9,9,762,0,0
1490243515301,769,Logon API Request,200,OK,Thread Group 1-36,text,true,,965,275,9,9,769,0,8
1490243515365,761,Logon API Request,200,OK,Thread Group 1-30,text,true,,967,275,9,9,761,0,0
1490243515498,761,Logon API Request,200,OK,Thread Group 1-37,text,true,,967,275,9,9,761,0,0
1490243515634,816,Logon API Request,200,OK,Thread Group 1-38,text,true,,968,275,9,9,816,0,55
1490243515757,761,Logon API Request,200,OK,Thread Group 1-32,text,true,,967,275,9,9,761,0,0
1490243515497,1045,Videos,200,OK,Thread Group 1-33,text,true,,2397,0,9,9,738,0,0
1490243515881,738,Videos,200,OK,Thread Group 1-35,text,true,,2397,0,9,9,738,0,0
1490243515861,769,Logon API Request,200,OK,Thread Group 1-31,text,true,,968,275,9,9,769,0,8
1490243515693,1045,Videos,200,OK,Thread Group 1-34,text,true,,2397,0,9,9,737,0,0
1490243516126,736,Videos,200,OK,Thread Group 1-30,text,true,,2397,0,9,9,736,0,0
1490243516260,737,Videos,200,OK,Thread Group 1-37,text,true,,2397,0,8,8,737,0,0
1490243516070,1044,Videos,200,OK,Thread Group 1-36,text,true,,2397,0,8,8,737,0,0
1490243516543,769,Logon API Request,200,OK,Thread Group 1-33,text,true,,965,275,8,8,769,0,7
1490243516620,769,Logon API Request,200,OK,Thread Group 1-35,text,true,,968,275,8,8,769,0,8
1490243516450,1044,Videos,200,OK,Thread Group 1-38,text,true,,2397,0,8,8,736,0,0
1490243516739,760,Logon API Request,200,OK,Thread Group 1-34,text,true,,967,275,8,8,760,0,0
1490243516518,1052,Videos,200,OK,Thread Group 1-32,text,true,,2398,0,8,8,745,0,0
1490243516630,1045,Videos,200,OK,Thread Group 1-31,text,true,,2397,0,9,9,737,0,0
1490243516998,769,Logon API Request,200,OK,Thread Group 1-37,text,true,,968,275,9,9,769,0,7
1490243517115,761,Logon API Request,200,OK,Thread Group 1-36,text,true,,967,275,9,9,760,0,0
1490243517312,737,Videos,200,OK,Thread Group 1-33,text,true,,2397,0,9,9,737,0,0
1490243517494,762,Logon API Request,200,OK,Thread Group 1-38,text,true,,967,275,9,9,762,0,0
1490243517571,769,Logon API Request,200,OK,Thread Group 1-32,text,true,,968,275,9,9,769,0,7
1490243517389,1044,Videos,200,OK,Thread Group 1-35,text,true,,2397,0,9,9,736,0,0
1490243517676,762,Logon API Request,200,OK,Thread Group 1-31,text,true,,967,275,9,9,762,0,0
1490243517634,821,Logon API Request,200,OK,Thread Group 1-39,text,true,,968,275,9,9,821,0,59
1490243517767,738,Videos,200,OK,Thread Group 1-37,text,true,,2397,0,9,9,738,0,0
1490243517500,1043,Videos,200,OK,Thread Group 1-34,text,true,,2397,0,9,9,736,0,0
1490243517876,739,Videos,200,OK,Thread Group 1-36,text,true,,2397,0,9,9,739,0,0
1490243518049,762,Logon API Request,200,OK,Thread Group 1-33,text,true,,961,275,9,9,762,0,0
1490243518434,761,Logon API Request,200,OK,Thread Group 1-35,text,true,,967,275,9,9,761,0,0
1490243518505,761,Logon API Request,200,OK,Thread Group 1-37,text,true,,967,275,9,9,761,0,0
1490243518256,1045,Videos,200,OK,Thread Group 1-38,text,true,,2397,0,9,9,737,0,0
1490243518543,770,Logon API Request,200,OK,Thread Group 1-34,text,true,,968,275,9,9,770,0,9
1490243518615,768,Logon API Request,200,OK,Thread Group 1-36,text,true,,968,275,9,9,768,0,8
1490243518340,1044,Videos,200,OK,Thread Group 1-32,text,true,,2397,0,9,9,737,0,0
1490243518438,1045,Videos,200,OK,Thread Group 1-31,text,true,,2397,0,9,9,737,0,0
1490243518455,1062,Videos,200,OK,Thread Group 1-39,text,true,,2397,0,8,8,755,0,0
1490243518811,737,Videos,200,OK,Thread Group 1-33,text,true,,2397,0,8,8,737,0,0
1490243519195,736,Videos,200,OK,Thread Group 1-35,text,true,,2397,0,9,9,736,0,0
1490243519302,770,Logon API Request,200,OK,Thread Group 1-38,text,true,,965,275,9,9,770,0,8
1490243519385,761,Logon API Request,200,OK,Thread Group 1-32,text,true,,967,275,9,9,761,0,0
1490243519518,762,Logon API Request,200,OK,Thread Group 1-39,text,true,,967,275,9,9,762,0,0
1490243519266,1044,Videos,200,OK,Thread Group 1-37,text,true,,2397,0,9,9,737,0,0
1490243519548,769,Logon API Request,200,OK,Thread Group 1-33,text,true,,965,275,9,9,769,0,8
1490243519313,1045,Videos,200,OK,Thread Group 1-34,text,true,,2397,0,9,9,737,0,0
1490243519384,1043,Videos,200,OK,Thread Group 1-36,text,true,,2397,0,9,9,735,0,0
1490243519637,822,Logon API Request,200,OK,Thread Group 1-40,text,true,,968,275,9,9,822,0,61
1490243519932,769,Logon API Request,200,OK,Thread Group 1-35,text,true,,968,275,9,9,769,0,9
1490243520074,738,Videos,200,OK,Thread Group 1-38,text,true,,2397,0,9,9,738,0,0
1490243520311,768,Logon API Request,200,OK,Thread Group 1-37,text,true,,968,275,9,9,768,0,7
1490243520358,761,Logon API Request,200,OK,Thread Group 1-34,text,true,,964,275,9,9,761,0,0
1490243520428,761,Logon API Request,200,OK,Thread Group 1-36,text,true,,967,275,9,9,761,0,0
1490243520147,1044,Videos,200,OK,Thread Group 1-32,text,true,,2397,0,9,9,737,0,0
1490243520280,1044,Videos,200,OK,Thread Group 1-39,text,true,,2397,0,8,8,737,0,0
1490243520317,1045,Videos,200,OK,Thread Group 1-33,text,true,,2397,0,8,8,737,0,0
1490243520459,1045,Videos,200,OK,Thread Group 1-40,text,true,,2397,0,8,8,737,0,0
1490243520812,760,Logon API Request,200,OK,Thread Group 1-38,text,true,,967,275,8,8,760,0,0
1490243520702,1044,Videos,200,OK,Thread Group 1-35,text,true,,2397,0,9,9,736,0,0
1490243521119,737,Videos,200,OK,Thread Group 1-34,text,true,,2397,0,9,9,737,0,0
1490243521325,771,Logon API Request,200,OK,Thread Group 1-39,text,true,,968,275,9,9,771,0,9
1490243521079,1044,Videos,200,OK,Thread Group 1-37,text,true,,2397,0,9,9,736,0,0
1490243521363,761,Logon API Request,200,OK,Thread Group 1-33,text,true,,967,275,9,9,761,0,0
1490243521190,1044,Videos,200,OK,Thread Group 1-36,text,true,,2397,0,9,9,737,0,0
1490243521505,760,Logon API Request,200,OK,Thread Group 1-40,text,true,,967,275,9,9,760,0,0
1490243521636,819,Logon API Request,200,OK,Thread Group 1-41,text,true,,968,275,9,9,819,0,59
1490243521745,761,Logon API Request,200,OK,Thread Group 1-35,text,true,,967,275,9,9,761,0,0
1490243521573,1043,Videos,200,OK,Thread Group 1-38,text,true,,2397,0,9,9,736,0,0
1490243521856,769,Logon API Request,200,OK,Thread Group 1-34,text,true,,968,275,9,9,769,0,8
1490243522123,762,Logon API Request,200,OK,Thread Group 1-37,text,true,,967,275,9,9,761,0,0
1490243522234,768,Logon API Request,200,OK,Thread Group 1-36,text,true,,968,275,9,9,768,0,8
1490243522096,1044,Videos,200,OK,Thread Group 1-39,text,true,,2397,0,9,9,737,0,0
1490243522123,1045,Videos,200,OK,Thread Group 1-33,text,true,,2397,0,9,9,738,0,0
1490243522507,736,Videos,200,OK,Thread Group 1-35,text,true,,2397,0,8,8,736,0,0
1490243522265,1044,Videos,200,OK,Thread Group 1-40,text,true,,2397,0,8,8,737,0,0
1490243522616,768,Logon API Request,200,OK,Thread Group 1-38,text,true,,968,275,8,8,768,0,8
1490243522454,1043,Videos,200,OK,Thread Group 1-41,text,true,,2397,0,8,8,736,0,0
1490243522625,1043,Videos,200,OK,Thread Group 1-34,text,true,,2397,0,9,9,736,0,0
1490243523141,760,Logon API Request,200,OK,Thread Group 1-39,text,true,,967,275,9,9,760,0,0
1490243522885,1045,Videos,200,OK,Thread Group 1-37,text,true,,2397,0,9,9,737,0,0
1490243523244,770,Logon API Request,200,OK,Thread Group 1-35,text,true,,968,275,9,9,770,0,9
1490243523003,1043,Videos,200,OK,Thread Group 1-36,text,true,,2397,0,9,9,736,0,0
1490243523309,769,Logon API Request,200,OK,Thread Group 1-40,text,true,,968,275,9,9,769,0,9
1490243523498,761,Logon API Request,200,OK,Thread Group 1-41,text,true,,964,275,9,9,761,0,0
1490243523384,1044,Videos,200,OK,Thread Group 1-38,text,true,,2397,0,9,9,737,0,0
1490243523669,761,Logon API Request,200,OK,Thread Group 1-34,text,true,,967,275,9,9,761,0,0
1490243523635,819,Logon API Request,200,OK,Thread Group 1-42,text,true,,968,275,9,9,819,0,58
1490243523931,768,Logon API Request,200,OK,Thread Group 1-37,text,true,,968,275,9,9,768,0,7
1490243524047,761,Logon API Request,200,OK,Thread Group 1-36,text,true,,967,275,9,9,761,0,0
1490243524079,735,Videos,200,OK,Thread Group 1-40,text,true,,2397,0,9,9,735,0,0
1490243523902,1044,Videos,200,OK,Thread Group 1-39,text,true,,2397,0,9,9,736,0,0
1490243524260,736,Videos,200,OK,Thread Group 1-41,text,true,,2397,0,9,9,736,0,0
1490243524014,1045,Videos,200,OK,Thread Group 1-35,text,true,,2397,0,9,9,737,0,0
1490243524429,761,Logon API Request,200,OK,Thread Group 1-38,text,true,,967,275,9,9,761,0,0
1490243524430,1044,Videos,200,OK,Thread Group 1-34,text,true,,2397,0,9,9,737,0,0
1490243524455,1043,Videos,200,OK,Thread Group 1-42,text,true,,2397,0,8,8,736,0,0
1490243524815,761,Logon API Request,200,OK,Thread Group 1-40,text,true,,967,275,8,8,761,0,0
1490243524947,767,Logon API Request,200,OK,Thread Group 1-39,text,true,,968,275,9,9,767,0,7
1490243524699,1044,Videos,200,OK,Thread Group 1-37,text,true,,2397,0,9,9,737,0,0
1490243524996,769,Logon API Request,200,OK,Thread Group 1-41,text,true,,968,275,9,9,769,0,8
1490243525059,761,Logon API Request,200,OK,Thread Group 1-35,text,true,,967,275,9,9,761,0,0
1490243524808,1044,Videos,200,OK,Thread Group 1-36,text,true,,2397,0,9,9,737,0,0
1490243525191,1043,Videos,200,OK,Thread Group 1-38,text,true,,2397,0,9,9,735,0,0
1490243525500,762,Logon API Request,200,OK,Thread Group 1-42,text,true,,967,275,9,9,761,0,0
1490243525636,818,Logon API Request,200,OK,Thread Group 1-43,text,true,,968,275,9,9,818,0,57
1490243525765,736,Videos,200,OK,Thread Group 1-41,text,true,,2397,0,9,9,736,0,0
1490243525744,761,Logon API Request,200,OK,Thread Group 1-37,text,true,,967,275,9,9,761,0,0
1490243525577,1043,Videos,200,OK,Thread Group 1-40,text,true,,2397,0,9,9,736,0,0
1490243525853,768,Logon API Request,200,OK,Thread Group 1-36,text,true,,968,275,9,9,768,0,7
1490243525715,1043,Videos,200,OK,Thread Group 1-39,text,true,,2397,0,9,9,736,0,0
1490243525821,1043,Videos,200,OK,Thread Group 1-35,text,true,,2397,0,9,9,736,0,0
1490243526235,768,Logon API Request,200,OK,Thread Group 1-38,text,true,,968,275,8,8,768,0,7
1490243526505,737,Videos,200,OK,Thread Group 1-37,text,true,,2397,0,8,8,736,0,0
1490243526502,761,Logon API Request,200,OK,Thread Group 1-41,text,true,,967,275,8,8,761,0,0
1490243526262,1045,Videos,200,OK,Thread Group 1-42,text,true,,2397,0,8,8,738,0,0
1490243526621,737,Videos,200,OK,Thread Group 1-36,text,true,,2397,0,8,8,737,0,0
1490243526621,768,Logon API Request,200,OK,Thread Group 1-40,text,true,,968,275,8,8,768,0,7
1490243526454,1043,Videos,200,OK,Thread Group 1-43,text,true,,2397,0,8,8,736,0,0
1490243526759,762,Logon API Request,200,OK,Thread Group 1-39,text,true,,967,275,8,8,762,0,0
1490243527003,737,Videos,200,OK,Thread Group 1-38,text,true,,2397,0,9,9,737,0,0
1490243527264,738,Videos,200,OK,Thread Group 1-41,text,true,,2397,0,9,9,738,0,0
1490243527243,769,Logon API Request,200,OK,Thread Group 1-37,text,true,,968,275,9,9,769,0,8
1490243527307,768,Logon API Request,200,OK,Thread Group 1-42,text,true,,968,275,9,9,768,0,6
1490243527358,761,Logon API Request,200,OK,Thread Group 1-36,text,true,,967,275,9,9,761,0,0
1490243527498,761,Logon API Request,200,OK,Thread Group 1-43,text,true,,967,275,9,9,761,0,0
1490243527389,1044,Videos,200,OK,Thread Group 1-40,text,true,,2397,0,9,9,737,0,0
1490243527637,823,Logon API Request,200,OK,Thread Group 1-44,text,true,,968,275,9,9,823,0,61
1490243527741,762,Logon API Request,200,OK,Thread Group 1-38,text,true,,967,275,9,9,762,0,0
1490243527521,1047,Videos,200,OK,Thread Group 1-39,text,true,,2397,0,9,9,739,0,0
1490243528012,737,Videos,200,OK,Thread Group 1-37,text,true,,2397,0,9,9,737,0,0
1490243528003,768,Logon API Request,200,OK,Thread Group 1-41,text,true,,968,275,9,9,768,0,7
1490243528075,1045,Videos,200,OK,Thread Group 1-42,text,true,,2397,0,9,9,738,0,0
1490243528119,1045,Videos,200,OK,Thread Group 1-36,text,true,,2397,0,9,9,738,0,0
1490243528434,761,Logon API Request,200,OK,Thread Group 1-40,text,true,,967,275,8,8,761,0,0
1490243528260,1044,Videos,200,OK,Thread Group 1-43,text,true,,2397,0,8,8,736,0,0
1490243528569,768,Logon API Request,200,OK,Thread Group 1-39,text,true,,968,275,8,8,768,0,7
1490243528460,1045,Videos,200,OK,Thread Group 1-44,text,true,,2397,0,8,8,738,0,0
1490243528750,762,Logon API Request,200,OK,Thread Group 1-37,text,true,,967,275,8,8,762,0,0
1490243528503,1044,Videos,200,OK,Thread Group 1-38,text,true,,2397,0,8,8,737,0,0
1490243528772,1045,Videos,200,OK,Thread Group 1-41,text,true,,2397,0,9,9,738,0,0
1490243529120,763,Logon API Request,200,OK,Thread Group 1-42,text,true,,967,275,9,9,763,0,0
1490243529305,767,Logon API Request,200,OK,Thread Group 1-43,text,true,,968,275,9,9,767,0,7
1490243529195,1045,Videos,200,OK,Thread Group 1-40,text,true,,2397,0,9,9,737,0,0
1490243529506,761,Logon API Request,200,OK,Thread Group 1-44,text,true,,967,275,9,9,761,0,0
1490243529547,768,Logon API Request,200,OK,Thread Group 1-38,text,true,,968,275,9,9,768,0,8
1490243529337,1045,Videos,200,OK,Thread Group 1-39,text,true,,2397,0,9,9,737,0,0
1490243529638,820,Logon API Request,200,OK,Thread Group 1-45,text,true,,968,275,9,9,820,0,59
1490243529512,1044,Videos,200,OK,Thread Group 1-37,text,true,,2397,0,9,9,737,0,0
1490243529817,762,Logon API Request,200,OK,Thread Group 1-41,text,true,,967,275,8,8,762,0,0
1490243529883,1044,Videos,200,OK,Thread Group 1-42,text,true,,2397,0,8,8,737,0,0
1490243530241,768,Logon API Request,200,OK,Thread Group 1-40,text,true,,968,275,8,8,768,0,7
1490243530072,1044,Videos,200,OK,Thread Group 1-43,text,true,,2397,0,8,8,737,0,0
1490243530382,761,Logon API Request,200,OK,Thread Group 1-39,text,true,,967,275,8,8,761,0,0
1490243530267,1044,Videos,200,OK,Thread Group 1-44,text,true,,2397,0,8,8,736,0,0
1490243530315,1045,Videos,200,OK,Thread Group 1-38,text,true,,2397,0,8,8,738,0,0
1490243530458,1043,Videos,200,OK,Thread Group 1-45,text,true,,2397,0,8,8,736,0,0
1490243530579,1044,Videos,200,OK,Thread Group 1-41,text,true,,2397,0,8,8,737,0,0
1490243530928,768,Logon API Request,200,OK,Thread Group 1-42,text,true,,968,275,9,9,768,0,7
1490243531009,738,Videos,200,OK,Thread Group 1-40,text,true,,2397,0,9,9,738,0,0
1490243531117,761,Logon API Request,200,OK,Thread Group 1-43,text,true,,967,275,9,9,760,0,0
1490243531312,768,Logon API Request,200,OK,Thread Group 1-44,text,true,,968,275,9,9,768,0,7
1490243531360,762,Logon API Request,200,OK,Thread Group 1-38,text,true,,967,275,9,9,762,0,0
1490243531144,1044,Videos,200,OK,Thread Group 1-39,text,true,,2397,0,9,9,736,0,0
1490243531502,761,Logon API Request,200,OK,Thread Group 1-45,text,true,,967,275,9,9,761,0,0
1490243531624,768,Logon API Request,200,OK,Thread Group 1-41,text,true,,968,275,9,9,768,0,7
1490243531638,821,Logon API Request,200,OK,Thread Group 1-46,text,true,,968,275,9,9,821,0,59
1490243531748,762,Logon API Request,200,OK,Thread Group 1-40,text,true,,967,275,9,9,762,0,0
1490243531879,737,Videos,200,OK,Thread Group 1-43,text,true,,2397,0,9,9,737,0,0
1490243531697,1045,Videos,200,OK,Thread Group 1-42,text,true,,2397,0,9,9,737,0,0
1490243532082,736,Videos,200,OK,Thread Group 1-44,text,true,,2397,0,9,9,735,0,0
1490243532189,769,Logon API Request,200,OK,Thread Group 1-39,text,true,,968,275,9,9,769,0,8
1490243532265,736,Videos,200,OK,Thread Group 1-45,text,true,,2397,0,9,9,736,0,0
1490243532393,737,Videos,200,OK,Thread Group 1-41,text,true,,2397,0,9,9,737,0,0
1490243532124,1045,Videos,200,OK,Thread Group 1-38,text,true,,2397,0,9,9,737,0,0
1490243532617,769,Logon API Request,200,OK,Thread Group 1-43,text,true,,968,275,8,8,769,0,8
1490243532743,760,Logon API Request,200,OK,Thread Group 1-42,text,true,,967,275,8,8,760,0,0
1490243532461,1043,Videos,200,OK,Thread Group 1-46,text,true,,2397,0,8,8,736,0,0
1490243532511,1051,Videos,200,OK,Thread Group 1-40,text,true,,2398,0,8,8,743,0,0
1490243532818,761,Logon API Request,200,OK,Thread Group 1-44,text,true,,967,275,8,8,761,0,0
1490243533002,767,Logon API Request,200,OK,Thread Group 1-45,text,true,,968,275,9,9,767,0,7
1490243533131,761,Logon API Request,200,OK,Thread Group 1-41,text,true,,967,275,9,9,761,0,0
1490243532958,1044,Videos,200,OK,Thread Group 1-39,text,true,,2397,0,9,9,736,0,0
1490243533505,761,Logon API Request,200,OK,Thread Group 1-46,text,true,,967,275,9,9,761,0,0
1490243533580,741,Videos,200,OK,Thread Group 1-44,text,true,,2397,0,9,9,741,0,0
1490243533563,769,Logon API Request,200,OK,Thread Group 1-40,text,true,,968,275,9,9,769,0,7
1490243533387,1044,Videos,200,OK,Thread Group 1-43,text,true,,2397,0,9,9,737,0,0
1490243533639,819,Logon API Request,200,OK,Thread Group 1-47,text,true,,968,275,9,9,819,0,59
1490243533770,736,Videos,200,OK,Thread Group 1-45,text,true,,2397,0,9,9,736,0,0
1490243533504,1043,Videos,200,OK,Thread Group 1-42,text,true,,2397,0,9,9,736,0,0
1490243533893,737,Videos,200,OK,Thread Group 1-41,text,true,,2397,0,9,9,737,0,0
1490243534002,761,Logon API Request,200,OK,Thread Group 1-39,text,true,,967,275,9,9,761,0,0
1490243534267,736,Videos,200,OK,Thread Group 1-46,text,true,,2397,0,9,9,736,0,0
1490243534322,769,Logon API Request,200,OK,Thread Group 1-44,text,true,,968,275,9,9,769,0,7
1490243534431,762,Logon API Request,200,OK,Thread Group 1-43,text,true,,967,275,9,9,762,0,0
1490243534506,761,Logon API Request,200,OK,Thread Group 1-45,text,true,,967,275,9,9,761,0,0
1490243534548,768,Logon API Request,200,OK,Thread Group 1-42,text,true,,968,275,9,9,768,0,7
1490243534332,1047,Videos,200,OK,Thread Group 1-40,text,true,,2397,0,9,9,739,0,0
1490243534631,768,Logon API Request,200,OK,Thread Group 1-41,text,true,,968,275,9,9,768,0,7
1490243534763,737,Videos,200,OK,Thread Group 1-39,text,true,,2397,0,9,9,737,0,0
1490243534459,1045,Videos,200,OK,Thread Group 1-47,text,true,,2397,0,8,8,737,0,0
1490243535004,768,Logon API Request,200,OK,Thread Group 1-46,text,true,,968,275,9,9,768,0,7
1490243535091,736,Videos,200,OK,Thread Group 1-44,text,true,,2397,0,9,9,736,0,0
1490243535379,762,Logon API Request,200,OK,Thread Group 1-40,text,true,,967,275,9,9,762,0,0
1490243535193,1044,Videos,200,OK,Thread Group 1-43,text,true,,2397,0,9,9,737,0,0
1490243535504,763,Logon API Request,200,OK,Thread Group 1-47,text,true,,967,275,9,9,763,0,0
1490243535268,1045,Videos,200,OK,Thread Group 1-45,text,true,,2397,0,9,9,737,0,0
1490243535316,1045,Videos,200,OK,Thread Group 1-42,text,true,,2397,0,9,9,737,0,0
1490243535399,1044,Videos,200,OK,Thread Group 1-41,text,true,,2397,0,9,9,737,0,0
1490243535640,822,Logon API Request,200,OK,Thread Group 1-48,text,true,,968,275,9,9,822,0,61
1490243535828,760,Logon API Request,200,OK,Thread Group 1-44,text,true,,967,275,9,9,760,0,0
1490243535772,1045,Videos,200,OK,Thread Group 1-46,text,true,,2397,0,9,9,738,0,0
1490243536238,767,Logon API Request,200,OK,Thread Group 1-43,text,true,,968,275,9,9,767,0,7
1490243536313,769,Logon API Request,200,OK,Thread Group 1-45,text,true,,968,275,9,9,769,0,8
1490243536362,760,Logon API Request,200,OK,Thread Group 1-42,text,true,,967,275,9,9,760,0,0
1490243536142,1044,Videos,200,OK,Thread Group 1-40,text,true,,2397,0,9,9,736,0,0
1490243536444,761,Logon API Request,200,OK,Thread Group 1-41,text,true,,967,275,8,8,761,0,0
1490243536267,1044,Videos,200,OK,Thread Group 1-47,text,true,,2397,0,8,8,736,0,0
1490243536462,1045,Videos,200,OK,Thread Group 1-48,text,true,,2397,0,8,8,738,0,0
1490243536816,761,Logon API Request,200,OK,Thread Group 1-46,text,true,,967,275,8,8,761,0,0
1490243536588,1046,Videos,200,OK,Thread Group 1-44,text,true,,2397,0,8,8,739,0,0
1490243537004,1045,Videos,200,OK,Thread Group 1-43,text,true,,2397,0,9,9,738,0,0
1490243537310,769,Logon API Request,200,OK,Thread Group 1-47,text,true,,968,275,9,9,769,0,8
1490243537081,1044,Videos,200,OK,Thread Group 1-45,text,true,,2397,0,9,9,737,0,0
1490243537121,1044,Videos,200,OK,Thread Group 1-42,text,true,,2397,0,9,9,737,0,0
1490243537204,1043,Videos,200,OK,Thread Group 1-41,text,true,,2397,0,9,9,736,0,0
1490243537507,760,Logon API Request,200,OK,Thread Group 1-48,text,true,,967,275,8,8,760,0,0
1490243537634,769,Logon API Request,200,OK,Thread Group 1-44,text,true,,968,275,8,8,769,0,8
1490243537639,826,Logon API Request,200,OK,Thread Group 1-49,text,true,,968,275,8,8,826,0,66
1490243537578,1044,Videos,200,OK,Thread Group 1-46,text,true,,2397,0,8,8,736,0,0
1490243538050,761,Logon API Request,200,OK,Thread Group 1-43,text,true,,967,275,8,8,761,0,0
1490243538126,761,Logon API Request,200,OK,Thread Group 1-45,text,true,,967,275,8,8,761,0,0
1490243538166,767,Logon API Request,200,OK,Thread Group 1-42,text,true,,962,275,8,8,767,0,7
1490243538267,737,Videos,200,OK,Thread Group 1-48,text,true,,2397,0,8,8,737,0,0
1490243538079,1044,Videos,200,OK,Thread Group 1-47,text,true,,2397,0,8,8,737,0,0
1490243538465,736,Videos,200,OK,Thread Group 1-49,text,true,,2397,0,8,8,736,0,0
1490243538623,768,Logon API Request,200,OK,Thread Group 1-46,text,true,,968,275,8,8,768,0,8
1490243538403,1044,Videos,200,OK,Thread Group 1-44,text,true,,2397,0,8,8,736,0,0
1490243539005,774,Logon API Request,200,OK,Thread Group 1-48,text,true,,968,275,9,9,774,0,13
1490243538811,1044,Videos,200,OK,Thread Group 1-43,text,true,,2397,0,9,9,736,0,0
1490243539124,762,Logon API Request,200,OK,Thread Group 1-47,text,true,,967,275,9,9,762,0,0
1490243538887,1044,Videos,200,OK,Thread Group 1-45,text,true,,2397,0,9,9,737,0,0
1490243539202,761,Logon API Request,200,OK,Thread Group 1-49,text,true,,967,275,9,9,761,0,0
1490243538934,1044,Videos,200,OK,Thread Group 1-42,text,true,,2397,0,9,9,737,0,0
1490243539447,761,Logon API Request,200,OK,Thread Group 1-44,text,true,,967,275,9,9,761,0,0
1490243539391,1045,Videos,200,OK,Thread Group 1-46,text,true,,2397,0,9,9,738,0,0
1490243539640,818,Logon API Request,200,OK,Thread Group 1-50,text,true,,968,275,9,9,818,0,57
1490243539856,768,Logon API Request,200,OK,Thread Group 1-43,text,true,,968,275,9,9,768,0,8
1490243539932,768,Logon API Request,200,OK,Thread Group 1-45,text,true,,965,275,9,9,768,0,7
1490243539979,762,Logon API Request,200,OK,Thread Group 1-42,text,true,,967,275,9,9,762,0,0
1490243539779,1044,Videos,200,OK,Thread Group 1-48,text,true,,2397,0,9,9,737,0,0
1490243539886,1044,Videos,200,OK,Thread Group 1-47,text,true,,2397,0,9,9,736,0,0
1490243539963,1044,Videos,200,OK,Thread Group 1-49,text,true,,2397,0,9,9,737,0,0
1490243540437,761,Logon API Request,200,OK,Thread Group 1-46,text,true,,967,275,9,9,761,0,0
1490243540209,1044,Videos,200,OK,Thread Group 1-44,text,true,,2397,0,9,9,736,0,0
1490243540742,743,Videos,200,OK,Thread Group 1-42,text,true,,2398,0,9,9,743,0,0
1490243540459,1044,Videos,200,OK,Thread Group 1-50,text,true,,2397,0,8,8,736,0,0
1490243540824,761,Logon API Request,200,OK,Thread Group 1-48,text,true,,967,275,8,8,761,0,0
1490243540624,1045,Videos,200,OK,Thread Group 1-43,text,true,,2397,0,8,8,737,0,0
1490243540931,770,Logon API Request,200,OK,Thread Group 1-47,text,true,,968,275,8,8,770,0,8
1490243540700,1045,Videos,200,OK,Thread Group 1-45,text,true,,2397,0,8,8,737,0,0
1490243541007,769,Logon API Request,200,OK,Thread Group 1-49,text,true,,965,275,8,8,769,0,8
1490243541198,737,Videos,200,OK,Thread Group 1-46,text,true,,2397,0,8,8,737,0,0
1490243541254,768,Logon API Request,200,OK,Thread Group 1-44,text,true,,968,275,8,8,768,0,8
1490243541504,761,Logon API Request,200,OK,Thread Group 1-50,text,true,,967,275,8,8,761,0,0
1490243541670,761,Logon API Request,200,OK,Thread Group 1-43,text,true,,964,275,8,8,761,0,0
1490243541745,762,Logon API Request,200,OK,Thread Group 1-45,text,true,,967,275,8,8,762,0,0
1490243541585,1044,Videos,200,OK,Thread Group 1-48,text,true,,2397,0,8,8,737,0,0
1490243541936,785,Logon API Request,200,OK,Thread Group 1-46,text,true,,968,275,8,8,785,0,25
1490243541701,1044,Videos,200,OK,Thread Group 1-47,text,true,,2397,0,8,8,737,0,0
1490243542023,736,Videos,200,OK,Thread Group 1-44,text,true,,2397,0,8,8,736,0,0
1490243541776,1045,Videos,200,OK,Thread Group 1-49,text,true,,2397,0,8,8,737,0,0
1490243542265,1047,Videos,200,OK,Thread Group 1-50,text,true,,2397,0,8,8,739,0,0
1490243542630,769,Logon API Request,200,OK,Thread Group 1-48,text,true,,968,275,8,8,769,0,7
1490243542432,1044,Videos,200,OK,Thread Group 1-43,text,true,,2397,0,8,8,736,0,0
1490243542745,762,Logon API Request,200,OK,Thread Group 1-47,text,true,,967,275,7,7,762,0,0
1490243542760,760,Logon API Request,200,OK,Thread Group 1-44,text,true,,967,275,7,7,760,0,0
1490243542507,1045,Videos,200,OK,Thread Group 1-45,text,true,,2397,0,7,7,738,0,0
1490243542821,763,Logon API Request,200,OK,Thread Group 1-49,text,true,,967,275,7,7,763,0,0
1490243542721,1043,Videos,200,OK,Thread Group 1-46,text,true,,2397,0,7,7,736,0,0
1490243543313,769,Logon API Request,200,OK,Thread Group 1-50,text,true,,965,275,7,7,769,0,8
1490243543553,768,Logon API Request,200,OK,Thread Group 1-45,text,true,,968,275,7,7,768,0,7
1490243543399,1043,Videos,200,OK,Thread Group 1-48,text,true,,2397,0,7,7,736,0,0
1490243543765,761,Logon API Request,200,OK,Thread Group 1-46,text,true,,967,275,7,7,761,0,0
1490243543507,1043,Videos,200,OK,Thread Group 1-47,text,true,,2397,0,7,7,736,0,0
1490243543521,1045,Videos,200,OK,Thread Group 1-44,text,true,,2397,0,7,7,737,0,0
1490243543584,1044,Videos,200,OK,Thread Group 1-49,text,true,,2397,0,6,6,737,0,0
1490243544083,737,Videos,200,OK,Thread Group 1-50,text,true,,2397,0,6,6,737,0,0
1490243544321,737,Videos,200,OK,Thread Group 1-45,text,true,,2397,0,6,6,737,0,0
1490243544442,763,Logon API Request,200,OK,Thread Group 1-48,text,true,,961,275,6,6,763,0,0
1490243544527,736,Videos,200,OK,Thread Group 1-46,text,true,,2397,0,6,6,736,0,0
1490243544551,770,Logon API Request,200,OK,Thread Group 1-47,text,true,,968,275,6,6,769,0,7
1490243544629,768,Logon API Request,200,OK,Thread Group 1-49,text,true,,968,275,6,6,768,0,7
1490243544821,760,Logon API Request,200,OK,Thread Group 1-50,text,true,,967,275,6,6,760,0,0
1490243545059,761,Logon API Request,200,OK,Thread Group 1-45,text,true,,967,275,6,6,761,0,0
1490243545264,767,Logon API Request,200,OK,Thread Group 1-46,text,true,,968,275,6,6,767,0,7
1490243545205,1044,Videos,200,OK,Thread Group 1-48,text,true,,2397,0,6,6,737,0,0
1490243545321,1043,Videos,200,OK,Thread Group 1-47,text,true,,2397,0,6,6,736,0,0
1490243545397,1044,Videos,200,OK,Thread Group 1-49,text,true,,2397,0,6,6,737,0,0
1490243545581,1044,Videos,200,OK,Thread Group 1-50,text,true,,2397,0,6,6,737,0,0
1490243545820,1045,Videos,200,OK,Thread Group 1-45,text,true,,2397,0,6,6,737,0,0
1490243546250,772,Logon API Request,200,OK,Thread Group 1-48,text,true,,968,275,5,5,772,0,12
1490243546032,1043,Videos,200,OK,Thread Group 1-46,text,true,,2397,0,5,5,736,0,0
1490243546365,761,Logon API Request,200,OK,Thread Group 1-47,text,true,,967,275,5,5,761,0,0
1490243546442,761,Logon API Request,200,OK,Thread Group 1-49,text,true,,967,275,5,5,761,0,0
1490243546626,768,Logon API Request,200,OK,Thread Group 1-50,text,true,,968,275,5,5,768,0,8
1490243547076,762,Logon API Request,200,OK,Thread Group 1-46,text,true,,967,275,5,5,762,0,0
1490243547022,1044,Videos,200,OK,Thread Group 1-48,text,true,,2397,0,5,5,737,0,0
1490243547126,1045,Videos,200,OK,Thread Group 1-47,text,true,,2397,0,5,5,737,0,0
1490243547203,1044,Videos,200,OK,Thread Group 1-49,text,true,,2397,0,5,5,736,0,0
1490243547394,1044,Videos,200,OK,Thread Group 1-50,text,true,,2397,0,5,5,737,0,0
1490243548067,761,Logon API Request,200,OK,Thread Group 1-48,text,true,,967,275,5,5,761,0,0
1490243547838,1044,Videos,200,OK,Thread Group 1-46,text,true,,2397,0,5,5,737,0,0
1490243548171,768,Logon API Request,200,OK,Thread Group 1-47,text,true,,968,275,4,4,768,0,7
1490243548248,767,Logon API Request,200,OK,Thread Group 1-49,text,true,,968,275,4,4,767,0,7
1490243548438,761,Logon API Request,200,OK,Thread Group 1-50,text,true,,967,275,4,4,761,0,0
1490243548828,1044,Videos,200,OK,Thread Group 1-48,text,true,,2397,0,4,4,737,0,0
1490243548939,1045,Videos,200,OK,Thread Group 1-47,text,true,,2397,0,4,4,737,0,0
1490243549016,1044,Videos,200,OK,Thread Group 1-49,text,true,,2397,0,4,4,737,0,0
1490243549200,1044,Videos,200,OK,Thread Group 1-50,text,true,,2397,0,4,4,736,0,0
1490243549872,770,Logon API Request,200,OK,Thread Group 1-48,text,true,,968,275,4,4,770,0,9
1490243549984,761,Logon API Request,200,OK,Thread Group 1-47,text,true,,967,275,4,4,761,0,0
1490243550063,761,Logon API Request,200,OK,Thread Group 1-49,text,true,,967,275,4,4,761,0,0
1490243550244,769,Logon API Request,200,OK,Thread Group 1-50,text,true,,968,275,4,4,769,0,7
1490243550643,1045,Videos,200,OK,Thread Group 1-48,text,true,,2397,0,4,4,737,0,0
1490243550746,1044,Videos,200,OK,Thread Group 1-47,text,true,,2397,0,4,4,737,0,0
1490243550825,1044,Videos,200,OK,Thread Group 1-49,text,true,,2397,0,3,3,737,0,0
1490243551013,1044,Videos,200,OK,Thread Group 1-50,text,true,,2397,0,3,3,737,0,0
1490243551688,761,Logon API Request,200,OK,Thread Group 1-48,text,true,,967,275,3,3,761,0,0
1490243551870,768,Logon API Request,200,OK,Thread Group 1-49,text,true,,968,275,3,3,768,0,7
1490243552058,761,Logon API Request,200,OK,Thread Group 1-50,text,true,,967,275,3,3,761,0,0
1490243552449,1044,Videos,200,OK,Thread Group 1-48,text,true,,2397,0,3,3,737,0,0
1490243552638,1046,Videos,200,OK,Thread Group 1-49,text,true,,2397,0,2,2,738,0,0
1490243552819,1044,Videos,200,OK,Thread Group 1-50,text,true,,2397,0,2,2,737,0,0
1490243553684,763,Logon API Request,200,OK,Thread Group 1-49,text,true,,967,275,2,2,763,0,0
1490243553864,769,Logon API Request,200,OK,Thread Group 1-50,text,true,,968,275,2,2,769,0,8
1490243554447,1045,Videos,200,OK,Thread Group 1-49,text,true,,2397,0,2,2,738,0,0
1490243554633,1045,Videos,200,OK,Thread Group 1-50,text,true,,2397,0,1,1,737,0,0
1490243555678,762,Logon API Request,200,OK,Thread Group 1-50,text,true,,967,275,1,1,761,0,0
1490243556440,1045,Videos,200,OK,Thread Group 1-50,text,true,,2397,0,1,1,737,0,0
