timeStamp,elapsed,label,responseCode,responseMessage,threadName,dataType,success,failureMessage,bytes,sentBytes,grpThreads,allThreads,Latency,IdleTime,Connect
1490178446135,1670,Logon API Request,200,OK,Thread Group 1-1,text,true,,992,275,3,3,1670,0,1169
1490178446454,1703,Logon API Request,200,OK,Thread Group 1-2,text,true,,968,275,3,3,1703,0,851
1490178447444,837,Logon API Request,200,OK,Thread Group 1-3,text,true,,968,275,3,3,837,0,76
1490178447810,762,Logon API Request,200,OK,Thread Group 1-1,text,true,,967,275,4,4,762,0,0
1490178448159,762,Logon API Request,200,OK,Thread Group 1-2,text,true,,967,275,4,4,762,0,0
1490178448282,761,Logon API Request,200,OK,Thread Group 1-3,text,true,,967,275,4,4,761,0,0
1490178448445,837,Logon API Request,200,OK,Thread Group 1-4,text,true,,968,275,4,4,837,0,78
1490178448572,779,Logon API Request,200,OK,Thread Group 1-1,text,true,,968,275,4,4,779,0,18
1490178448923,775,Logon API Request,200,OK,Thread Group 1-2,text,true,,968,275,5,5,775,0,14
1490178449045,762,Logon API Request,200,OK,Thread Group 1-3,text,true,,967,275,5,5,762,0,0
1490178449284,761,Logon API Request,200,OK,Thread Group 1-4,text,true,,967,275,5,5,761,0,0
1490178449353,763,Logon API Request,200,OK,Thread Group 1-1,text,true,,967,275,5,5,763,0,0
1490178449447,859,Logon API Request,200,OK,Thread Group 1-5,text,true,,968,275,5,5,859,0,98
1490178449699,762,Logon API Request,200,OK,Thread Group 1-2,text,true,,967,275,6,6,762,0,0
1490178449808,781,Logon API Request,200,OK,Thread Group 1-3,text,true,,968,275,6,6,780,0,18
1490178450070,762,Logon API Request,200,OK,Thread Group 1-4,text,true,,967,275,6,6,762,0,0
1490178450117,762,Logon API Request,200,OK,Thread Group 1-1,text,true,,967,275,6,6,762,0,0
1490178450308,762,Logon API Request,200,OK,Thread Group 1-5,text,true,,967,275,6,6,762,0,0
1490178450462,762,Logon API Request,200,OK,Thread Group 1-2,text,true,,967,275,6,6,762,0,0
1490178450447,831,Logon API Request,200,OK,Thread Group 1-6,text,true,,968,275,6,6,831,0,71
1490178450590,761,Logon API Request,200,OK,Thread Group 1-3,text,true,,967,275,6,6,761,0,0
1490178450834,780,Logon API Request,200,OK,Thread Group 1-4,text,true,,965,275,7,7,779,0,18
1490178450880,780,Logon API Request,200,OK,Thread Group 1-1,text,true,,968,275,7,7,780,0,20
1490178451071,764,Logon API Request,200,OK,Thread Group 1-5,text,true,,967,275,7,7,764,0,0
1490178451226,780,Logon API Request,200,OK,Thread Group 1-2,text,true,,968,275,7,7,780,0,19
1490178451280,761,Logon API Request,200,OK,Thread Group 1-6,text,true,,967,275,7,7,761,0,0
1490178451352,763,Logon API Request,200,OK,Thread Group 1-3,text,true,,967,275,7,7,763,0,0
1490178451447,832,Logon API Request,200,OK,Thread Group 1-7,text,true,,965,275,7,7,832,0,72
1490178451615,761,Logon API Request,200,OK,Thread Group 1-4,text,true,,967,275,7,7,761,0,0
1490178451661,762,Logon API Request,200,OK,Thread Group 1-1,text,true,,967,275,7,7,762,0,0
1490178451837,778,Logon API Request,200,OK,Thread Group 1-5,text,true,,968,275,8,8,778,0,17
1490178452007,761,Logon API Request,200,OK,Thread Group 1-2,text,true,,967,275,8,8,761,0,0
1490178452042,761,Logon API Request,200,OK,Thread Group 1-6,text,true,,967,275,8,8,761,0,0
1490178452116,768,Logon API Request,200,OK,Thread Group 1-3,text,true,,962,275,8,8,768,0,7
1490178452280,762,Logon API Request,200,OK,Thread Group 1-7,text,true,,964,275,8,8,761,0,0
1490178452377,761,Logon API Request,200,OK,Thread Group 1-4,text,true,,967,275,8,8,761,0,0
1490178452424,762,Logon API Request,200,OK,Thread Group 1-1,text,true,,967,275,8,8,762,0,0
1490178452449,819,Logon API Request,200,OK,Thread Group 1-8,text,true,,968,275,8,8,819,0,58
1490178452616,760,Logon API Request,200,OK,Thread Group 1-5,text,true,,967,275,8,8,760,0,0
1490178452768,761,Logon API Request,200,OK,Thread Group 1-2,text,true,,964,275,9,9,761,0,0
1490178452804,770,Logon API Request,200,OK,Thread Group 1-6,text,true,,968,275,9,9,770,0,8
1490178452885,762,Logon API Request,200,OK,Thread Group 1-3,text,true,,964,275,9,9,762,0,0
1490178453042,761,Logon API Request,200,OK,Thread Group 1-7,text,true,,967,275,9,9,761,0,0
1490178453139,771,Logon API Request,200,OK,Thread Group 1-4,text,true,,965,275,9,9,771,0,10
1490178453187,771,Logon API Request,200,OK,Thread Group 1-1,text,true,,968,275,9,9,771,0,11
1490178453269,762,Logon API Request,200,OK,Thread Group 1-8,text,true,,967,275,9,9,762,0,0
1490178453377,761,Logon API Request,200,OK,Thread Group 1-5,text,true,,967,275,9,9,761,0,0
1490178453449,823,Logon API Request,200,OK,Thread Group 1-9,text,true,,968,275,9,9,823,0,62
1490178453530,769,Logon API Request,200,OK,Thread Group 1-2,text,true,,968,275,9,9,769,0,9
1490178453575,761,Logon API Request,200,OK,Thread Group 1-6,text,true,,967,275,9,9,761,0,0
1490178453648,762,Logon API Request,200,OK,Thread Group 1-3,text,true,,967,275,9,9,762,0,0
1490178453804,769,Logon API Request,200,OK,Thread Group 1-7,text,true,,968,275,10,10,769,0,9
1490178453912,760,Logon API Request,200,OK,Thread Group 1-4,text,true,,967,275,10,10,760,0,0
1490178453960,762,Logon API Request,200,OK,Thread Group 1-1,text,true,,967,275,10,10,761,0,0
1490178454032,761,Logon API Request,200,OK,Thread Group 1-8,text,true,,967,275,9,9,761,0,0
1490178454139,770,Logon API Request,200,OK,Thread Group 1-5,text,true,,968,275,9,9,770,0,10
1490178454274,760,Logon API Request,200,OK,Thread Group 1-9,text,true,,967,275,9,9,760,0,0
1490178454300,762,Logon API Request,200,OK,Thread Group 1-2,text,true,,967,275,9,9,762,0,0
1490178454337,761,Logon API Request,200,OK,Thread Group 1-6,text,true,,964,275,8,8,761,0,0
1490178454411,771,Logon API Request,200,OK,Thread Group 1-3,text,true,,968,275,8,8,771,0,10
1490178454450,822,Logon API Request,200,OK,Thread Group 1-10,text,true,,968,275,7,7,822,0,61
1490178454574,760,Logon API Request,200,OK,Thread Group 1-7,text,true,,967,275,7,7,760,0,0
1490178454673,762,Logon API Request,200,OK,Thread Group 1-4,text,true,,967,275,7,7,762,0,0
1490178454794,769,Logon API Request,200,OK,Thread Group 1-8,text,true,,968,275,8,8,769,0,9
1490178454911,761,Logon API Request,200,OK,Thread Group 1-5,text,true,,961,275,8,8,761,0,0
1490178455035,762,Logon API Request,200,OK,Thread Group 1-9,text,true,,967,275,8,8,762,0,0
1490178455099,770,Logon API Request,200,OK,Thread Group 1-6,text,true,,968,275,8,8,770,0,8
1490178455273,761,Logon API Request,200,OK,Thread Group 1-10,text,true,,967,275,8,8,761,0,0
1490178455336,761,Logon API Request,200,OK,Thread Group 1-7,text,true,,967,275,8,8,761,0,0
1490178455436,770,Logon API Request,200,OK,Thread Group 1-4,text,true,,968,275,8,8,770,0,10
1490178455451,825,Logon API Request,200,OK,Thread Group 1-11,text,true,,968,275,7,7,825,0,63
1490178455565,760,Logon API Request,200,OK,Thread Group 1-8,text,true,,967,275,7,7,760,0,0
1490178455674,761,Logon API Request,200,OK,Thread Group 1-5,text,true,,967,275,7,7,761,0,0
1490178455798,770,Logon API Request,200,OK,Thread Group 1-9,text,true,,968,275,8,8,770,0,9
1490178455870,761,Logon API Request,200,OK,Thread Group 1-6,text,true,,964,275,8,8,761,0,0
1490178456035,760,Logon API Request,200,OK,Thread Group 1-10,text,true,,967,275,8,8,760,0,0
1490178456099,769,Logon API Request,200,OK,Thread Group 1-7,text,true,,968,275,8,8,769,0,8
1490178456277,762,Logon API Request,200,OK,Thread Group 1-11,text,true,,967,275,8,8,762,0,0
1490178456326,761,Logon API Request,200,OK,Thread Group 1-8,text,true,,967,275,8,8,761,0,0
1490178456436,772,Logon API Request,200,OK,Thread Group 1-5,text,true,,968,275,8,8,772,0,10
1490178456452,825,Logon API Request,200,OK,Thread Group 1-12,text,true,,968,275,7,7,825,0,63
1490178456570,761,Logon API Request,200,OK,Thread Group 1-9,text,true,,967,275,7,7,761,0,0
1490178456632,763,Logon API Request,200,OK,Thread Group 1-6,text,true,,967,275,7,7,763,0,0
1490178456796,769,Logon API Request,200,OK,Thread Group 1-10,text,true,,968,275,8,8,769,0,9
1490178456869,761,Logon API Request,200,OK,Thread Group 1-7,text,true,,967,275,8,8,761,0,0
1490178457040,762,Logon API Request,200,OK,Thread Group 1-11,text,true,,967,275,8,8,762,0,0
1490178457088,768,Logon API Request,200,OK,Thread Group 1-8,text,true,,968,275,8,8,768,0,7
1490178457277,762,Logon API Request,200,OK,Thread Group 1-12,text,true,,967,275,8,8,762,0,0
1490178457333,761,Logon API Request,200,OK,Thread Group 1-9,text,true,,967,275,8,8,761,0,0
1490178457396,770,Logon API Request,200,OK,Thread Group 1-6,text,true,,968,275,8,8,770,0,9
1490178457452,820,Logon API Request,200,OK,Thread Group 1-13,text,true,,968,275,7,7,819,0,58
1490178457566,760,Logon API Request,200,OK,Thread Group 1-10,text,true,,967,275,7,7,760,0,0
1490178457631,761,Logon API Request,200,OK,Thread Group 1-7,text,true,,967,275,7,7,761,0,0
1490178457802,772,Logon API Request,200,OK,Thread Group 1-11,text,true,,968,275,8,8,772,0,10
1490178457857,761,Logon API Request,200,OK,Thread Group 1-8,text,true,,967,275,8,8,761,0,0
1490178458040,761,Logon API Request,200,OK,Thread Group 1-12,text,true,,967,275,8,8,761,0,0
1490178458096,771,Logon API Request,200,OK,Thread Group 1-9,text,true,,968,275,8,8,771,0,10
1490178458273,761,Logon API Request,200,OK,Thread Group 1-13,text,true,,967,275,8,8,761,0,0
1490178458327,761,Logon API Request,200,OK,Thread Group 1-10,text,true,,967,275,8,8,761,0,0
1490178458393,770,Logon API Request,200,OK,Thread Group 1-7,text,true,,968,275,8,8,770,0,9
1490178458453,824,Logon API Request,200,OK,Thread Group 1-14,text,true,,965,275,7,7,824,0,62
1490178458575,760,Logon API Request,200,OK,Thread Group 1-11,text,true,,964,275,7,7,760,0,0
1490178458619,761,Logon API Request,200,OK,Thread Group 1-8,text,true,,967,275,7,7,761,0,0
1490178458801,769,Logon API Request,200,OK,Thread Group 1-12,text,true,,965,275,8,8,769,0,9
1490178458868,761,Logon API Request,200,OK,Thread Group 1-9,text,true,,967,275,8,8,761,0,0
1490178459035,760,Logon API Request,200,OK,Thread Group 1-13,text,true,,967,275,8,8,760,0,0
1490178459088,769,Logon API Request,200,OK,Thread Group 1-10,text,true,,968,275,8,8,769,0,8
1490178459277,762,Logon API Request,200,OK,Thread Group 1-14,text,true,,967,275,8,8,762,0,0
1490178459337,762,Logon API Request,200,OK,Thread Group 1-11,text,true,,967,275,8,8,762,0,0
1490178459381,769,Logon API Request,200,OK,Thread Group 1-8,text,true,,968,275,8,8,769,0,9
1490178459456,821,Logon API Request,200,OK,Thread Group 1-15,text,true,,968,275,7,7,820,0,60
1490178459571,761,Logon API Request,200,OK,Thread Group 1-12,text,true,,967,275,7,7,761,0,0
1490178459631,761,Logon API Request,200,OK,Thread Group 1-9,text,true,,967,275,7,7,761,0,0
1490178459796,772,Logon API Request,200,OK,Thread Group 1-13,text,true,,968,275,8,8,772,0,11
1490178459858,761,Logon API Request,200,OK,Thread Group 1-10,text,true,,967,275,8,8,761,0,0
1490178460040,761,Logon API Request,200,OK,Thread Group 1-14,text,true,,967,275,8,8,761,0,0
1490178460101,770,Logon API Request,200,OK,Thread Group 1-11,text,true,,968,275,8,8,770,0,8
1490178460278,761,Logon API Request,200,OK,Thread Group 1-15,text,true,,967,275,8,8,761,0,0
1490178460333,761,Logon API Request,200,OK,Thread Group 1-12,text,true,,967,275,8,8,761,0,0
1490178460392,771,Logon API Request,200,OK,Thread Group 1-9,text,true,,965,275,8,8,771,0,10
1490178460460,824,Logon API Request,200,OK,Thread Group 1-16,text,true,,965,275,7,7,824,0,64
1490178460569,761,Logon API Request,200,OK,Thread Group 1-13,text,true,,967,275,7,7,761,0,0
1490178460620,762,Logon API Request,200,OK,Thread Group 1-10,text,true,,967,275,7,7,762,0,0
1490178460802,769,Logon API Request,200,OK,Thread Group 1-14,text,true,,965,275,8,8,769,0,8
1490178460872,762,Logon API Request,200,OK,Thread Group 1-11,text,true,,967,275,8,8,762,0,0
1490178461040,761,Logon API Request,200,OK,Thread Group 1-15,text,true,,967,275,8,8,761,0,0
1490178461095,769,Logon API Request,200,OK,Thread Group 1-12,text,true,,968,275,8,8,769,0,9
1490178461285,762,Logon API Request,200,OK,Thread Group 1-16,text,true,,967,275,8,8,762,0,0
1490178461330,763,Logon API Request,200,OK,Thread Group 1-13,text,true,,964,275,8,8,763,0,0
1490178461382,769,Logon API Request,200,OK,Thread Group 1-10,text,true,,965,275,8,8,769,0,8
1490178461457,822,Logon API Request,200,OK,Thread Group 1-17,text,true,,968,275,7,7,822,0,61
1490178461571,761,Logon API Request,200,OK,Thread Group 1-14,text,true,,967,275,7,7,761,0,0
1490178461635,761,Logon API Request,200,OK,Thread Group 1-11,text,true,,967,275,7,7,761,0,0
1490178461801,771,Logon API Request,200,OK,Thread Group 1-15,text,true,,968,275,8,8,771,0,10
1490178461864,761,Logon API Request,200,OK,Thread Group 1-12,text,true,,967,275,8,8,761,0,0
1490178462048,762,Logon API Request,200,OK,Thread Group 1-16,text,true,,964,275,8,8,762,0,0
1490178462094,768,Logon API Request,200,OK,Thread Group 1-13,text,true,,968,275,8,8,768,0,7
1490178462280,760,Logon API Request,200,OK,Thread Group 1-17,text,true,,967,275,8,8,760,0,0
1490178462333,761,Logon API Request,200,OK,Thread Group 1-14,text,true,,967,275,8,8,761,0,0
1490178462397,770,Logon API Request,200,OK,Thread Group 1-11,text,true,,968,275,8,8,770,0,9
1490178462459,819,Logon API Request,200,OK,Thread Group 1-18,text,true,,968,275,7,7,819,0,58
1490178462573,761,Logon API Request,200,OK,Thread Group 1-15,text,true,,967,275,7,7,761,0,0
1490178462626,760,Logon API Request,200,OK,Thread Group 1-12,text,true,,964,275,7,7,760,0,0
1490178462811,770,Logon API Request,200,OK,Thread Group 1-16,text,true,,968,275,8,8,770,0,10
1490178462863,763,Logon API Request,200,OK,Thread Group 1-13,text,true,,967,275,8,8,763,0,0
1490178463042,759,Logon API Request,200,OK,Thread Group 1-17,text,true,,967,275,8,8,759,0,0
1490178463095,767,Logon API Request,200,OK,Thread Group 1-14,text,true,,968,275,8,8,767,0,8
1490178463279,761,Logon API Request,200,OK,Thread Group 1-18,text,true,,967,275,8,8,760,0,0
1490178463335,761,Logon API Request,200,OK,Thread Group 1-15,text,true,,967,275,8,8,761,0,0
1490178463387,768,Logon API Request,200,OK,Thread Group 1-12,text,true,,968,275,8,8,768,0,7
1490178463457,813,Logon API Request,200,OK,Thread Group 1-19,text,true,,968,275,7,7,813,0,52
1490178463582,762,Logon API Request,200,OK,Thread Group 1-16,text,true,,967,275,7,7,762,0,0
1490178463627,762,Logon API Request,200,OK,Thread Group 1-13,text,true,,967,275,7,7,762,0,0
1490178463802,769,Logon API Request,200,OK,Thread Group 1-17,text,true,,968,275,8,8,769,0,10
1490178463863,761,Logon API Request,200,OK,Thread Group 1-14,text,true,,967,275,8,8,761,0,0
1490178464040,762,Logon API Request,200,OK,Thread Group 1-18,text,true,,967,275,8,8,762,0,0
1490178464098,772,Logon API Request,200,OK,Thread Group 1-15,text,true,,968,275,8,8,772,0,11
1490178464271,760,Logon API Request,200,OK,Thread Group 1-19,text,true,,967,275,8,8,760,0,0
1490178464344,761,Logon API Request,200,OK,Thread Group 1-16,text,true,,967,275,8,8,761,0,0
1490178464389,774,Logon API Request,200,OK,Thread Group 1-13,text,true,,968,275,8,8,774,0,13
1490178464459,820,Logon API Request,200,OK,Thread Group 1-20,text,true,,968,275,7,7,820,0,59
1490178464572,761,Logon API Request,200,OK,Thread Group 1-17,text,true,,967,275,7,7,761,0,0
1490178464625,763,Logon API Request,200,OK,Thread Group 1-14,text,true,,967,275,7,7,763,0,0
1490178464803,769,Logon API Request,200,OK,Thread Group 1-18,text,true,,968,275,8,8,769,0,9
1490178464872,762,Logon API Request,200,OK,Thread Group 1-15,text,true,,967,275,8,8,762,0,0
1490178465032,762,Logon API Request,200,OK,Thread Group 1-19,text,true,,967,275,8,8,762,0,0
1490178465106,771,Logon API Request,200,OK,Thread Group 1-16,text,true,,968,275,8,8,771,0,10
1490178465279,761,Logon API Request,200,OK,Thread Group 1-20,text,true,,967,275,8,8,761,0,0
1490178465334,761,Logon API Request,200,OK,Thread Group 1-17,text,true,,967,275,8,8,761,0,0
1490178465388,770,Logon API Request,200,OK,Thread Group 1-14,text,true,,968,275,8,8,770,0,9
1490178465458,816,Logon API Request,200,OK,Thread Group 1-21,text,true,,968,275,7,7,816,0,55
1490178465573,760,Logon API Request,200,OK,Thread Group 1-18,text,true,,967,275,7,7,760,0,0
1490178465635,761,Logon API Request,200,OK,Thread Group 1-15,text,true,,967,275,7,7,761,0,0
1490178465795,768,Logon API Request,200,OK,Thread Group 1-19,text,true,,968,275,8,8,768,0,8
1490178465878,761,Logon API Request,200,OK,Thread Group 1-16,text,true,,967,275,8,8,761,0,0
1490178466041,761,Logon API Request,200,OK,Thread Group 1-20,text,true,,967,275,8,8,761,0,0
1490178466096,772,Logon API Request,200,OK,Thread Group 1-17,text,true,,968,275,8,8,772,0,11
1490178466274,762,Logon API Request,200,OK,Thread Group 1-21,text,true,,967,275,8,8,762,0,0
1490178466334,761,Logon API Request,200,OK,Thread Group 1-18,text,true,,967,275,8,8,760,0,0
1490178466397,769,Logon API Request,200,OK,Thread Group 1-15,text,true,,968,275,8,8,769,0,9
1490178466461,822,Logon API Request,200,OK,Thread Group 1-22,text,true,,968,275,7,7,822,0,61
1490178466564,761,Logon API Request,200,OK,Thread Group 1-19,text,true,,967,275,7,7,761,0,0
1490178466640,761,Logon API Request,200,OK,Thread Group 1-16,text,true,,964,275,7,7,761,0,0
1490178466803,769,Logon API Request,200,OK,Thread Group 1-20,text,true,,968,275,8,8,769,0,9
1490178466869,760,Logon API Request,200,OK,Thread Group 1-17,text,true,,967,275,8,8,760,0,0
1490178467037,762,Logon API Request,200,OK,Thread Group 1-21,text,true,,964,275,8,8,762,0,0
1490178467095,769,Logon API Request,200,OK,Thread Group 1-18,text,true,,968,275,8,8,769,0,9
1490178467284,762,Logon API Request,200,OK,Thread Group 1-22,text,true,,967,275,8,8,762,0,0
1490178467326,760,Logon API Request,200,OK,Thread Group 1-19,text,true,,967,275,8,8,760,0,0
1490178467401,772,Logon API Request,200,OK,Thread Group 1-16,text,true,,968,275,8,8,771,0,10
1490178467460,818,Logon API Request,200,OK,Thread Group 1-23,text,true,,968,275,7,7,818,0,58
1490178467573,761,Logon API Request,200,OK,Thread Group 1-20,text,true,,967,275,7,7,761,0,0
1490178467630,761,Logon API Request,200,OK,Thread Group 1-17,text,true,,967,275,7,7,761,0,0
1490178467799,771,Logon API Request,200,OK,Thread Group 1-21,text,true,,968,275,8,8,771,0,10
1490178467865,762,Logon API Request,200,OK,Thread Group 1-18,text,true,,967,275,8,8,762,0,0
1490178468047,761,Logon API Request,200,OK,Thread Group 1-22,text,true,,967,275,8,8,761,0,0
1490178468088,769,Logon API Request,200,OK,Thread Group 1-19,text,true,,968,275,8,8,769,0,9
1490178468279,761,Logon API Request,200,OK,Thread Group 1-23,text,true,,967,275,8,8,761,0,0
1490178468335,761,Logon API Request,200,OK,Thread Group 1-20,text,true,,967,275,8,8,761,0,0
1490178468392,769,Logon API Request,200,OK,Thread Group 1-17,text,true,,968,275,8,8,769,0,9
1490178468461,825,Logon API Request,200,OK,Thread Group 1-24,text,true,,965,275,7,7,825,0,64
1490178468571,761,Logon API Request,200,OK,Thread Group 1-21,text,true,,967,275,7,7,761,0,0
1490178468627,761,Logon API Request,200,OK,Thread Group 1-18,text,true,,967,275,7,7,761,0,0
1490178468809,772,Logon API Request,200,OK,Thread Group 1-22,text,true,,968,275,8,8,772,0,11
1490178468858,762,Logon API Request,200,OK,Thread Group 1-19,text,true,,967,275,8,8,762,0,0
1490178469040,762,Logon API Request,200,OK,Thread Group 1-23,text,true,,967,275,8,8,762,0,0
1490178469097,797,Logon API Request,200,OK,Thread Group 1-20,text,true,,968,275,8,8,797,0,37
1490178469287,761,Logon API Request,200,OK,Thread Group 1-24,text,true,,967,275,8,8,761,0,0
1490178469333,762,Logon API Request,200,OK,Thread Group 1-21,text,true,,967,275,8,8,762,0,0
1490178469388,770,Logon API Request,200,OK,Thread Group 1-18,text,true,,965,275,8,8,770,0,9
1490178469461,822,Logon API Request,200,OK,Thread Group 1-25,text,true,,962,275,7,7,822,0,61
1490178469581,761,Logon API Request,200,OK,Thread Group 1-22,text,true,,967,275,7,7,761,0,0
1490178469621,761,Logon API Request,200,OK,Thread Group 1-19,text,true,,967,275,7,7,760,0,0
1490178469802,769,Logon API Request,200,OK,Thread Group 1-23,text,true,,968,275,8,8,769,0,9
1490178469894,762,Logon API Request,200,OK,Thread Group 1-20,text,true,,967,275,8,8,762,0,0
1490178470049,760,Logon API Request,200,OK,Thread Group 1-24,text,true,,967,275,8,8,760,0,0
1490178470096,782,Logon API Request,200,OK,Thread Group 1-21,text,true,,968,275,8,8,782,0,21
1490178470283,762,Logon API Request,200,OK,Thread Group 1-25,text,true,,964,275,8,8,762,0,0
1490178470342,762,Logon API Request,200,OK,Thread Group 1-22,text,true,,967,275,8,8,762,0,0
1490178470382,791,Logon API Request,200,OK,Thread Group 1-19,text,true,,968,275,8,8,791,0,30
1490178470462,851,Logon API Request,200,OK,Thread Group 1-26,text,true,,968,275,7,7,851,0,90
1490178470572,761,Logon API Request,200,OK,Thread Group 1-23,text,true,,964,275,7,7,761,0,0
1490178470656,762,Logon API Request,200,OK,Thread Group 1-20,text,true,,967,275,7,7,761,0,0
1490178470810,770,Logon API Request,200,OK,Thread Group 1-24,text,true,,965,275,8,8,769,0,9
1490178470880,760,Logon API Request,200,OK,Thread Group 1-21,text,true,,967,275,8,8,759,0,0
1490178471045,762,Logon API Request,200,OK,Thread Group 1-25,text,true,,967,275,8,8,762,0,0
1490178471105,771,Logon API Request,200,OK,Thread Group 1-22,text,true,,968,275,8,8,770,0,9
1490178471314,761,Logon API Request,200,OK,Thread Group 1-26,text,true,,967,275,8,8,760,0,0
1490178471335,760,Logon API Request,200,OK,Thread Group 1-23,text,true,,967,275,8,8,760,0,0
1490178471418,769,Logon API Request,200,OK,Thread Group 1-20,text,true,,968,275,8,8,769,0,8
1490178471462,821,Logon API Request,200,OK,Thread Group 1-27,text,true,,968,275,7,7,821,0,60
1490178471580,762,Logon API Request,200,OK,Thread Group 1-24,text,true,,967,275,7,7,762,0,0
1490178471641,760,Logon API Request,200,OK,Thread Group 1-21,text,true,,967,275,7,7,760,0,0
1490178471808,768,Logon API Request,200,OK,Thread Group 1-25,text,true,,968,275,8,8,768,0,8
1490178471876,761,Logon API Request,200,OK,Thread Group 1-22,text,true,,967,275,8,8,761,0,0
1490178472075,761,Logon API Request,200,OK,Thread Group 1-26,text,true,,967,275,8,8,761,0,0
1490178472096,768,Logon API Request,200,OK,Thread Group 1-23,text,true,,968,275,8,8,768,0,8
1490178472284,761,Logon API Request,200,OK,Thread Group 1-27,text,true,,967,275,8,8,761,0,0
1490178472342,762,Logon API Request,200,OK,Thread Group 1-24,text,true,,967,275,8,8,762,0,0
1490178472401,770,Logon API Request,200,OK,Thread Group 1-21,text,true,,968,275,8,8,770,0,9
1490178472463,819,Logon API Request,200,OK,Thread Group 1-28,text,true,,968,275,7,7,819,0,59
1490178472577,760,Logon API Request,200,OK,Thread Group 1-25,text,true,,967,275,7,7,759,0,0
1490178472638,762,Logon API Request,200,OK,Thread Group 1-22,text,true,,967,275,7,7,761,0,0
1490178472837,768,Logon API Request,200,OK,Thread Group 1-26,text,true,,968,275,8,8,768,0,7
1490178472865,761,Logon API Request,200,OK,Thread Group 1-23,text,true,,967,275,8,8,761,0,0
1490178473046,761,Logon API Request,200,OK,Thread Group 1-27,text,true,,964,275,8,8,761,0,0
1490178473105,768,Logon API Request,200,OK,Thread Group 1-24,text,true,,968,275,8,8,767,0,7
1490178473283,762,Logon API Request,200,OK,Thread Group 1-28,text,true,,967,275,8,8,762,0,0
1490178473338,761,Logon API Request,200,OK,Thread Group 1-25,text,true,,967,275,8,8,761,0,0
1490178473400,771,Logon API Request,200,OK,Thread Group 1-22,text,true,,965,275,8,8,771,0,10
1490178473463,821,Logon API Request,200,OK,Thread Group 1-29,text,true,,968,275,7,7,821,0,60
1490178473606,761,Logon API Request,200,OK,Thread Group 1-26,text,true,,964,275,7,7,761,0,0
1490178473627,761,Logon API Request,200,OK,Thread Group 1-23,text,true,,967,275,7,7,761,0,0
1490178473807,769,Logon API Request,200,OK,Thread Group 1-27,text,true,,968,275,8,8,769,0,9
1490178473873,762,Logon API Request,200,OK,Thread Group 1-24,text,true,,967,275,8,8,762,0,0
1490178474046,762,Logon API Request,200,OK,Thread Group 1-28,text,true,,967,275,8,8,762,0,0
1490178474099,769,Logon API Request,200,OK,Thread Group 1-25,text,true,,968,275,8,8,769,0,7
1490178474285,761,Logon API Request,200,OK,Thread Group 1-29,text,true,,967,275,8,8,761,0,0
1490178474368,761,Logon API Request,200,OK,Thread Group 1-26,text,true,,967,275,8,8,761,0,0
1490178474389,768,Logon API Request,200,OK,Thread Group 1-23,text,true,,968,275,8,8,768,0,7
1490178474464,820,Logon API Request,200,OK,Thread Group 1-30,text,true,,968,275,7,7,820,0,58
1490178474576,762,Logon API Request,200,OK,Thread Group 1-27,text,true,,967,275,7,7,762,0,0
1490178474636,761,Logon API Request,200,OK,Thread Group 1-24,text,true,,967,275,7,7,761,0,0
1490178474808,771,Logon API Request,200,OK,Thread Group 1-28,text,true,,968,275,8,8,771,0,9
1490178474869,761,Logon API Request,200,OK,Thread Group 1-25,text,true,,967,275,8,8,761,0,0
1490178475047,761,Logon API Request,200,OK,Thread Group 1-29,text,true,,967,275,8,8,761,0,0
1490178475129,769,Logon API Request,200,OK,Thread Group 1-26,text,true,,968,275,8,8,769,0,8
1490178475285,761,Logon API Request,200,OK,Thread Group 1-30,text,true,,967,275,8,8,761,0,0
1490178475339,760,Logon API Request,200,OK,Thread Group 1-27,text,true,,967,275,8,8,760,0,0
1490178475398,768,Logon API Request,200,OK,Thread Group 1-24,text,true,,965,275,8,8,768,0,8
1490178475464,819,Logon API Request,200,OK,Thread Group 1-31,text,true,,968,275,7,7,819,0,59
1490178475579,761,Logon API Request,200,OK,Thread Group 1-28,text,true,,967,275,7,7,761,0,0
1490178475631,761,Logon API Request,200,OK,Thread Group 1-25,text,true,,967,275,7,7,761,0,0
1490178475809,770,Logon API Request,200,OK,Thread Group 1-29,text,true,,968,275,8,8,770,0,8
1490178475898,762,Logon API Request,200,OK,Thread Group 1-26,text,true,,967,275,8,8,762,0,0
1490178476046,762,Logon API Request,200,OK,Thread Group 1-30,text,true,,967,275,8,8,762,0,0
1490178476100,771,Logon API Request,200,OK,Thread Group 1-27,text,true,,968,275,8,8,771,0,10
1490178476284,762,Logon API Request,200,OK,Thread Group 1-31,text,true,,967,275,8,8,762,0,0
1490178476341,762,Logon API Request,200,OK,Thread Group 1-28,text,true,,967,275,8,8,762,0,0
1490178476392,771,Logon API Request,200,OK,Thread Group 1-25,text,true,,968,275,8,8,771,0,9
1490178476466,816,Logon API Request,200,OK,Thread Group 1-32,text,true,,968,275,7,7,816,0,56
1490178476579,760,Logon API Request,200,OK,Thread Group 1-29,text,true,,967,275,7,7,760,0,0
1490178476660,763,Logon API Request,200,OK,Thread Group 1-26,text,true,,967,275,7,7,762,0,0
1490178476808,769,Logon API Request,200,OK,Thread Group 1-30,text,true,,968,275,8,8,769,0,9
1490178476872,761,Logon API Request,200,OK,Thread Group 1-27,text,true,,967,275,8,8,761,0,0
1490178477047,761,Logon API Request,200,OK,Thread Group 1-31,text,true,,967,275,8,8,761,0,0
1490178477103,770,Logon API Request,200,OK,Thread Group 1-28,text,true,,968,275,8,8,770,0,10
1490178477283,760,Logon API Request,200,OK,Thread Group 1-32,text,true,,967,275,8,8,760,0,0
1490178477340,761,Logon API Request,200,OK,Thread Group 1-29,text,true,,967,275,8,8,760,0,0
1490178477423,771,Logon API Request,200,OK,Thread Group 1-26,text,true,,968,275,8,8,771,0,10
1490178477466,818,Logon API Request,200,OK,Thread Group 1-33,text,true,,968,275,7,7,817,0,57
1490178477578,761,Logon API Request,200,OK,Thread Group 1-30,text,true,,967,275,7,7,760,0,0
1490178477635,761,Logon API Request,200,OK,Thread Group 1-27,text,true,,967,275,7,7,761,0,0
1490178477809,770,Logon API Request,200,OK,Thread Group 1-31,text,true,,968,275,8,8,770,0,8
1490178477874,762,Logon API Request,200,OK,Thread Group 1-28,text,true,,964,275,8,8,762,0,0
1490178478044,761,Logon API Request,200,OK,Thread Group 1-32,text,true,,967,275,8,8,761,0,0
1490178478102,770,Logon API Request,200,OK,Thread Group 1-29,text,true,,968,275,8,8,770,0,9
1490178478284,761,Logon API Request,200,OK,Thread Group 1-33,text,true,,967,275,8,8,761,0,0
1490178478339,761,Logon API Request,200,OK,Thread Group 1-30,text,true,,967,275,8,8,761,0,0
1490178478397,769,Logon API Request,200,OK,Thread Group 1-27,text,true,,968,275,8,8,769,0,8
1490178478466,823,Logon API Request,200,OK,Thread Group 1-34,text,true,,968,275,7,7,823,0,61
1490178478579,762,Logon API Request,200,OK,Thread Group 1-31,text,true,,967,275,7,7,762,0,0
1490178478636,761,Logon API Request,200,OK,Thread Group 1-28,text,true,,967,275,7,7,761,0,0
1490178478806,770,Logon API Request,200,OK,Thread Group 1-32,text,true,,968,275,8,8,770,0,9
1490178478873,761,Logon API Request,200,OK,Thread Group 1-29,text,true,,967,275,8,8,760,0,0
1490178479046,761,Logon API Request,200,OK,Thread Group 1-33,text,true,,967,275,8,8,761,0,0
1490178479100,768,Logon API Request,200,OK,Thread Group 1-30,text,true,,968,275,8,8,768,0,8
1490178479290,761,Logon API Request,200,OK,Thread Group 1-34,text,true,,967,275,8,8,761,0,0
1490178479342,761,Logon API Request,200,OK,Thread Group 1-31,text,true,,967,275,8,8,761,0,0
1490178479398,769,Logon API Request,200,OK,Thread Group 1-28,text,true,,968,275,8,8,769,0,9
1490178479467,821,Logon API Request,200,OK,Thread Group 1-35,text,true,,968,275,7,7,821,0,60
1490178479576,762,Logon API Request,200,OK,Thread Group 1-32,text,true,,967,275,7,7,762,0,0
1490178479635,760,Logon API Request,200,OK,Thread Group 1-29,text,true,,967,275,7,7,760,0,0
1490178479808,770,Logon API Request,200,OK,Thread Group 1-33,text,true,,968,275,8,8,770,0,8
1490178479869,761,Logon API Request,200,OK,Thread Group 1-30,text,true,,967,275,8,8,761,0,0
1490178480055,763,Logon API Request,200,OK,Thread Group 1-34,text,true,,967,275,8,8,763,0,0
1490178480104,769,Logon API Request,200,OK,Thread Group 1-31,text,true,,968,275,8,8,769,0,8
1490178480289,761,Logon API Request,200,OK,Thread Group 1-35,text,true,,967,275,8,8,761,0,0
1490178480339,761,Logon API Request,200,OK,Thread Group 1-32,text,true,,967,275,8,8,761,0,0
1490178480396,771,Logon API Request,200,OK,Thread Group 1-29,text,true,,968,275,8,8,771,0,11
1490178480467,821,Logon API Request,200,OK,Thread Group 1-36,text,true,,968,275,7,7,821,0,60
1490178480578,762,Logon API Request,200,OK,Thread Group 1-33,text,true,,964,275,7,7,762,0,0
1490178480630,762,Logon API Request,200,OK,Thread Group 1-30,text,true,,967,275,7,7,762,0,0
1490178480819,767,Logon API Request,200,OK,Thread Group 1-34,text,true,,968,275,8,8,767,0,7
1490178480874,760,Logon API Request,200,OK,Thread Group 1-31,text,true,,967,275,8,8,760,0,0
1490178481051,761,Logon API Request,200,OK,Thread Group 1-35,text,true,,967,275,8,8,761,0,0
1490178481101,769,Logon API Request,200,OK,Thread Group 1-32,text,true,,968,275,8,8,769,0,8
1490178481289,761,Logon API Request,200,OK,Thread Group 1-36,text,true,,967,275,8,8,760,0,0
1490178481341,762,Logon API Request,200,OK,Thread Group 1-33,text,true,,967,275,8,8,762,0,0
1490178481392,770,Logon API Request,200,OK,Thread Group 1-30,text,true,,968,275,8,8,770,0,9
1490178481487,820,Logon API Request,200,OK,Thread Group 1-37,text,true,,968,275,7,7,820,0,60
1490178481587,761,Logon API Request,200,OK,Thread Group 1-34,text,true,,967,275,7,7,761,0,0
1490178481635,761,Logon API Request,200,OK,Thread Group 1-31,text,true,,967,275,7,7,761,0,0
1490178481813,769,Logon API Request,200,OK,Thread Group 1-35,text,true,,968,275,8,8,769,0,7
1490178481871,762,Logon API Request,200,OK,Thread Group 1-32,text,true,,967,275,8,8,762,0,0
1490178482050,762,Logon API Request,200,OK,Thread Group 1-36,text,true,,967,275,8,8,762,0,0
1490178482104,769,Logon API Request,200,OK,Thread Group 1-33,text,true,,968,275,8,8,768,0,9
1490178482307,762,Logon API Request,200,OK,Thread Group 1-37,text,true,,967,275,8,8,762,0,0
1490178482349,762,Logon API Request,200,OK,Thread Group 1-34,text,true,,967,275,8,8,762,0,0
1490178482397,767,Logon API Request,200,OK,Thread Group 1-31,text,true,,968,275,8,8,767,0,7
1490178482468,821,Logon API Request,200,OK,Thread Group 1-38,text,true,,968,275,7,7,821,0,59
1490178482582,762,Logon API Request,200,OK,Thread Group 1-35,text,true,,967,275,7,7,762,0,0
1490178482633,761,Logon API Request,200,OK,Thread Group 1-32,text,true,,967,275,7,7,761,0,0
1490178482812,768,Logon API Request,200,OK,Thread Group 1-36,text,true,,968,275,8,8,768,0,8
1490178482874,761,Logon API Request,200,OK,Thread Group 1-33,text,true,,967,275,8,8,761,0,0
1490178483069,762,Logon API Request,200,OK,Thread Group 1-37,text,true,,967,275,8,8,761,0,0
1490178483112,768,Logon API Request,200,OK,Thread Group 1-34,text,true,,962,275,8,8,768,0,8
1490178483289,762,Logon API Request,200,OK,Thread Group 1-38,text,true,,967,275,8,8,762,0,0
1490178483345,761,Logon API Request,200,OK,Thread Group 1-35,text,true,,967,275,8,8,761,0,0
1490178483394,770,Logon API Request,200,OK,Thread Group 1-32,text,true,,968,275,8,8,770,0,9
1490178483467,820,Logon API Request,200,OK,Thread Group 1-39,text,true,,968,275,7,7,820,0,59
1490178483581,761,Logon API Request,200,OK,Thread Group 1-36,text,true,,967,275,7,7,761,0,0
1490178483636,760,Logon API Request,200,OK,Thread Group 1-33,text,true,,967,275,7,7,760,0,0
1490178483831,769,Logon API Request,200,OK,Thread Group 1-37,text,true,,968,275,8,8,769,0,8
1490178483881,762,Logon API Request,200,OK,Thread Group 1-34,text,true,,967,275,8,8,761,0,0
1490178484052,761,Logon API Request,200,OK,Thread Group 1-38,text,true,,967,275,8,8,761,0,0
1490178484107,769,Logon API Request,200,OK,Thread Group 1-35,text,true,,968,275,8,8,769,0,8
1490178484288,762,Logon API Request,200,OK,Thread Group 1-39,text,true,,967,275,8,8,761,0,0
1490178484343,760,Logon API Request,200,OK,Thread Group 1-36,text,true,,967,275,8,8,760,0,0
1490178484397,768,Logon API Request,200,OK,Thread Group 1-33,text,true,,968,275,8,8,768,0,8
1490178484469,828,Logon API Request,200,OK,Thread Group 1-40,text,true,,968,275,7,7,827,0,66
1490178484601,761,Logon API Request,200,OK,Thread Group 1-37,text,true,,967,275,7,7,761,0,0
1490178484643,761,Logon API Request,200,OK,Thread Group 1-34,text,true,,967,275,7,7,761,0,0
1490178484814,768,Logon API Request,200,OK,Thread Group 1-38,text,true,,968,275,8,8,768,0,7
1490178484877,761,Logon API Request,200,OK,Thread Group 1-35,text,true,,967,275,8,8,761,0,0
1490178485050,761,Logon API Request,200,OK,Thread Group 1-39,text,true,,967,275,8,8,761,0,0
1490178485104,768,Logon API Request,200,OK,Thread Group 1-36,text,true,,968,275,8,8,768,0,7
1490178485297,761,Logon API Request,200,OK,Thread Group 1-40,text,true,,967,275,8,8,761,0,0
1490178485363,762,Logon API Request,200,OK,Thread Group 1-37,text,true,,967,275,8,8,762,0,0
1490178485405,769,Logon API Request,200,OK,Thread Group 1-34,text,true,,968,275,8,8,769,0,8
1490178485468,820,Logon API Request,200,OK,Thread Group 1-41,text,true,,968,275,7,7,820,0,58
1490178485582,761,Logon API Request,200,OK,Thread Group 1-38,text,true,,967,275,7,7,761,0,0
1490178485639,760,Logon API Request,200,OK,Thread Group 1-35,text,true,,967,275,7,7,760,0,0
1490178485811,769,Logon API Request,200,OK,Thread Group 1-39,text,true,,968,275,8,8,769,0,7
1490178485873,761,Logon API Request,200,OK,Thread Group 1-36,text,true,,967,275,8,8,761,0,0
1490178486059,763,Logon API Request,200,OK,Thread Group 1-40,text,true,,967,275,8,8,763,0,0
1490178486125,769,Logon API Request,200,OK,Thread Group 1-37,text,true,,968,275,8,8,769,0,8
1490178486288,761,Logon API Request,200,OK,Thread Group 1-41,text,true,,967,275,8,8,761,0,0
1490178486342,762,Logon API Request,200,OK,Thread Group 1-38,text,true,,967,275,8,8,761,0,0
1490178486399,768,Logon API Request,200,OK,Thread Group 1-35,text,true,,968,275,8,8,768,0,8
1490178486468,819,Logon API Request,200,OK,Thread Group 1-42,text,true,,968,275,7,7,819,0,58
1490178486579,761,Logon API Request,200,OK,Thread Group 1-39,text,true,,967,275,7,7,761,0,0
1490178486634,761,Logon API Request,200,OK,Thread Group 1-36,text,true,,967,275,7,7,761,0,0
1490178486821,769,Logon API Request,200,OK,Thread Group 1-40,text,true,,968,275,8,8,769,0,9
1490178486895,762,Logon API Request,200,OK,Thread Group 1-37,text,true,,967,275,8,8,762,0,0
1490178487049,761,Logon API Request,200,OK,Thread Group 1-41,text,true,,967,275,8,8,761,0,0
1490178487104,769,Logon API Request,200,OK,Thread Group 1-38,text,true,,968,275,8,8,769,0,8
1490178487288,761,Logon API Request,200,OK,Thread Group 1-42,text,true,,967,275,8,8,761,0,0
1490178487341,762,Logon API Request,200,OK,Thread Group 1-39,text,true,,967,275,8,8,761,0,0
1490178487396,768,Logon API Request,200,OK,Thread Group 1-36,text,true,,965,275,8,8,768,0,9
1490178487467,819,Logon API Request,200,OK,Thread Group 1-43,text,true,,968,275,7,7,819,0,58
1490178487591,762,Logon API Request,200,OK,Thread Group 1-40,text,true,,967,275,7,7,762,0,0
1490178487658,761,Logon API Request,200,OK,Thread Group 1-37,text,true,,967,275,7,7,761,0,0
1490178487811,767,Logon API Request,200,OK,Thread Group 1-41,text,true,,968,275,8,8,767,0,8
1490178487873,762,Logon API Request,200,OK,Thread Group 1-38,text,true,,967,275,8,8,762,0,0
1490178488050,761,Logon API Request,200,OK,Thread Group 1-42,text,true,,967,275,8,8,761,0,0
1490178488104,769,Logon API Request,200,OK,Thread Group 1-39,text,true,,968,275,8,8,769,0,8
1490178488287,760,Logon API Request,200,OK,Thread Group 1-43,text,true,,967,275,8,8,760,0,0
1490178488354,761,Logon API Request,200,OK,Thread Group 1-40,text,true,,967,275,8,8,761,0,0
1490178488419,770,Logon API Request,200,OK,Thread Group 1-37,text,true,,968,275,8,8,770,0,9
1490178488468,822,Logon API Request,200,OK,Thread Group 1-44,text,true,,968,275,7,7,822,0,61
1490178488579,761,Logon API Request,200,OK,Thread Group 1-41,text,true,,967,275,7,7,761,0,0
1490178488635,761,Logon API Request,200,OK,Thread Group 1-38,text,true,,967,275,7,7,761,0,0
1490178488812,769,Logon API Request,200,OK,Thread Group 1-42,text,true,,968,275,8,8,769,0,8
1490178488874,760,Logon API Request,200,OK,Thread Group 1-39,text,true,,967,275,8,8,760,0,0
1490178489048,762,Logon API Request,200,OK,Thread Group 1-43,text,true,,967,275,8,8,762,0,0
1490178489115,771,Logon API Request,200,OK,Thread Group 1-40,text,true,,968,275,8,8,770,0,10
1490178489291,761,Logon API Request,200,OK,Thread Group 1-44,text,true,,967,275,8,8,761,0,0
1490178489341,760,Logon API Request,200,OK,Thread Group 1-41,text,true,,964,275,8,8,760,0,0
1490178489397,768,Logon API Request,200,OK,Thread Group 1-38,text,true,,968,275,8,8,768,0,7
1490178489468,819,Logon API Request,200,OK,Thread Group 1-45,text,true,,968,275,7,7,819,0,58
1490178489581,761,Logon API Request,200,OK,Thread Group 1-42,text,true,,967,275,7,7,761,0,0
1490178489636,762,Logon API Request,200,OK,Thread Group 1-39,text,true,,967,275,7,7,762,0,0
1490178489811,768,Logon API Request,200,OK,Thread Group 1-43,text,true,,968,275,8,8,768,0,8
1490178489886,762,Logon API Request,200,OK,Thread Group 1-40,text,true,,967,275,8,8,762,0,0
1490178490053,761,Logon API Request,200,OK,Thread Group 1-44,text,true,,967,275,8,8,761,0,0
1490178490102,770,Logon API Request,200,OK,Thread Group 1-41,text,true,,968,275,8,8,770,0,9
1490178490288,762,Logon API Request,200,OK,Thread Group 1-45,text,true,,967,275,8,8,762,0,0
1490178490343,761,Logon API Request,200,OK,Thread Group 1-42,text,true,,967,275,8,8,761,0,0
1490178490398,769,Logon API Request,200,OK,Thread Group 1-39,text,true,,968,275,8,8,769,0,8
1490178490469,823,Logon API Request,200,OK,Thread Group 1-46,text,true,,968,275,7,7,823,0,62
1490178490580,762,Logon API Request,200,OK,Thread Group 1-43,text,true,,967,275,7,7,762,0,0
1490178490649,761,Logon API Request,200,OK,Thread Group 1-40,text,true,,967,275,7,7,761,0,0
1490178490815,768,Logon API Request,200,OK,Thread Group 1-44,text,true,,968,275,8,8,767,0,8
1490178490873,762,Logon API Request,200,OK,Thread Group 1-41,text,true,,967,275,8,8,762,0,0
1490178491050,762,Logon API Request,200,OK,Thread Group 1-45,text,true,,967,275,8,8,762,0,0
1490178491106,770,Logon API Request,200,OK,Thread Group 1-42,text,true,,968,275,8,8,770,0,8
1490178491294,762,Logon API Request,200,OK,Thread Group 1-46,text,true,,967,275,8,8,762,0,0
1490178491344,761,Logon API Request,200,OK,Thread Group 1-43,text,true,,967,275,8,8,761,0,0
1490178491412,769,Logon API Request,200,OK,Thread Group 1-40,text,true,,968,275,8,8,769,0,8
1490178491469,815,Logon API Request,200,OK,Thread Group 1-47,text,true,,968,275,7,7,815,0,55
1490178491584,761,Logon API Request,200,OK,Thread Group 1-44,text,true,,967,275,7,7,761,0,0
1490178491637,761,Logon API Request,200,OK,Thread Group 1-41,text,true,,967,275,7,7,761,0,0
1490178491814,769,Logon API Request,200,OK,Thread Group 1-45,text,true,,968,275,8,8,769,0,8
1490178491876,761,Logon API Request,200,OK,Thread Group 1-42,text,true,,967,275,8,8,761,0,0
1490178492056,763,Logon API Request,200,OK,Thread Group 1-46,text,true,,967,275,8,8,762,0,0
1490178492106,770,Logon API Request,200,OK,Thread Group 1-43,text,true,,968,275,8,8,770,0,8
1490178492285,762,Logon API Request,200,OK,Thread Group 1-47,text,true,,967,275,8,8,762,0,0
1490178492346,761,Logon API Request,200,OK,Thread Group 1-44,text,true,,964,275,8,8,761,0,0
1490178492398,770,Logon API Request,200,OK,Thread Group 1-41,text,true,,968,275,8,8,770,0,9
1490178492470,822,Logon API Request,200,OK,Thread Group 1-48,text,true,,968,275,7,7,822,0,60
1490178492584,760,Logon API Request,200,OK,Thread Group 1-45,text,true,,967,275,7,7,760,0,0
1490178492638,761,Logon API Request,200,OK,Thread Group 1-42,text,true,,967,275,7,7,761,0,0
1490178492819,768,Logon API Request,200,OK,Thread Group 1-46,text,true,,968,275,8,8,768,0,7
1490178492877,760,Logon API Request,200,OK,Thread Group 1-43,text,true,,967,275,8,8,760,0,0
1490178493048,761,Logon API Request,200,OK,Thread Group 1-47,text,true,,967,275,8,8,761,0,0
1490178493107,769,Logon API Request,200,OK,Thread Group 1-44,text,true,,968,275,8,8,769,0,8
1490178493293,761,Logon API Request,200,OK,Thread Group 1-48,text,true,,964,275,8,8,761,0,0
1490178493345,761,Logon API Request,200,OK,Thread Group 1-45,text,true,,967,275,8,8,761,0,0
1490178493400,770,Logon API Request,200,OK,Thread Group 1-42,text,true,,968,275,8,8,770,0,10
1490178493470,821,Logon API Request,200,OK,Thread Group 1-49,text,true,,968,275,7,7,821,0,60
1490178493587,761,Logon API Request,200,OK,Thread Group 1-46,text,true,,967,275,7,7,761,0,0
1490178493638,761,Logon API Request,200,OK,Thread Group 1-43,text,true,,967,275,7,7,761,0,0
1490178493810,768,Logon API Request,200,OK,Thread Group 1-47,text,true,,968,275,8,8,768,0,7
1490178493877,760,Logon API Request,200,OK,Thread Group 1-44,text,true,,967,275,8,8,760,0,0
1490178494055,761,Logon API Request,200,OK,Thread Group 1-48,text,true,,964,275,8,8,761,0,0
1490178494107,770,Logon API Request,200,OK,Thread Group 1-45,text,true,,968,275,8,8,770,0,8
1490178494291,762,Logon API Request,200,OK,Thread Group 1-49,text,true,,964,275,8,8,762,0,0
1490178494349,761,Logon API Request,200,OK,Thread Group 1-46,text,true,,967,275,8,8,761,0,0
1490178494400,769,Logon API Request,200,OK,Thread Group 1-43,text,true,,968,275,8,8,769,0,8
1490178494470,822,Logon API Request,200,OK,Thread Group 1-50,text,true,,968,275,7,7,822,0,60
1490178494579,761,Logon API Request,200,OK,Thread Group 1-47,text,true,,967,275,7,7,761,0,0
1490178494638,761,Logon API Request,200,OK,Thread Group 1-44,text,true,,961,275,7,7,761,0,0
1490178494817,769,Logon API Request,200,OK,Thread Group 1-48,text,true,,968,275,8,8,769,0,8
1490178494878,761,Logon API Request,200,OK,Thread Group 1-45,text,true,,964,275,8,8,761,0,0
1490178495054,762,Logon API Request,200,OK,Thread Group 1-49,text,true,,967,275,8,8,762,0,0
1490178495110,769,Logon API Request,200,OK,Thread Group 1-46,text,true,,968,275,8,8,769,0,9
1490178495292,763,Logon API Request,200,OK,Thread Group 1-50,text,true,,967,275,8,8,763,0,0
1490178495341,761,Logon API Request,200,OK,Thread Group 1-47,text,true,,967,275,8,8,761,0,0
1490178495400,769,Logon API Request,200,OK,Thread Group 1-44,text,true,,968,275,8,8,769,0,7
1490178495472,820,Logon API Request,200,OK,Thread Group 1-51,text,true,,968,275,7,7,820,0,59
1490178495587,760,Logon API Request,200,OK,Thread Group 1-48,text,true,,967,275,7,7,760,0,0
1490178495640,762,Logon API Request,200,OK,Thread Group 1-45,text,true,,967,275,7,7,761,0,0
1490178495817,775,Logon API Request,200,OK,Thread Group 1-49,text,true,,968,275,8,8,775,0,15
1490178495880,763,Logon API Request,200,OK,Thread Group 1-46,text,true,,967,275,8,8,763,0,0
1490178496055,762,Logon API Request,200,OK,Thread Group 1-50,text,true,,967,275,8,8,762,0,0
1490178496102,775,Logon API Request,200,OK,Thread Group 1-47,text,true,,959,275,8,8,775,0,14
1490178496292,761,Logon API Request,200,OK,Thread Group 1-51,text,true,,967,275,8,8,761,0,0
1490178496347,761,Logon API Request,200,OK,Thread Group 1-48,text,true,,967,275,8,8,760,0,0
1490178496401,779,Logon API Request,200,OK,Thread Group 1-45,text,true,,968,275,8,8,779,0,19
1490178496471,830,Logon API Request,200,OK,Thread Group 1-52,text,true,,968,275,7,7,830,0,69
1490178496591,762,Logon API Request,200,OK,Thread Group 1-49,text,true,,967,275,7,7,762,0,0
1490178496643,760,Logon API Request,200,OK,Thread Group 1-46,text,true,,964,275,7,7,760,0,0
1490178496816,784,Logon API Request,200,OK,Thread Group 1-50,text,true,,968,275,8,8,784,0,24
1490178496878,760,Logon API Request,200,OK,Thread Group 1-47,text,true,,967,275,8,8,760,0,0
1490178497054,761,Logon API Request,200,OK,Thread Group 1-51,text,true,,967,275,8,8,761,0,0
1490178497108,793,Logon API Request,200,OK,Thread Group 1-48,text,true,,968,275,8,8,793,0,33
1490178497301,762,Logon API Request,200,OK,Thread Group 1-52,text,true,,964,275,8,8,762,0,0
1490178497354,761,Logon API Request,200,OK,Thread Group 1-49,text,true,,967,275,8,8,761,0,0
1490178497404,791,Logon API Request,200,OK,Thread Group 1-46,text,true,,965,275,8,8,791,0,31
1490178497471,829,Logon API Request,200,OK,Thread Group 1-53,text,true,,968,275,7,7,829,0,68
1490178497600,763,Logon API Request,200,OK,Thread Group 1-50,text,true,,967,275,7,7,763,0,0
1490178497639,762,Logon API Request,200,OK,Thread Group 1-47,text,true,,967,275,7,7,762,0,0
1490178497816,774,Logon API Request,200,OK,Thread Group 1-51,text,true,,968,275,8,8,774,0,14
1490178497901,761,Logon API Request,200,OK,Thread Group 1-48,text,true,,967,275,8,8,760,0,0
1490178498064,761,Logon API Request,200,OK,Thread Group 1-52,text,true,,967,275,8,8,761,0,0
1490178498116,776,Logon API Request,200,OK,Thread Group 1-49,text,true,,968,275,8,8,776,0,17
1490178498301,761,Logon API Request,200,OK,Thread Group 1-53,text,true,,967,275,8,8,761,0,0
1490178498364,765,Logon API Request,200,OK,Thread Group 1-50,text,true,,967,275,8,8,765,0,0
1490178498401,770,Logon API Request,200,OK,Thread Group 1-47,text,true,,968,275,8,8,770,0,10
1490178498472,841,Logon API Request,200,OK,Thread Group 1-54,text,true,,968,275,7,7,841,0,79
1490178498591,762,Logon API Request,200,OK,Thread Group 1-51,text,true,,967,275,7,7,761,0,0
1490178498662,760,Logon API Request,200,OK,Thread Group 1-48,text,true,,967,275,7,7,760,0,0
1490178498825,770,Logon API Request,200,OK,Thread Group 1-52,text,true,,968,275,8,8,770,0,9
1490178498893,761,Logon API Request,200,OK,Thread Group 1-49,text,true,,967,275,8,8,760,0,0
1490178499062,760,Logon API Request,200,OK,Thread Group 1-53,text,true,,967,275,8,8,760,0,0
1490178499129,775,Logon API Request,200,OK,Thread Group 1-50,text,true,,965,275,8,8,775,0,14
1490178499313,762,Logon API Request,200,OK,Thread Group 1-54,text,true,,967,275,8,8,762,0,0
1490178499354,760,Logon API Request,200,OK,Thread Group 1-51,text,true,,964,275,8,8,759,0,0
1490178499423,780,Logon API Request,200,OK,Thread Group 1-48,text,true,,968,275,8,8,780,0,19
1490178499473,838,Logon API Request,200,OK,Thread Group 1-55,text,true,,968,275,7,7,838,0,78
1490178499597,766,Logon API Request,200,OK,Thread Group 1-52,text,true,,967,275,7,7,765,0,0
1490178499655,760,Logon API Request,200,OK,Thread Group 1-49,text,true,,967,275,7,7,759,0,0
1490178499823,779,Logon API Request,200,OK,Thread Group 1-53,text,true,,968,275,8,8,779,0,17
1490178499905,761,Logon API Request,200,OK,Thread Group 1-50,text,true,,967,275,8,8,761,0,0
1490178500076,761,Logon API Request,200,OK,Thread Group 1-54,text,true,,967,275,8,8,761,0,0
1490178500115,769,Logon API Request,200,OK,Thread Group 1-51,text,true,,968,275,8,8,769,0,9
1490178500312,761,Logon API Request,200,OK,Thread Group 1-55,text,true,,964,275,8,8,761,0,0
1490178500363,761,Logon API Request,200,OK,Thread Group 1-52,text,true,,967,275,8,8,760,0,0
1490178500415,786,Logon API Request,200,OK,Thread Group 1-49,text,true,,968,275,8,8,786,0,25
1490178500474,835,Logon API Request,200,OK,Thread Group 1-56,text,true,,968,275,7,7,835,0,75
1490178500602,762,Logon API Request,200,OK,Thread Group 1-53,text,true,,967,275,7,7,762,0,0
1490178500667,761,Logon API Request,200,OK,Thread Group 1-50,text,true,,967,275,7,7,761,0,0
1490178500838,789,Logon API Request,200,OK,Thread Group 1-54,text,true,,968,275,8,8,789,0,27
1490178500885,761,Logon API Request,200,OK,Thread Group 1-51,text,true,,967,275,8,8,761,0,0
1490178501073,762,Logon API Request,200,OK,Thread Group 1-55,text,true,,967,275,8,8,762,0,0
1490178501125,776,Logon API Request,200,OK,Thread Group 1-52,text,true,,968,275,8,8,776,0,15
1490178501311,763,Logon API Request,200,OK,Thread Group 1-56,text,true,,967,275,8,8,763,0,0
1490178501366,761,Logon API Request,200,OK,Thread Group 1-53,text,true,,967,275,8,8,761,0,0
1490178501430,777,Logon API Request,200,OK,Thread Group 1-50,text,true,,968,275,8,8,777,0,17
1490178501474,839,Logon API Request,200,OK,Thread Group 1-57,text,true,,968,275,7,7,839,0,78
1490178501628,762,Logon API Request,200,OK,Thread Group 1-54,text,true,,967,275,7,7,762,0,0
1490178501648,762,Logon API Request,200,OK,Thread Group 1-51,text,true,,967,275,7,7,762,0,0
1490178501837,776,Logon API Request,200,OK,Thread Group 1-55,text,true,,968,275,8,8,776,0,15
1490178501902,761,Logon API Request,200,OK,Thread Group 1-52,text,true,,967,275,8,8,761,0,0
1490178502075,761,Logon API Request,200,OK,Thread Group 1-56,text,true,,967,275,8,8,761,0,0
1490178502128,775,Logon API Request,200,OK,Thread Group 1-53,text,true,,968,275,8,8,775,0,14
1490178502313,761,Logon API Request,200,OK,Thread Group 1-57,text,true,,967,275,8,8,761,0,0
1490178502391,760,Logon API Request,200,OK,Thread Group 1-54,text,true,,967,275,8,8,760,0,0
1490178502411,773,Logon API Request,200,OK,Thread Group 1-51,text,true,,968,275,8,8,773,0,13
1490178502475,840,Logon API Request,200,OK,Thread Group 1-58,text,true,,968,275,7,7,840,0,78
1490178502613,762,Logon API Request,200,OK,Thread Group 1-55,text,true,,967,275,7,7,762,0,0
1490178502664,761,Logon API Request,200,OK,Thread Group 1-52,text,true,,967,275,7,7,761,0,0
1490178502836,779,Logon API Request,200,OK,Thread Group 1-56,text,true,,968,275,8,8,778,0,18
1490178502904,761,Logon API Request,200,OK,Thread Group 1-53,text,true,,967,275,8,8,761,0,0
1490178503075,762,Logon API Request,200,OK,Thread Group 1-57,text,true,,967,275,8,8,761,0,0
1490178503152,778,Logon API Request,200,OK,Thread Group 1-54,text,true,,968,275,8,8,778,0,17
1490178503316,761,Logon API Request,200,OK,Thread Group 1-58,text,true,,964,275,8,8,761,0,0
1490178503376,761,Logon API Request,200,OK,Thread Group 1-55,text,true,,967,275,8,8,761,0,0
1490178503426,776,Logon API Request,200,OK,Thread Group 1-52,text,true,,968,275,8,8,775,0,15
1490178503475,834,Logon API Request,200,OK,Thread Group 1-59,text,true,,968,275,7,7,834,0,73
1490178503615,762,Logon API Request,200,OK,Thread Group 1-56,text,true,,967,275,7,7,762,0,0
1490178503666,760,Logon API Request,200,OK,Thread Group 1-53,text,true,,964,275,7,7,760,0,0
1490178503837,787,Logon API Request,200,OK,Thread Group 1-57,text,true,,968,275,8,8,787,0,27
1490178503930,762,Logon API Request,200,OK,Thread Group 1-54,text,true,,964,275,8,8,762,0,0
1490178504077,763,Logon API Request,200,OK,Thread Group 1-58,text,true,,967,275,8,8,763,0,0
1490178504138,772,Logon API Request,200,OK,Thread Group 1-55,text,true,,968,275,8,8,772,0,11
1490178504310,761,Logon API Request,200,OK,Thread Group 1-59,text,true,,964,275,8,8,761,0,0
1490178504377,761,Logon API Request,200,OK,Thread Group 1-56,text,true,,967,275,8,8,761,0,0
1490178504426,794,Logon API Request,200,OK,Thread Group 1-53,text,true,,968,275,8,8,794,0,34
1490178504476,828,Logon API Request,200,OK,Thread Group 1-60,text,true,,968,275,7,7,828,0,68
1490178504625,762,Logon API Request,200,OK,Thread Group 1-57,text,true,,967,275,7,7,762,0,0
1490178504693,761,Logon API Request,200,OK,Thread Group 1-54,text,true,,967,275,7,7,761,0,0
1490178504840,781,Logon API Request,200,OK,Thread Group 1-58,text,true,,968,275,8,8,781,0,21
1490178504911,761,Logon API Request,200,OK,Thread Group 1-55,text,true,,964,275,8,8,761,0,0
1490178505071,760,Logon API Request,200,OK,Thread Group 1-59,text,true,,967,275,8,8,760,0,0
1490178505139,771,Logon API Request,200,OK,Thread Group 1-56,text,true,,968,275,8,8,771,0,9
1490178505304,762,Logon API Request,200,OK,Thread Group 1-60,text,true,,967,275,8,8,762,0,0
1490178505388,761,Logon API Request,200,OK,Thread Group 1-57,text,true,,964,275,8,8,761,0,0
1490178505454,774,Logon API Request,200,OK,Thread Group 1-54,text,true,,968,275,8,8,774,0,14
1490178505476,839,Logon API Request,200,OK,Thread Group 1-61,text,true,,968,275,7,7,839,0,78
1490178505622,761,Logon API Request,200,OK,Thread Group 1-58,text,true,,967,275,7,7,761,0,0
1490178505673,761,Logon API Request,200,OK,Thread Group 1-55,text,true,,967,275,7,7,761,0,0
1490178505831,774,Logon API Request,200,OK,Thread Group 1-59,text,true,,968,275,8,8,774,0,14
1490178505911,761,Logon API Request,200,OK,Thread Group 1-56,text,true,,967,275,8,8,761,0,0
1490178506067,762,Logon API Request,200,OK,Thread Group 1-60,text,true,,967,275,8,8,762,0,0
1490178506150,775,Logon API Request,200,OK,Thread Group 1-57,text,true,,968,275,8,8,775,0,15
1490178506316,761,Logon API Request,200,OK,Thread Group 1-61,text,true,,967,275,8,8,761,0,0
1490178506383,761,Logon API Request,200,OK,Thread Group 1-58,text,true,,967,275,8,8,761,0,0
1490178506435,771,Logon API Request,200,OK,Thread Group 1-55,text,true,,968,275,8,8,770,0,9
1490178506477,821,Logon API Request,200,OK,Thread Group 1-62,text,true,,968,275,7,7,820,0,59
1490178506606,761,Logon API Request,200,OK,Thread Group 1-59,text,true,,967,275,7,7,761,0,0
1490178506673,761,Logon API Request,200,OK,Thread Group 1-56,text,true,,967,275,7,7,761,0,0
1490178506830,769,Logon API Request,200,OK,Thread Group 1-60,text,true,,968,275,8,8,769,0,8
1490178506926,761,Logon API Request,200,OK,Thread Group 1-57,text,true,,967,275,8,8,761,0,0
1490178507078,761,Logon API Request,200,OK,Thread Group 1-61,text,true,,967,275,8,8,761,0,0
1490178507145,770,Logon API Request,200,OK,Thread Group 1-58,text,true,,968,275,8,8,770,0,9
1490178507298,761,Logon API Request,200,OK,Thread Group 1-62,text,true,,967,275,8,8,761,0,0
1490178507368,761,Logon API Request,200,OK,Thread Group 1-59,text,true,,967,275,8,8,761,0,0
1490178507435,769,Logon API Request,200,OK,Thread Group 1-56,text,true,,968,275,8,8,769,0,9
1490178507477,828,Logon API Request,200,OK,Thread Group 1-63,text,true,,968,275,7,7,828,0,67
1490178507600,761,Logon API Request,200,OK,Thread Group 1-60,text,true,,967,275,7,7,761,0,0
1490178507688,762,Logon API Request,200,OK,Thread Group 1-57,text,true,,967,275,7,7,762,0,0
1490178507839,770,Logon API Request,200,OK,Thread Group 1-61,text,true,,968,275,8,8,770,0,10
1490178507915,763,Logon API Request,200,OK,Thread Group 1-58,text,true,,967,275,8,8,763,0,0
1490178508060,760,Logon API Request,200,OK,Thread Group 1-62,text,true,,967,275,8,8,760,0,0
1490178508130,769,Logon API Request,200,OK,Thread Group 1-59,text,true,,968,275,8,8,769,0,9
1490178508306,762,Logon API Request,200,OK,Thread Group 1-63,text,true,,967,275,8,8,762,0,0
1490178508362,762,Logon API Request,200,OK,Thread Group 1-60,text,true,,967,275,8,8,762,0,0
1490178508451,770,Logon API Request,200,OK,Thread Group 1-57,text,true,,965,275,8,8,770,0,8
1490178508477,819,Logon API Request,200,OK,Thread Group 1-64,text,true,,968,275,7,7,819,0,59
1490178508610,762,Logon API Request,200,OK,Thread Group 1-61,text,true,,967,275,7,7,762,0,0
1490178508678,763,Logon API Request,200,OK,Thread Group 1-58,text,true,,967,275,7,7,763,0,0
1490178508821,768,Logon API Request,200,OK,Thread Group 1-62,text,true,,968,275,8,8,768,0,7
1490178508900,761,Logon API Request,200,OK,Thread Group 1-59,text,true,,967,275,8,8,761,0,0
1490178509068,762,Logon API Request,200,OK,Thread Group 1-63,text,true,,967,275,8,8,762,0,0
1490178509125,768,Logon API Request,200,OK,Thread Group 1-60,text,true,,968,275,8,8,767,0,8
1490178509297,761,Logon API Request,200,OK,Thread Group 1-64,text,true,,967,275,8,8,761,0,0
1490178509373,761,Logon API Request,200,OK,Thread Group 1-61,text,true,,967,275,8,8,761,0,0
1490178509442,769,Logon API Request,200,OK,Thread Group 1-58,text,true,,968,275,8,8,769,0,7
1490178509477,820,Logon API Request,200,OK,Thread Group 1-65,text,true,,965,275,7,7,820,0,58
1490178509590,761,Logon API Request,200,OK,Thread Group 1-62,text,true,,967,275,7,7,761,0,0
1490178509662,761,Logon API Request,200,OK,Thread Group 1-59,text,true,,967,275,7,7,761,0,0
1490178509830,769,Logon API Request,200,OK,Thread Group 1-63,text,true,,968,275,8,8,769,0,9
1490178509893,762,Logon API Request,200,OK,Thread Group 1-60,text,true,,964,275,8,8,761,0,0
1490178510063,760,Logon API Request,200,OK,Thread Group 1-64,text,true,,967,275,8,8,760,0,0
1490178510135,769,Logon API Request,200,OK,Thread Group 1-61,text,true,,968,275,8,8,769,0,8
1490178510298,761,Logon API Request,200,OK,Thread Group 1-65,text,true,,967,275,8,8,761,0,0
1490178510352,761,Logon API Request,200,OK,Thread Group 1-62,text,true,,967,275,8,8,760,0,0
1490178510424,770,Logon API Request,200,OK,Thread Group 1-59,text,true,,968,275,8,8,770,0,9
1490178510478,821,Logon API Request,200,OK,Thread Group 1-66,text,true,,968,275,7,7,821,0,60
1490178510600,761,Logon API Request,200,OK,Thread Group 1-63,text,true,,967,275,7,7,761,0,0
1490178510655,761,Logon API Request,200,OK,Thread Group 1-60,text,true,,967,275,7,7,761,0,0
1490178510824,769,Logon API Request,200,OK,Thread Group 1-64,text,true,,968,275,8,8,769,0,8
1490178510905,761,Logon API Request,200,OK,Thread Group 1-61,text,true,,967,275,8,8,761,0,0
1490178511060,761,Logon API Request,200,OK,Thread Group 1-65,text,true,,967,275,8,8,761,0,0
1490178511113,769,Logon API Request,200,OK,Thread Group 1-62,text,true,,968,275,8,8,769,0,8
1490178511299,761,Logon API Request,200,OK,Thread Group 1-66,text,true,,967,275,8,8,761,0,0
1490178511362,761,Logon API Request,200,OK,Thread Group 1-63,text,true,,967,275,8,8,761,0,0
1490178511416,770,Logon API Request,200,OK,Thread Group 1-60,text,true,,968,275,8,8,770,0,10
1490178511479,822,Logon API Request,200,OK,Thread Group 1-67,text,true,,965,275,7,7,822,0,62
1490178511594,760,Logon API Request,200,OK,Thread Group 1-64,text,true,,967,275,7,7,760,0,0
1490178511667,761,Logon API Request,200,OK,Thread Group 1-61,text,true,,967,275,7,7,760,0,0
1490178511822,770,Logon API Request,200,OK,Thread Group 1-65,text,true,,968,275,8,8,770,0,8
1490178511883,760,Logon API Request,200,OK,Thread Group 1-62,text,true,,967,275,8,8,760,0,0
1490178512061,761,Logon API Request,200,OK,Thread Group 1-66,text,true,,967,275,8,8,760,0,0
1490178512124,772,Logon API Request,200,OK,Thread Group 1-63,text,true,,968,275,8,8,772,0,11
1490178512302,760,Logon API Request,200,OK,Thread Group 1-67,text,true,,961,275,8,8,760,0,0
1490178512355,761,Logon API Request,200,OK,Thread Group 1-64,text,true,,967,275,8,8,761,0,0
1490178512428,770,Logon API Request,200,OK,Thread Group 1-61,text,true,,968,275,8,8,770,0,9
1490178512479,818,Logon API Request,200,OK,Thread Group 1-68,text,true,,968,275,7,7,818,0,57
1490178512593,760,Logon API Request,200,OK,Thread Group 1-65,text,true,,967,275,7,7,760,0,0
1490178512644,761,Logon API Request,200,OK,Thread Group 1-62,text,true,,967,275,7,7,761,0,0
1490178512822,769,Logon API Request,200,OK,Thread Group 1-66,text,true,,968,275,8,8,769,0,8
1490178512897,761,Logon API Request,200,OK,Thread Group 1-63,text,true,,967,275,8,8,761,0,0
1490178513062,762,Logon API Request,200,OK,Thread Group 1-67,text,true,,967,275,8,8,762,0,0
1490178513117,768,Logon API Request,200,OK,Thread Group 1-64,text,true,,968,275,8,8,768,0,7
1490178513298,760,Logon API Request,200,OK,Thread Group 1-68,text,true,,967,275,8,8,760,0,0
1490178513354,762,Logon API Request,200,OK,Thread Group 1-65,text,true,,967,275,8,8,762,0,0
1490178513406,769,Logon API Request,200,OK,Thread Group 1-62,text,true,,968,275,8,8,768,0,7
1490178513479,822,Logon API Request,200,OK,Thread Group 1-69,text,true,,968,275,7,7,822,0,60
1490178513592,761,Logon API Request,200,OK,Thread Group 1-66,text,true,,967,275,7,7,761,0,0
1490178513659,760,Logon API Request,200,OK,Thread Group 1-63,text,true,,967,275,7,7,760,0,0
1490178513825,770,Logon API Request,200,OK,Thread Group 1-67,text,true,,968,275,8,8,770,0,10
1490178513886,762,Logon API Request,200,OK,Thread Group 1-64,text,true,,967,275,8,8,762,0,0
1490178514059,762,Logon API Request,200,OK,Thread Group 1-68,text,true,,967,275,8,8,762,0,0
1490178514117,768,Logon API Request,200,OK,Thread Group 1-65,text,true,,968,275,8,8,768,0,7
1490178514301,761,Logon API Request,200,OK,Thread Group 1-69,text,true,,967,275,8,8,761,0,0
1490178514354,761,Logon API Request,200,OK,Thread Group 1-66,text,true,,967,275,8,8,761,0,0
1490178514420,768,Logon API Request,200,OK,Thread Group 1-63,text,true,,968,275,8,8,768,0,8
1490178514480,820,Logon API Request,200,OK,Thread Group 1-70,text,true,,968,275,7,7,820,0,59
1490178514595,761,Logon API Request,200,OK,Thread Group 1-67,text,true,,967,275,7,7,761,0,0
1490178514648,761,Logon API Request,200,OK,Thread Group 1-64,text,true,,967,275,7,7,761,0,0
1490178514821,770,Logon API Request,200,OK,Thread Group 1-68,text,true,,968,275,8,8,770,0,9
1490178514886,762,Logon API Request,200,OK,Thread Group 1-65,text,true,,967,275,8,8,762,0,0
1490178515063,761,Logon API Request,200,OK,Thread Group 1-69,text,true,,967,275,8,8,761,0,0
1490178515116,774,Logon API Request,200,OK,Thread Group 1-66,text,true,,968,275,8,8,774,0,13
1490178515300,761,Logon API Request,200,OK,Thread Group 1-70,text,true,,967,275,8,8,761,0,0
1490178515356,763,Logon API Request,200,OK,Thread Group 1-67,text,true,,967,275,8,8,763,0,0
1490178515410,768,Logon API Request,200,OK,Thread Group 1-64,text,true,,968,275,8,8,768,0,8
1490178515480,821,Logon API Request,200,OK,Thread Group 1-71,text,true,,968,275,7,7,821,0,60
1490178515592,760,Logon API Request,200,OK,Thread Group 1-68,text,true,,967,275,7,7,760,0,0
1490178515649,761,Logon API Request,200,OK,Thread Group 1-65,text,true,,964,275,7,7,761,0,0
1490178515825,768,Logon API Request,200,OK,Thread Group 1-69,text,true,,968,275,8,8,768,0,7
1490178515891,761,Logon API Request,200,OK,Thread Group 1-66,text,true,,967,275,8,8,761,0,0
1490178516062,760,Logon API Request,200,OK,Thread Group 1-70,text,true,,967,275,8,8,760,0,0
1490178516120,768,Logon API Request,200,OK,Thread Group 1-67,text,true,,968,275,8,8,768,0,7
1490178516301,762,Logon API Request,200,OK,Thread Group 1-71,text,true,,964,275,8,8,762,0,0
1490178516353,760,Logon API Request,200,OK,Thread Group 1-68,text,true,,967,275,8,8,760,0,0
1490178516410,769,Logon API Request,200,OK,Thread Group 1-65,text,true,,968,275,8,8,769,0,8
1490178516480,819,Logon API Request,200,OK,Thread Group 1-72,text,true,,968,275,7,7,819,0,59
1490178516594,760,Logon API Request,200,OK,Thread Group 1-69,text,true,,967,275,7,7,760,0,0
1490178516652,762,Logon API Request,200,OK,Thread Group 1-66,text,true,,964,275,7,7,762,0,0
1490178516823,769,Logon API Request,200,OK,Thread Group 1-70,text,true,,968,275,8,8,769,0,8
1490178516889,761,Logon API Request,200,OK,Thread Group 1-67,text,true,,967,275,8,8,761,0,0
1490178517064,761,Logon API Request,200,OK,Thread Group 1-71,text,true,,967,275,8,8,760,0,0
1490178517114,768,Logon API Request,200,OK,Thread Group 1-68,text,true,,965,275,8,8,768,0,7
1490178517300,761,Logon API Request,200,OK,Thread Group 1-72,text,true,,964,275,8,8,761,0,0
1490178517355,763,Logon API Request,200,OK,Thread Group 1-69,text,true,,967,275,8,8,763,0,0
1490178517415,769,Logon API Request,200,OK,Thread Group 1-66,text,true,,968,275,8,8,769,0,7
1490178517480,820,Logon API Request,200,OK,Thread Group 1-73,text,true,,968,275,7,7,820,0,59
1490178517592,761,Logon API Request,200,OK,Thread Group 1-70,text,true,,967,275,7,7,761,0,0
1490178517651,761,Logon API Request,200,OK,Thread Group 1-67,text,true,,967,275,7,7,761,0,0
1490178517825,770,Logon API Request,200,OK,Thread Group 1-71,text,true,,968,275,8,8,770,0,9
1490178517883,761,Logon API Request,200,OK,Thread Group 1-68,text,true,,967,275,8,8,761,0,0
1490178518061,762,Logon API Request,200,OK,Thread Group 1-72,text,true,,967,275,8,8,762,0,0
1490178518119,769,Logon API Request,200,OK,Thread Group 1-69,text,true,,968,275,8,8,769,0,8
1490178518301,761,Logon API Request,200,OK,Thread Group 1-73,text,true,,967,275,8,8,761,0,0
1490178518354,762,Logon API Request,200,OK,Thread Group 1-70,text,true,,964,275,8,8,762,0,0
1490178518413,767,Logon API Request,200,OK,Thread Group 1-67,text,true,,968,275,8,8,767,0,8
1490178518481,820,Logon API Request,200,OK,Thread Group 1-74,text,true,,968,275,7,7,820,0,59
1490178518595,763,Logon API Request,200,OK,Thread Group 1-71,text,true,,964,275,7,7,763,0,0
1490178518645,762,Logon API Request,200,OK,Thread Group 1-68,text,true,,967,275,7,7,762,0,0
1490178518824,767,Logon API Request,200,OK,Thread Group 1-72,text,true,,962,275,8,8,767,0,7
1490178518889,760,Logon API Request,200,OK,Thread Group 1-69,text,true,,967,275,8,8,760,0,0
1490178519063,761,Logon API Request,200,OK,Thread Group 1-73,text,true,,967,275,8,8,761,0,0
1490178519117,768,Logon API Request,200,OK,Thread Group 1-70,text,true,,968,275,8,8,768,0,8
1490178519301,760,Logon API Request,200,OK,Thread Group 1-74,text,true,,967,275,8,8,760,0,0
1490178519359,760,Logon API Request,200,OK,Thread Group 1-71,text,true,,967,275,8,8,760,0,0
1490178519407,769,Logon API Request,200,OK,Thread Group 1-68,text,true,,968,275,8,8,769,0,8
1490178519481,821,Logon API Request,200,OK,Thread Group 1-75,text,true,,968,275,7,7,821,0,59
1490178519592,760,Logon API Request,200,OK,Thread Group 1-72,text,true,,967,275,7,7,760,0,0
1490178519650,762,Logon API Request,200,OK,Thread Group 1-69,text,true,,967,275,7,7,762,0,0
1490178519824,769,Logon API Request,200,OK,Thread Group 1-73,text,true,,968,275,8,8,769,0,8
1490178519886,761,Logon API Request,200,OK,Thread Group 1-70,text,true,,967,275,8,8,761,0,0
1490178520061,762,Logon API Request,200,OK,Thread Group 1-74,text,true,,967,275,8,8,762,0,0
1490178520120,769,Logon API Request,200,OK,Thread Group 1-71,text,true,,968,275,8,8,769,0,8
1490178520302,762,Logon API Request,200,OK,Thread Group 1-75,text,true,,964,275,8,8,762,0,0
1490178520353,760,Logon API Request,200,OK,Thread Group 1-72,text,true,,967,275,8,8,760,0,0
1490178520412,769,Logon API Request,200,OK,Thread Group 1-69,text,true,,968,275,8,8,769,0,9
1490178520482,818,Logon API Request,200,OK,Thread Group 1-76,text,true,,968,275,7,7,818,0,59
1490178520594,761,Logon API Request,200,OK,Thread Group 1-73,text,true,,964,275,7,7,761,0,0
1490178520648,762,Logon API Request,200,OK,Thread Group 1-70,text,true,,967,275,7,7,762,0,0
1490178520824,768,Logon API Request,200,OK,Thread Group 1-74,text,true,,965,275,8,8,768,0,8
1490178520890,762,Logon API Request,200,OK,Thread Group 1-71,text,true,,967,275,8,8,762,0,0
1490178521064,763,Logon API Request,200,OK,Thread Group 1-75,text,true,,961,275,8,8,763,0,0
1490178521112,769,Logon API Request,200,OK,Thread Group 1-72,text,true,,968,275,8,8,769,0,8
1490178521300,762,Logon API Request,200,OK,Thread Group 1-76,text,true,,967,275,8,8,762,0,0
1490178521355,761,Logon API Request,200,OK,Thread Group 1-73,text,true,,967,275,8,8,761,0,0
1490178521409,772,Logon API Request,200,OK,Thread Group 1-70,text,true,,968,275,8,8,771,0,9
1490178521480,819,Logon API Request,200,OK,Thread Group 1-77,text,true,,968,275,7,7,819,0,58
1490178521591,761,Logon API Request,200,OK,Thread Group 1-74,text,true,,967,275,7,7,761,0,0
1490178521652,761,Logon API Request,200,OK,Thread Group 1-71,text,true,,967,275,7,7,761,0,0
1490178521826,770,Logon API Request,200,OK,Thread Group 1-75,text,true,,968,275,8,8,770,0,9
1490178521881,763,Logon API Request,200,OK,Thread Group 1-72,text,true,,967,275,8,8,763,0,0
1490178522063,761,Logon API Request,200,OK,Thread Group 1-76,text,true,,967,275,8,8,761,0,0
1490178522117,769,Logon API Request,200,OK,Thread Group 1-73,text,true,,968,275,8,8,769,0,7
1490178522299,762,Logon API Request,200,OK,Thread Group 1-77,text,true,,964,275,8,8,761,0,0
1490178522353,761,Logon API Request,200,OK,Thread Group 1-74,text,true,,967,275,8,8,761,0,0
1490178522414,770,Logon API Request,200,OK,Thread Group 1-71,text,true,,968,275,8,8,770,0,9
1490178522482,830,Logon API Request,200,OK,Thread Group 1-78,text,true,,968,275,7,7,830,0,69
1490178522597,761,Logon API Request,200,OK,Thread Group 1-75,text,true,,967,275,7,7,761,0,0
1490178522644,762,Logon API Request,200,OK,Thread Group 1-72,text,true,,967,275,7,7,762,0,0
1490178522825,769,Logon API Request,200,OK,Thread Group 1-76,text,true,,968,275,8,8,769,0,8
1490178522887,761,Logon API Request,200,OK,Thread Group 1-73,text,true,,967,275,8,8,761,0,0
1490178523061,761,Logon API Request,200,OK,Thread Group 1-77,text,true,,964,275,8,8,761,0,0
1490178523115,768,Logon API Request,200,OK,Thread Group 1-74,text,true,,968,275,8,8,768,0,8
1490178523313,761,Logon API Request,200,OK,Thread Group 1-78,text,true,,967,275,8,8,761,0,0
1490178523359,760,Logon API Request,200,OK,Thread Group 1-75,text,true,,967,275,8,8,760,0,0
1490178523406,769,Logon API Request,200,OK,Thread Group 1-72,text,true,,968,275,8,8,769,0,9
1490178523481,813,Logon API Request,200,OK,Thread Group 1-79,text,true,,968,275,7,7,813,0,53
1490178523594,761,Logon API Request,200,OK,Thread Group 1-76,text,true,,964,275,7,7,761,0,0
1490178523649,761,Logon API Request,200,OK,Thread Group 1-73,text,true,,967,275,7,7,761,0,0
1490178523823,769,Logon API Request,200,OK,Thread Group 1-77,text,true,,968,275,8,8,769,0,8
1490178523884,761,Logon API Request,200,OK,Thread Group 1-74,text,true,,964,275,8,8,761,0,0
1490178524075,761,Logon API Request,200,OK,Thread Group 1-78,text,true,,967,275,8,8,761,0,0
1490178524120,769,Logon API Request,200,OK,Thread Group 1-75,text,true,,968,275,8,8,769,0,8
1490178524295,762,Logon API Request,200,OK,Thread Group 1-79,text,true,,967,275,8,8,762,0,0
1490178524355,761,Logon API Request,200,OK,Thread Group 1-76,text,true,,967,275,8,8,761,0,0
1490178524411,770,Logon API Request,200,OK,Thread Group 1-73,text,true,,965,275,8,8,770,0,9
1490178524483,822,Logon API Request,200,OK,Thread Group 1-80,text,true,,968,275,7,7,822,0,61
1490178524593,761,Logon API Request,200,OK,Thread Group 1-77,text,true,,967,275,7,7,761,0,0
1490178524646,762,Logon API Request,200,OK,Thread Group 1-74,text,true,,967,275,7,7,762,0,0
1490178524837,768,Logon API Request,200,OK,Thread Group 1-78,text,true,,968,275,8,8,768,0,8
1490178524890,762,Logon API Request,200,OK,Thread Group 1-75,text,true,,967,275,8,8,761,0,0
1490178525058,761,Logon API Request,200,OK,Thread Group 1-79,text,true,,967,275,8,8,761,0,0
1490178525117,769,Logon API Request,200,OK,Thread Group 1-76,text,true,,968,275,8,8,768,0,8
1490178525306,761,Logon API Request,200,OK,Thread Group 1-80,text,true,,967,275,8,8,761,0,0
1490178525355,761,Logon API Request,200,OK,Thread Group 1-77,text,true,,967,275,8,8,761,0,0
1490178525409,769,Logon API Request,200,OK,Thread Group 1-74,text,true,,965,275,8,8,769,0,8
1490178525483,820,Logon API Request,200,OK,Thread Group 1-81,text,true,,968,275,7,7,820,0,60
1490178525605,762,Logon API Request,200,OK,Thread Group 1-78,text,true,,967,275,7,7,762,0,0
1490178525652,761,Logon API Request,200,OK,Thread Group 1-75,text,true,,967,275,7,7,761,0,0
1490178525820,768,Logon API Request,200,OK,Thread Group 1-79,text,true,,968,275,8,8,768,0,8
1490178525886,762,Logon API Request,200,OK,Thread Group 1-76,text,true,,967,275,8,8,762,0,0
1490178526068,761,Logon API Request,200,OK,Thread Group 1-80,text,true,,961,275,8,8,761,0,0
1490178526117,770,Logon API Request,200,OK,Thread Group 1-77,text,true,,968,275,8,8,770,0,9
1490178526304,762,Logon API Request,200,OK,Thread Group 1-81,text,true,,967,275,8,8,762,0,0
1490178526367,760,Logon API Request,200,OK,Thread Group 1-78,text,true,,967,275,8,8,760,0,0
1490178526414,769,Logon API Request,200,OK,Thread Group 1-75,text,true,,968,275,8,8,769,0,7
1490178526484,821,Logon API Request,200,OK,Thread Group 1-82,text,true,,968,275,7,7,821,0,59
1490178526589,762,Logon API Request,200,OK,Thread Group 1-79,text,true,,967,275,7,7,762,0,0
1490178526648,762,Logon API Request,200,OK,Thread Group 1-76,text,true,,967,275,7,7,762,0,0
1490178526830,769,Logon API Request,200,OK,Thread Group 1-80,text,true,,968,275,8,8,769,0,8
1490178526888,761,Logon API Request,200,OK,Thread Group 1-77,text,true,,967,275,8,8,761,0,0
1490178527066,761,Logon API Request,200,OK,Thread Group 1-81,text,true,,967,275,8,8,761,0,0
1490178527128,769,Logon API Request,200,OK,Thread Group 1-78,text,true,,968,275,8,8,769,0,8
1490178527306,762,Logon API Request,200,OK,Thread Group 1-82,text,true,,967,275,8,8,762,0,0
1490178527352,762,Logon API Request,200,OK,Thread Group 1-79,text,true,,967,275,8,8,762,0,0
1490178527411,768,Logon API Request,200,OK,Thread Group 1-76,text,true,,968,275,8,8,768,0,8
1490178527484,819,Logon API Request,200,OK,Thread Group 1-83,text,true,,968,275,7,7,819,0,59
1490178527600,761,Logon API Request,200,OK,Thread Group 1-80,text,true,,967,275,7,7,761,0,0
1490178527650,760,Logon API Request,200,OK,Thread Group 1-77,text,true,,967,275,7,7,760,0,0
1490178527828,768,Logon API Request,200,OK,Thread Group 1-81,text,true,,968,275,8,8,768,0,7
1490178527898,761,Logon API Request,200,OK,Thread Group 1-78,text,true,,967,275,8,8,761,0,0
1490178528069,762,Logon API Request,200,OK,Thread Group 1-82,text,true,,967,275,8,8,762,0,0
1490178528115,770,Logon API Request,200,OK,Thread Group 1-79,text,true,,968,275,8,8,770,0,9
1490178528304,761,Logon API Request,200,OK,Thread Group 1-83,text,true,,967,275,8,8,761,0,0
1490178528362,761,Logon API Request,200,OK,Thread Group 1-80,text,true,,967,275,8,8,761,0,0
1490178528411,769,Logon API Request,200,OK,Thread Group 1-77,text,true,,968,275,8,8,769,0,8
1490178528484,820,Logon API Request,200,OK,Thread Group 1-84,text,true,,968,275,7,7,820,0,60
1490178528596,760,Logon API Request,200,OK,Thread Group 1-81,text,true,,967,275,7,7,760,0,0
1490178528659,761,Logon API Request,200,OK,Thread Group 1-78,text,true,,967,275,7,7,761,0,0
1490178528832,768,Logon API Request,200,OK,Thread Group 1-82,text,true,,965,275,8,8,768,0,8
1490178528886,762,Logon API Request,200,OK,Thread Group 1-79,text,true,,967,275,8,8,762,0,0
1490178529066,760,Logon API Request,200,OK,Thread Group 1-83,text,true,,964,275,8,8,760,0,0
1490178529124,768,Logon API Request,200,OK,Thread Group 1-80,text,true,,968,275,8,8,768,0,7
1490178529305,762,Logon API Request,200,OK,Thread Group 1-84,text,true,,967,275,8,8,762,0,0
1490178529357,761,Logon API Request,200,OK,Thread Group 1-81,text,true,,967,275,8,8,761,0,0
1490178529421,768,Logon API Request,200,OK,Thread Group 1-78,text,true,,968,275,8,8,768,0,8
1490178529484,820,Logon API Request,200,OK,Thread Group 1-85,text,true,,968,275,7,7,820,0,58
1490178529600,761,Logon API Request,200,OK,Thread Group 1-82,text,true,,967,275,7,7,761,0,0
1490178529648,763,Logon API Request,200,OK,Thread Group 1-79,text,true,,967,275,7,7,763,0,0
1490178529827,772,Logon API Request,200,OK,Thread Group 1-83,text,true,,968,275,8,8,772,0,10
1490178529893,761,Logon API Request,200,OK,Thread Group 1-80,text,true,,967,275,8,8,761,0,0
1490178530068,762,Logon API Request,200,OK,Thread Group 1-84,text,true,,964,275,8,8,761,0,0
1490178530118,769,Logon API Request,200,OK,Thread Group 1-81,text,true,,968,275,8,8,769,0,8
1490178530304,761,Logon API Request,200,OK,Thread Group 1-85,text,true,,967,275,8,8,761,0,0
1490178530362,761,Logon API Request,200,OK,Thread Group 1-82,text,true,,967,275,8,8,761,0,0
1490178530411,768,Logon API Request,200,OK,Thread Group 1-79,text,true,,968,275,8,8,768,0,7
1490178530484,815,Logon API Request,200,OK,Thread Group 1-86,text,true,,968,275,7,7,815,0,54
1490178530599,760,Logon API Request,200,OK,Thread Group 1-83,text,true,,967,275,7,7,760,0,0
1490178530654,760,Logon API Request,200,OK,Thread Group 1-80,text,true,,967,275,7,7,760,0,0
1490178530830,767,Logon API Request,200,OK,Thread Group 1-84,text,true,,968,275,8,8,767,0,6
1490178530887,761,Logon API Request,200,OK,Thread Group 1-81,text,true,,967,275,8,8,761,0,0
1490178531066,760,Logon API Request,200,OK,Thread Group 1-85,text,true,,967,275,8,8,760,0,0
1490178531123,769,Logon API Request,200,OK,Thread Group 1-82,text,true,,968,275,8,8,769,0,8
1490178531299,761,Logon API Request,200,OK,Thread Group 1-86,text,true,,967,275,8,8,761,0,0
1490178531360,760,Logon API Request,200,OK,Thread Group 1-83,text,true,,967,275,8,8,760,0,0
1490178531415,767,Logon API Request,200,OK,Thread Group 1-80,text,true,,968,275,8,8,767,0,7
1490178531485,819,Logon API Request,200,OK,Thread Group 1-87,text,true,,968,275,7,7,819,0,58
1490178531597,762,Logon API Request,200,OK,Thread Group 1-84,text,true,,967,275,7,7,762,0,0
1490178531649,761,Logon API Request,200,OK,Thread Group 1-81,text,true,,967,275,7,7,761,0,0
1490178531827,770,Logon API Request,200,OK,Thread Group 1-85,text,true,,968,275,8,8,770,0,8
1490178531892,762,Logon API Request,200,OK,Thread Group 1-82,text,true,,967,275,8,8,762,0,0
1490178532061,762,Logon API Request,200,OK,Thread Group 1-86,text,true,,967,275,8,8,762,0,0
1490178532121,769,Logon API Request,200,OK,Thread Group 1-83,text,true,,968,275,8,8,769,0,8
1490178532304,762,Logon API Request,200,OK,Thread Group 1-87,text,true,,967,275,8,8,762,0,0
1490178532359,761,Logon API Request,200,OK,Thread Group 1-84,text,true,,967,275,8,8,761,0,0
1490178532411,768,Logon API Request,200,OK,Thread Group 1-81,text,true,,968,275,8,8,768,0,7
1490178532486,818,Logon API Request,200,OK,Thread Group 1-88,text,true,,968,275,7,7,818,0,56
1490178532597,761,Logon API Request,200,OK,Thread Group 1-85,text,true,,967,275,7,7,761,0,0
1490178532655,761,Logon API Request,200,OK,Thread Group 1-82,text,true,,967,275,7,7,761,0,0
1490178532823,767,Logon API Request,200,OK,Thread Group 1-86,text,true,,968,275,8,8,767,0,7
1490178532891,760,Logon API Request,200,OK,Thread Group 1-83,text,true,,964,275,8,8,760,0,0
1490178533066,760,Logon API Request,200,OK,Thread Group 1-87,text,true,,967,275,8,8,760,0,0
1490178533121,769,Logon API Request,200,OK,Thread Group 1-84,text,true,,968,275,8,8,769,0,8
1490178533304,762,Logon API Request,200,OK,Thread Group 1-88,text,true,,967,275,8,8,762,0,0
1490178533359,760,Logon API Request,200,OK,Thread Group 1-85,text,true,,967,275,8,8,760,0,0
1490178533417,767,Logon API Request,200,OK,Thread Group 1-82,text,true,,968,275,8,8,767,0,7
1490178533486,817,Logon API Request,200,OK,Thread Group 1-89,text,true,,968,275,7,7,817,0,56
1490178533591,760,Logon API Request,200,OK,Thread Group 1-86,text,true,,964,275,7,7,760,0,0
1490178533652,761,Logon API Request,200,OK,Thread Group 1-83,text,true,,967,275,7,7,761,0,0
1490178533827,767,Logon API Request,200,OK,Thread Group 1-87,text,true,,968,275,8,8,767,0,7
1490178533890,761,Logon API Request,200,OK,Thread Group 1-84,text,true,,967,275,8,8,761,0,0
1490178534066,762,Logon API Request,200,OK,Thread Group 1-88,text,true,,967,275,8,8,762,0,0
1490178534120,770,Logon API Request,200,OK,Thread Group 1-85,text,true,,968,275,8,8,770,0,9
1490178534304,761,Logon API Request,200,OK,Thread Group 1-89,text,true,,967,275,8,8,761,0,0
1490178534352,761,Logon API Request,200,OK,Thread Group 1-86,text,true,,967,275,8,8,761,0,0
1490178534413,769,Logon API Request,200,OK,Thread Group 1-83,text,true,,968,275,8,8,769,0,8
1490178534487,821,Logon API Request,200,OK,Thread Group 1-90,text,true,,968,275,7,7,821,0,60
1490178534595,763,Logon API Request,200,OK,Thread Group 1-87,text,true,,967,275,7,7,763,0,0
1490178534652,762,Logon API Request,200,OK,Thread Group 1-84,text,true,,967,275,7,7,762,0,0
1490178534829,769,Logon API Request,200,OK,Thread Group 1-88,text,true,,965,275,8,8,769,0,8
1490178534890,761,Logon API Request,200,OK,Thread Group 1-85,text,true,,967,275,8,8,761,0,0
1490178535066,762,Logon API Request,200,OK,Thread Group 1-89,text,true,,967,275,8,8,762,0,0
1490178535114,769,Logon API Request,200,OK,Thread Group 1-86,text,true,,968,275,8,8,769,0,8
1490178535309,761,Logon API Request,200,OK,Thread Group 1-90,text,true,,967,275,8,8,761,0,0
1490178535359,762,Logon API Request,200,OK,Thread Group 1-87,text,true,,967,275,8,8,762,0,0
1490178535415,769,Logon API Request,200,OK,Thread Group 1-84,text,true,,965,275,8,8,769,0,8
1490178535488,822,Logon API Request,200,OK,Thread Group 1-91,text,true,,968,275,7,7,822,0,62
1490178535598,762,Logon API Request,200,OK,Thread Group 1-88,text,true,,967,275,7,7,762,0,0
1490178535652,761,Logon API Request,200,OK,Thread Group 1-85,text,true,,967,275,7,7,761,0,0
1490178535829,767,Logon API Request,200,OK,Thread Group 1-89,text,true,,968,275,8,8,767,0,7
1490178535884,761,Logon API Request,200,OK,Thread Group 1-86,text,true,,967,275,8,8,761,0,0
1490178536071,760,Logon API Request,200,OK,Thread Group 1-90,text,true,,967,275,8,8,760,0,0
1490178536121,768,Logon API Request,200,OK,Thread Group 1-87,text,true,,968,275,8,8,768,0,8
1490178536311,760,Logon API Request,200,OK,Thread Group 1-91,text,true,,967,275,8,8,760,0,0
1490178536361,761,Logon API Request,200,OK,Thread Group 1-88,text,true,,967,275,8,8,761,0,0
1490178536414,768,Logon API Request,200,OK,Thread Group 1-85,text,true,,968,275,8,8,768,0,8
1490178536489,818,Logon API Request,200,OK,Thread Group 1-92,text,true,,968,275,7,7,818,0,57
1490178536597,761,Logon API Request,200,OK,Thread Group 1-89,text,true,,967,275,7,7,761,0,0
1490178536646,761,Logon API Request,200,OK,Thread Group 1-86,text,true,,967,275,7,7,761,0,0
1490178536832,769,Logon API Request,200,OK,Thread Group 1-90,text,true,,965,275,8,8,769,0,8
1490178536890,760,Logon API Request,200,OK,Thread Group 1-87,text,true,,967,275,8,8,760,0,0
1490178537071,762,Logon API Request,200,OK,Thread Group 1-91,text,true,,967,275,8,8,762,0,0
1490178537122,768,Logon API Request,200,OK,Thread Group 1-88,text,true,,968,275,8,8,768,0,7
1490178537308,760,Logon API Request,200,OK,Thread Group 1-92,text,true,,961,275,8,8,760,0,0
1490178537359,762,Logon API Request,200,OK,Thread Group 1-89,text,true,,967,275,8,8,762,0,0
1490178537407,769,Logon API Request,200,OK,Thread Group 1-86,text,true,,968,275,8,8,769,0,8
1490178537489,819,Logon API Request,200,OK,Thread Group 1-93,text,true,,968,275,7,7,818,0,57
1490178537602,760,Logon API Request,200,OK,Thread Group 1-90,text,true,,967,275,7,7,760,0,0
1490178537651,761,Logon API Request,200,OK,Thread Group 1-87,text,true,,967,275,7,7,761,0,0
1490178537834,768,Logon API Request,200,OK,Thread Group 1-91,text,true,,968,275,8,8,768,0,7
1490178537891,761,Logon API Request,200,OK,Thread Group 1-88,text,true,,967,275,8,8,761,0,0
1490178538069,761,Logon API Request,200,OK,Thread Group 1-92,text,true,,967,275,8,8,761,0,0
1490178538122,766,Logon API Request,200,OK,Thread Group 1-89,text,true,,968,275,8,8,766,0,6
1490178538308,762,Logon API Request,200,OK,Thread Group 1-93,text,true,,967,275,8,8,761,0,0
1490178538363,761,Logon API Request,200,OK,Thread Group 1-90,text,true,,967,275,8,8,761,0,0
1490178538413,769,Logon API Request,200,OK,Thread Group 1-87,text,true,,968,275,8,8,769,0,8
1490178538489,821,Logon API Request,200,OK,Thread Group 1-94,text,true,,968,275,7,7,821,0,61
1490178538602,762,Logon API Request,200,OK,Thread Group 1-91,text,true,,967,275,7,7,762,0,0
1490178538653,761,Logon API Request,200,OK,Thread Group 1-88,text,true,,967,275,7,7,761,0,0
1490178538830,770,Logon API Request,200,OK,Thread Group 1-92,text,true,,968,275,8,8,770,0,8
1490178538890,761,Logon API Request,200,OK,Thread Group 1-89,text,true,,967,275,8,8,761,0,0
1490178539070,763,Logon API Request,200,OK,Thread Group 1-93,text,true,,967,275,8,8,763,0,0
1490178539125,768,Logon API Request,200,OK,Thread Group 1-90,text,true,,965,275,8,8,768,0,7
1490178539311,761,Logon API Request,200,OK,Thread Group 1-94,text,true,,967,275,8,8,761,0,0
1490178539364,761,Logon API Request,200,OK,Thread Group 1-91,text,true,,964,275,8,8,761,0,0
1490178539414,769,Logon API Request,200,OK,Thread Group 1-88,text,true,,968,275,8,8,769,0,7
1490178539489,822,Logon API Request,200,OK,Thread Group 1-95,text,true,,968,275,7,7,822,0,62
1490178539600,761,Logon API Request,200,OK,Thread Group 1-92,text,true,,967,275,7,7,761,0,0
1490178539652,760,Logon API Request,200,OK,Thread Group 1-89,text,true,,967,275,7,7,760,0,0
1490178539834,769,Logon API Request,200,OK,Thread Group 1-93,text,true,,968,275,8,8,769,0,9
1490178539893,761,Logon API Request,200,OK,Thread Group 1-90,text,true,,964,275,8,8,761,0,0
1490178540074,761,Logon API Request,200,OK,Thread Group 1-94,text,true,,967,275,8,8,761,0,0
1490178540126,768,Logon API Request,200,OK,Thread Group 1-91,text,true,,968,275,8,8,768,0,7
1490178540311,762,Logon API Request,200,OK,Thread Group 1-95,text,true,,967,275,8,8,762,0,0
1490178540361,762,Logon API Request,200,OK,Thread Group 1-92,text,true,,967,275,8,8,762,0,0
1490178540413,769,Logon API Request,200,OK,Thread Group 1-89,text,true,,962,275,8,8,769,0,7
1490178540490,817,Logon API Request,200,OK,Thread Group 1-96,text,true,,968,275,7,7,817,0,57
1490178540603,760,Logon API Request,200,OK,Thread Group 1-93,text,true,,967,275,7,7,760,0,0
1490178540654,762,Logon API Request,200,OK,Thread Group 1-90,text,true,,967,275,7,7,762,0,0
1490178540835,769,Logon API Request,200,OK,Thread Group 1-94,text,true,,968,275,8,8,769,0,9
1490178540895,761,Logon API Request,200,OK,Thread Group 1-91,text,true,,964,275,8,8,761,0,0
1490178541073,762,Logon API Request,200,OK,Thread Group 1-95,text,true,,967,275,8,8,762,0,0
1490178541122,768,Logon API Request,200,OK,Thread Group 1-92,text,true,,968,275,8,8,768,0,7
1490178541307,760,Logon API Request,200,OK,Thread Group 1-96,text,true,,967,275,8,8,760,0,0
1490178541363,761,Logon API Request,200,OK,Thread Group 1-93,text,true,,967,275,8,8,761,0,0
1490178541415,767,Logon API Request,200,OK,Thread Group 1-90,text,true,,968,275,8,8,767,0,7
1490178541488,818,Logon API Request,200,OK,Thread Group 1-97,text,true,,968,275,7,7,818,0,58
1490178541603,762,Logon API Request,200,OK,Thread Group 1-94,text,true,,967,275,7,7,762,0,0
1490178541656,761,Logon API Request,200,OK,Thread Group 1-91,text,true,,967,275,7,7,761,0,0
1490178541835,768,Logon API Request,200,OK,Thread Group 1-95,text,true,,968,275,8,8,768,0,7
1490178541890,761,Logon API Request,200,OK,Thread Group 1-92,text,true,,967,275,8,8,761,0,0
1490178542067,761,Logon API Request,200,OK,Thread Group 1-96,text,true,,967,275,8,8,761,0,0
1490178542125,767,Logon API Request,200,OK,Thread Group 1-93,text,true,,968,275,8,8,767,0,6
1490178542307,760,Logon API Request,200,OK,Thread Group 1-97,text,true,,967,275,8,8,760,0,0
1490178542365,760,Logon API Request,200,OK,Thread Group 1-94,text,true,,967,275,8,8,760,0,0
1490178542418,767,Logon API Request,200,OK,Thread Group 1-91,text,true,,968,275,8,8,767,0,7
1490178542489,816,Logon API Request,200,OK,Thread Group 1-98,text,true,,968,275,7,7,816,0,56
1490178542604,762,Logon API Request,200,OK,Thread Group 1-95,text,true,,967,275,7,7,762,0,0
1490178542652,761,Logon API Request,200,OK,Thread Group 1-92,text,true,,967,275,7,7,761,0,0
1490178542829,767,Logon API Request,200,OK,Thread Group 1-96,text,true,,968,275,8,8,767,0,7
1490178542893,761,Logon API Request,200,OK,Thread Group 1-93,text,true,,964,275,8,8,761,0,0
1490178543068,759,Logon API Request,200,OK,Thread Group 1-97,text,true,,967,275,8,8,759,0,0
1490178543126,767,Logon API Request,200,OK,Thread Group 1-94,text,true,,968,275,8,8,767,0,7
1490178543306,761,Logon API Request,200,OK,Thread Group 1-98,text,true,,967,275,8,8,761,0,0
1490178543367,761,Logon API Request,200,OK,Thread Group 1-95,text,true,,967,275,8,8,761,0,0
1490178543414,767,Logon API Request,200,OK,Thread Group 1-92,text,true,,968,275,8,8,767,0,7
1490178543489,822,Logon API Request,200,OK,Thread Group 1-99,text,true,,968,275,7,7,822,0,61
1490178543597,762,Logon API Request,200,OK,Thread Group 1-96,text,true,,967,275,7,7,762,0,0
1490178543654,761,Logon API Request,200,OK,Thread Group 1-93,text,true,,967,275,7,7,761,0,0
1490178543828,769,Logon API Request,200,OK,Thread Group 1-97,text,true,,968,275,8,8,769,0,9
1490178543894,761,Logon API Request,200,OK,Thread Group 1-94,text,true,,967,275,8,8,761,0,0
1490178544068,762,Logon API Request,200,OK,Thread Group 1-98,text,true,,967,275,8,8,762,0,0
1490178544128,768,Logon API Request,200,OK,Thread Group 1-95,text,true,,968,275,8,8,768,0,8
1490178544312,760,Logon API Request,200,OK,Thread Group 1-99,text,true,,967,275,8,8,760,0,0
1490178544360,762,Logon API Request,200,OK,Thread Group 1-96,text,true,,967,275,8,8,762,0,0
1490178544416,771,Logon API Request,200,OK,Thread Group 1-93,text,true,,968,275,8,8,771,0,10
1490178544491,820,Logon API Request,200,OK,Thread Group 1-100,text,true,,968,275,7,7,820,0,59
1490178544598,760,Logon API Request,200,OK,Thread Group 1-97,text,true,,967,275,7,7,760,0,0
1490178544655,762,Logon API Request,200,OK,Thread Group 1-94,text,true,,967,275,7,7,762,0,0
1490178544830,768,Logon API Request,200,OK,Thread Group 1-98,text,true,,968,275,7,7,768,0,8
1490178544897,761,Logon API Request,200,OK,Thread Group 1-95,text,true,,964,275,7,7,761,0,0
1490178545072,761,Logon API Request,200,OK,Thread Group 1-99,text,true,,967,275,7,7,761,0,0
1490178545123,767,Logon API Request,200,OK,Thread Group 1-96,text,true,,968,275,7,7,767,0,7
1490178545311,762,Logon API Request,200,OK,Thread Group 1-100,text,true,,967,275,7,7,762,0,0
1490178545358,761,Logon API Request,200,OK,Thread Group 1-97,text,true,,967,275,7,7,761,0,0
1490178545418,767,Logon API Request,200,OK,Thread Group 1-94,text,true,,968,275,7,7,767,0,7
1490178545599,761,Logon API Request,200,OK,Thread Group 1-98,text,true,,967,275,6,6,761,0,0
1490178545659,761,Logon API Request,200,OK,Thread Group 1-95,text,true,,964,275,6,6,761,0,0
1490178545834,769,Logon API Request,200,OK,Thread Group 1-99,text,true,,968,275,6,6,769,0,8
1490178545891,761,Logon API Request,200,OK,Thread Group 1-96,text,true,,967,275,6,6,761,0,0
1490178546073,761,Logon API Request,200,OK,Thread Group 1-100,text,true,,967,275,6,6,761,0,0
1490178546120,768,Logon API Request,200,OK,Thread Group 1-97,text,true,,968,275,6,6,768,0,7
1490178546362,761,Logon API Request,200,OK,Thread Group 1-98,text,true,,967,275,6,6,761,0,0
1490178546422,768,Logon API Request,200,OK,Thread Group 1-95,text,true,,968,275,6,6,768,0,7
1490178546605,760,Logon API Request,200,OK,Thread Group 1-99,text,true,,967,275,5,5,760,0,0
1490178546653,761,Logon API Request,200,OK,Thread Group 1-96,text,true,,967,275,5,5,761,0,0
1490178546836,768,Logon API Request,200,OK,Thread Group 1-100,text,true,,968,275,5,5,768,0,7
1490178546889,760,Logon API Request,200,OK,Thread Group 1-97,text,true,,967,275,5,5,760,0,0
1490178547124,769,Logon API Request,200,OK,Thread Group 1-98,text,true,,968,275,5,5,769,0,8
1490178547365,760,Logon API Request,200,OK,Thread Group 1-99,text,true,,967,275,5,5,760,0,0
1490178547415,768,Logon API Request,200,OK,Thread Group 1-96,text,true,,968,275,5,5,768,0,7
1490178547605,760,Logon API Request,200,OK,Thread Group 1-100,text,true,,967,275,4,4,759,0,0
1490178547650,762,Logon API Request,200,OK,Thread Group 1-97,text,true,,967,275,4,4,762,0,0
1490178547894,762,Logon API Request,200,OK,Thread Group 1-98,text,true,,967,275,4,4,762,0,0
1490178548126,767,Logon API Request,200,OK,Thread Group 1-99,text,true,,968,275,4,4,767,0,6
1490178548365,761,Logon API Request,200,OK,Thread Group 1-100,text,true,,967,275,4,4,761,0,0
1490178548412,770,Logon API Request,200,OK,Thread Group 1-97,text,true,,968,275,4,4,770,0,10
1490178548656,763,Logon API Request,200,OK,Thread Group 1-98,text,true,,967,275,3,3,763,0,0
1490178548894,761,Logon API Request,200,OK,Thread Group 1-99,text,true,,967,275,3,3,761,0,0
1490178549127,767,Logon API Request,200,OK,Thread Group 1-100,text,true,,968,275,3,3,767,0,7
1490178549419,768,Logon API Request,200,OK,Thread Group 1-98,text,true,,968,275,3,3,768,0,8
1490178549656,760,Logon API Request,200,OK,Thread Group 1-99,text,true,,967,275,2,2,760,0,0
1490178549895,761,Logon API Request,200,OK,Thread Group 1-100,text,true,,967,275,2,2,761,0,0
1490178550416,768,Logon API Request,200,OK,Thread Group 1-99,text,true,,968,275,2,2,768,0,7
1490178550656,762,Logon API Request,200,OK,Thread Group 1-100,text,true,,967,275,1,1,762,0,0
1490178551417,772,Logon API Request,200,OK,Thread Group 1-100,text,true,,968,275,1,1,772,0,9
