timeStamp,elapsed,label,responseCode,responseMessage,threadName,dataType,success,failureMessage,bytes,sentBytes,grpThreads,allThreads,Latency,IdleTime,Connect
1507529204339,1454,LogintoACE,404,Not Found,BP001FCTransaction 1-1,text,false,,209,557,1,1,1453,0,1247
1507529204289,1454,Transaction Controller,,"Number of samples in transaction : 1, number of failing samples : 1",BP001FCTransaction 1-1,,false,,209,557,1,1,1453,52,1247
1507529205796,537,LogintoACE,404,Not Found,BP001FCTransaction 1-1,text,false,,209,557,1,1,537,0,351
1507529205796,537,Transaction Controller,,"Number of samples in transaction : 1, number of failing samples : 1",BP001FCTransaction 1-1,,false,,209,557,1,1,537,1,351
1507529206335,520,LogintoACE,404,Not Found,BP001FCTransaction 1-1,text,false,,209,557,1,1,519,0,349
1507529206334,520,Transaction Controller,,"Number of samples in transaction : 1, number of failing samples : 1",BP001FCTransaction 1-1,,false,,209,557,1,1,519,2,349
1507529206857,536,LogintoACE,404,Not Found,BP001FCTransaction 1-1,text,false,,209,557,1,1,535,0,358
1507529206856,536,Transaction Controller,,"Number of samples in transaction : 1, number of failing samples : 1",BP001FCTransaction 1-1,,false,,209,557,1,1,535,2,358
1507529207397,533,LogintoACE,404,Not Found,BP001FCTransaction 1-1,text,false,,209,557,1,1,532,0,360
1507529207395,533,Transaction Controller,,"Number of samples in transaction : 1, number of failing samples : 1",BP001FCTransaction 1-1,,false,,209,557,1,1,532,3,360
1507529207932,531,LogintoACE,404,Not Found,BP001FCTransaction 1-1,text,false,,209,557,1,1,530,0,361
1507529207931,531,Transaction Controller,,"Number of samples in transaction : 1, number of failing samples : 1",BP001FCTransaction 1-1,,false,,209,557,1,1,530,2,361
1507529208465,535,LogintoACE,404,Not Found,BP001FCTransaction 1-1,text,false,,209,557,1,1,534,0,356
1507529208465,535,Transaction Controller,,"Number of samples in transaction : 1, number of failing samples : 1",BP001FCTransaction 1-1,,false,,209,557,1,1,534,1,356
1507529209002,527,LogintoACE,404,Not Found,BP001FCTransaction 1-1,text,false,,209,557,1,1,526,0,357
1507529209001,527,Transaction Controller,,"Number of samples in transaction : 1, number of failing samples : 1",BP001FCTransaction 1-1,,false,,209,557,1,1,526,3,357
1507529209533,519,LogintoACE,404,Not Found,BP001FCTransaction 1-1,text,false,,209,557,1,1,518,0,343
1507529209531,519,Transaction Controller,,"Number of samples in transaction : 1, number of failing samples : 1",BP001FCTransaction 1-1,,false,,209,557,1,1,518,2,343
1507529210052,529,LogintoACE,404,Not Found,BP001FCTransaction 1-1,text,false,,209,557,1,1,529,0,353
1507529210052,529,Transaction Controller,,"Number of samples in transaction : 1, number of failing samples : 1",BP001FCTransaction 1-1,,false,,209,557,1,1,529,0,353
1507529214290,1331,LogintoACE,404,Not Found,BP001FCTransaction 1-2,text,false,,209,557,1,1,1330,0,1142
1507529214289,1331,Transaction Controller,,"Number of samples in transaction : 1, number of failing samples : 1",BP001FCTransaction 1-2,,false,,209,557,1,1,1330,2,1142
1507529215622,551,LogintoACE,404,Not Found,BP001FCTransaction 1-2,text,false,,209,557,1,1,550,0,358
1507529215621,552,Transaction Controller,,"Number of samples in transaction : 1, number of failing samples : 1",BP001FCTransaction 1-2,,false,,209,557,1,1,550,1,358
1507529216175,550,LogintoACE,404,Not Found,BP001FCTransaction 1-2,text,false,,209,557,1,1,549,0,367
1507529216174,550,Transaction Controller,,"Number of samples in transaction : 1, number of failing samples : 1",BP001FCTransaction 1-2,,false,,209,557,1,1,549,1,367
1507529216726,575,LogintoACE,404,Not Found,BP001FCTransaction 1-2,text,false,,209,557,1,1,574,0,376
1507529216726,575,Transaction Controller,,"Number of samples in transaction : 1, number of failing samples : 1",BP001FCTransaction 1-2,,false,,209,557,1,1,574,1,376
1507529217305,518,LogintoACE,404,Not Found,BP001FCTransaction 1-2,text,false,,209,557,1,1,517,0,345
1507529217302,518,Transaction Controller,,"Number of samples in transaction : 1, number of failing samples : 1",BP001FCTransaction 1-2,,false,,209,557,1,1,517,4,345
1507529217825,524,LogintoACE,404,Not Found,BP001FCTransaction 1-2,text,false,,209,557,1,1,523,0,351
1507529217824,524,Transaction Controller,,"Number of samples in transaction : 1, number of failing samples : 1",BP001FCTransaction 1-2,,false,,209,557,1,1,523,2,351
1507529218351,503,LogintoACE,404,Not Found,BP001FCTransaction 1-2,text,false,,209,557,1,1,502,0,338
1507529218350,503,Transaction Controller,,"Number of samples in transaction : 1, number of failing samples : 1",BP001FCTransaction 1-2,,false,,209,557,1,1,502,1,338
1507529218855,517,LogintoACE,404,Not Found,BP001FCTransaction 1-2,text,false,,209,557,1,1,516,0,348
1507529218854,517,Transaction Controller,,"Number of samples in transaction : 1, number of failing samples : 1",BP001FCTransaction 1-2,,false,,209,557,1,1,516,2,348
1507529219374,493,LogintoACE,404,Not Found,BP001FCTransaction 1-2,text,false,,209,557,1,1,488,0,325
1507529219373,493,Transaction Controller,,"Number of samples in transaction : 1, number of failing samples : 1",BP001FCTransaction 1-2,,false,,209,557,1,1,488,1,325
1507529219868,562,LogintoACE,404,Not Found,BP001FCTransaction 1-2,text,false,,209,557,1,1,561,0,380
1507529219867,562,Transaction Controller,,"Number of samples in transaction : 1, number of failing samples : 1",BP001FCTransaction 1-2,,false,,209,557,1,1,561,9,380
1507529224290,928,LogintoACE,404,Not Found,BP001FCTransaction 1-3,text,false,,209,557,1,1,927,0,747
1507529224288,928,Transaction Controller,,"Number of samples in transaction : 1, number of failing samples : 1",BP001FCTransaction 1-3,,false,,209,557,1,1,927,2,747
1507529225218,546,LogintoACE,404,Not Found,BP001FCTransaction 1-3,text,false,,209,557,1,1,546,0,364
1507529225218,546,Transaction Controller,,"Number of samples in transaction : 1, number of failing samples : 1",BP001FCTransaction 1-3,,false,,209,557,1,1,546,0,364
1507529225765,524,LogintoACE,404,Not Found,BP001FCTransaction 1-3,text,false,,209,557,1,1,524,0,353
1507529225765,524,Transaction Controller,,"Number of samples in transaction : 1, number of failing samples : 1",BP001FCTransaction 1-3,,false,,209,557,1,1,524,1,353
1507529226290,513,LogintoACE,404,Not Found,BP001FCTransaction 1-3,text,false,,209,557,1,1,512,0,348
1507529226290,513,Transaction Controller,,"Number of samples in transaction : 1, number of failing samples : 1",BP001FCTransaction 1-3,,false,,209,557,1,1,512,0,348
1507529226804,553,LogintoACE,404,Not Found,BP001FCTransaction 1-3,text,false,,209,557,1,1,552,0,363
1507529226803,553,Transaction Controller,,"Number of samples in transaction : 1, number of failing samples : 1",BP001FCTransaction 1-3,,false,,209,557,1,1,552,1,363
1507529227358,575,LogintoACE,404,Not Found,BP001FCTransaction 1-3,text,false,,209,557,1,1,574,0,398
1507529227358,575,Transaction Controller,,"Number of samples in transaction : 1, number of failing samples : 1",BP001FCTransaction 1-3,,false,,209,557,1,1,574,1,398
1507529227935,536,LogintoACE,404,Not Found,BP001FCTransaction 1-3,text,false,,209,557,1,1,536,0,345
1507529227934,536,Transaction Controller,,"Number of samples in transaction : 1, number of failing samples : 1",BP001FCTransaction 1-3,,false,,209,557,1,1,536,1,345
1507529228472,514,LogintoACE,404,Not Found,BP001FCTransaction 1-3,text,false,,209,557,1,1,513,0,340
1507529228471,514,Transaction Controller,,"Number of samples in transaction : 1, number of failing samples : 1",BP001FCTransaction 1-3,,false,,209,557,1,1,513,1,340
1507529228988,522,LogintoACE,404,Not Found,BP001FCTransaction 1-3,text,false,,209,557,1,1,521,0,353
1507529228986,522,Transaction Controller,,"Number of samples in transaction : 1, number of failing samples : 1",BP001FCTransaction 1-3,,false,,209,557,1,1,521,3,353
1507529229512,514,LogintoACE,404,Not Found,BP001FCTransaction 1-3,text,false,,209,557,1,1,514,0,344
1507529229512,514,Transaction Controller,,"Number of samples in transaction : 1, number of failing samples : 1",BP001FCTransaction 1-3,,false,,209,557,1,1,514,0,344
1507529234290,930,LogintoACE,404,Not Found,BP001FCTransaction 1-4,text,false,,209,557,1,1,929,0,740
1507529234289,930,Transaction Controller,,"Number of samples in transaction : 1, number of failing samples : 1",BP001FCTransaction 1-4,,false,,209,557,1,1,929,2,740
1507529235221,521,LogintoACE,404,Not Found,BP001FCTransaction 1-4,text,false,,209,557,1,1,520,0,343
1507529235220,521,Transaction Controller,,"Number of samples in transaction : 1, number of failing samples : 1",BP001FCTransaction 1-4,,false,,209,557,1,1,520,2,343
1507529235746,541,LogintoACE,404,Not Found,BP001FCTransaction 1-4,text,false,,209,557,1,1,540,0,367
1507529235743,541,Transaction Controller,,"Number of samples in transaction : 1, number of failing samples : 1",BP001FCTransaction 1-4,,false,,209,557,1,1,540,3,367
1507529236288,518,LogintoACE,404,Not Found,BP001FCTransaction 1-4,text,false,,209,557,1,1,517,0,347
1507529236287,518,Transaction Controller,,"Number of samples in transaction : 1, number of failing samples : 1",BP001FCTransaction 1-4,,false,,209,557,1,1,517,1,347
1507529236807,515,LogintoACE,404,Not Found,BP001FCTransaction 1-4,text,false,,209,557,1,1,514,0,346
1507529236806,515,Transaction Controller,,"Number of samples in transaction : 1, number of failing samples : 1",BP001FCTransaction 1-4,,false,,209,557,1,1,514,1,346
1507529237323,526,LogintoACE,404,Not Found,BP001FCTransaction 1-4,text,false,,209,557,1,1,525,0,355
1507529237322,526,Transaction Controller,,"Number of samples in transaction : 1, number of failing samples : 1",BP001FCTransaction 1-4,,false,,209,557,1,1,525,1,355
1507529237851,525,LogintoACE,404,Not Found,BP001FCTransaction 1-4,text,false,,209,557,1,1,524,0,349
1507529237850,525,Transaction Controller,,"Number of samples in transaction : 1, number of failing samples : 1",BP001FCTransaction 1-4,,false,,209,557,1,1,524,1,349
1507529238376,524,LogintoACE,404,Not Found,BP001FCTransaction 1-4,text,false,,209,557,1,1,520,0,345
1507529238376,524,Transaction Controller,,"Number of samples in transaction : 1, number of failing samples : 1",BP001FCTransaction 1-4,,false,,209,557,1,1,520,0,345
1507529238901,532,LogintoACE,404,Not Found,BP001FCTransaction 1-4,text,false,,209,557,1,1,531,0,357
1507529238901,532,Transaction Controller,,"Number of samples in transaction : 1, number of failing samples : 1",BP001FCTransaction 1-4,,false,,209,557,1,1,531,0,357
1507529239434,542,LogintoACE,404,Not Found,BP001FCTransaction 1-4,text,false,,209,557,1,1,541,0,365
1507529239433,542,Transaction Controller,,"Number of samples in transaction : 1, number of failing samples : 1",BP001FCTransaction 1-4,,false,,209,557,1,1,541,1,365
1507529244290,871,LogintoACE,404,Not Found,BP001FCTransaction 1-5,text,false,,209,557,1,1,870,0,689
1507529244288,871,Transaction Controller,,"Number of samples in transaction : 1, number of failing samples : 1",BP001FCTransaction 1-5,,false,,209,557,1,1,870,2,689
1507529245163,539,LogintoACE,404,Not Found,BP001FCTransaction 1-5,text,false,,209,557,1,1,538,0,362
1507529245162,539,Transaction Controller,,"Number of samples in transaction : 1, number of failing samples : 1",BP001FCTransaction 1-5,,false,,209,557,1,1,538,2,362
1507529245704,582,LogintoACE,404,Not Found,BP001FCTransaction 1-5,text,false,,209,557,1,1,582,0,394
1507529245703,582,Transaction Controller,,"Number of samples in transaction : 1, number of failing samples : 1",BP001FCTransaction 1-5,,false,,209,557,1,1,582,2,394
1507529246287,544,LogintoACE,404,Not Found,BP001FCTransaction 1-5,text,false,,209,557,1,1,543,0,373
1507529246287,544,Transaction Controller,,"Number of samples in transaction : 1, number of failing samples : 1",BP001FCTransaction 1-5,,false,,209,557,1,1,543,0,373
1507529246832,517,LogintoACE,404,Not Found,BP001FCTransaction 1-5,text,false,,209,557,1,1,515,0,319
1507529246831,517,Transaction Controller,,"Number of samples in transaction : 1, number of failing samples : 1",BP001FCTransaction 1-5,,false,,209,557,1,1,515,1,319
1507529247350,606,LogintoACE,404,Not Found,BP001FCTransaction 1-5,text,false,,209,557,1,1,606,0,380
1507529247349,606,Transaction Controller,,"Number of samples in transaction : 1, number of failing samples : 1",BP001FCTransaction 1-5,,false,,209,557,1,1,606,2,380
1507529247958,610,LogintoACE,404,Not Found,BP001FCTransaction 1-5,text,false,,209,557,1,1,608,0,365
1507529247957,610,Transaction Controller,,"Number of samples in transaction : 1, number of failing samples : 1",BP001FCTransaction 1-5,,false,,209,557,1,1,608,1,365
1507529248569,507,LogintoACE,404,Not Found,BP001FCTransaction 1-5,text,false,,209,557,1,1,506,0,336
1507529248568,507,Transaction Controller,,"Number of samples in transaction : 1, number of failing samples : 1",BP001FCTransaction 1-5,,false,,209,557,1,1,506,2,336
1507529249078,522,LogintoACE,404,Not Found,BP001FCTransaction 1-5,text,false,,209,557,1,1,521,0,345
1507529249077,522,Transaction Controller,,"Number of samples in transaction : 1, number of failing samples : 1",BP001FCTransaction 1-5,,false,,209,557,1,1,521,1,345
1507529249601,548,LogintoACE,404,Not Found,BP001FCTransaction 1-5,text,false,,209,557,1,1,547,0,367
1507529249600,548,Transaction Controller,,"Number of samples in transaction : 1, number of failing samples : 1",BP001FCTransaction 1-5,,false,,209,557,1,1,547,8,367
1507529254291,951,LogintoACE,404,Not Found,BP001FCTransaction 1-6,text,false,,209,557,1,1,951,0,772
1507529254290,951,Transaction Controller,,"Number of samples in transaction : 1, number of failing samples : 1",BP001FCTransaction 1-6,,false,,209,557,1,1,951,1,772
1507529255242,535,LogintoACE,404,Not Found,BP001FCTransaction 1-6,text,false,,209,557,1,1,535,0,348
1507529255241,535,Transaction Controller,,"Number of samples in transaction : 1, number of failing samples : 1",BP001FCTransaction 1-6,,false,,209,557,1,1,535,2,348
1507529255779,509,LogintoACE,404,Not Found,BP001FCTransaction 1-6,text,false,,209,557,1,1,508,0,339
1507529255778,509,Transaction Controller,,"Number of samples in transaction : 1, number of failing samples : 1",BP001FCTransaction 1-6,,false,,209,557,1,1,508,1,339
1507529256289,568,LogintoACE,404,Not Found,BP001FCTransaction 1-6,text,false,,209,557,1,1,567,0,382
1507529256288,568,Transaction Controller,,"Number of samples in transaction : 1, number of failing samples : 1",BP001FCTransaction 1-6,,false,,209,557,1,1,567,1,382
1507529256858,516,LogintoACE,404,Not Found,BP001FCTransaction 1-6,text,false,,209,557,1,1,515,0,345
1507529256857,516,Transaction Controller,,"Number of samples in transaction : 1, number of failing samples : 1",BP001FCTransaction 1-6,,false,,209,557,1,1,515,1,345
1507529257375,559,LogintoACE,404,Not Found,BP001FCTransaction 1-6,text,false,,209,557,1,1,559,0,352
1507529257375,559,Transaction Controller,,"Number of samples in transaction : 1, number of failing samples : 1",BP001FCTransaction 1-6,,false,,209,557,1,1,559,1,352
1507529257935,558,LogintoACE,404,Not Found,BP001FCTransaction 1-6,text,false,,209,557,1,1,557,0,354
1507529257935,558,Transaction Controller,,"Number of samples in transaction : 1, number of failing samples : 1",BP001FCTransaction 1-6,,false,,209,557,1,1,557,0,354
1507529258494,552,LogintoACE,404,Not Found,BP001FCTransaction 1-6,text,false,,209,557,1,1,552,0,371
1507529258493,552,Transaction Controller,,"Number of samples in transaction : 1, number of failing samples : 1",BP001FCTransaction 1-6,,false,,209,557,1,1,552,1,371
1507529259047,564,LogintoACE,404,Not Found,BP001FCTransaction 1-6,text,false,,209,557,1,1,563,0,371
1507529259046,564,Transaction Controller,,"Number of samples in transaction : 1, number of failing samples : 1",BP001FCTransaction 1-6,,false,,209,557,1,1,563,2,371
1507529259612,547,LogintoACE,404,Not Found,BP001FCTransaction 1-6,text,false,,209,557,1,1,547,0,356
1507529259612,547,Transaction Controller,,"Number of samples in transaction : 1, number of failing samples : 1",BP001FCTransaction 1-6,,false,,209,557,1,1,547,0,356
1507529264291,909,LogintoACE,404,Not Found,BP001FCTransaction 1-7,text,false,,209,557,1,1,909,0,742
1507529264289,909,Transaction Controller,,"Number of samples in transaction : 1, number of failing samples : 1",BP001FCTransaction 1-7,,false,,209,557,1,1,909,3,742
1507529265203,519,LogintoACE,404,Not Found,BP001FCTransaction 1-7,text,false,,209,557,1,1,516,0,348
1507529265202,519,Transaction Controller,,"Number of samples in transaction : 1, number of failing samples : 1",BP001FCTransaction 1-7,,false,,209,557,1,1,516,2,348
1507529265723,497,LogintoACE,404,Not Found,BP001FCTransaction 1-7,text,false,,209,557,1,1,497,0,331
1507529265723,497,Transaction Controller,,"Number of samples in transaction : 1, number of failing samples : 1",BP001FCTransaction 1-7,,false,,209,557,1,1,497,1,331
1507529266222,538,LogintoACE,404,Not Found,BP001FCTransaction 1-7,text,false,,209,557,1,1,538,0,359
1507529266221,538,Transaction Controller,,"Number of samples in transaction : 1, number of failing samples : 1",BP001FCTransaction 1-7,,false,,209,557,1,1,538,1,359
1507529266761,521,LogintoACE,404,Not Found,BP001FCTransaction 1-7,text,false,,209,557,1,1,521,0,348
1507529266761,521,Transaction Controller,,"Number of samples in transaction : 1, number of failing samples : 1",BP001FCTransaction 1-7,,false,,209,557,1,1,521,1,348
1507529267283,507,LogintoACE,404,Not Found,BP001FCTransaction 1-7,text,false,,209,557,1,1,506,0,339
1507529267283,507,Transaction Controller,,"Number of samples in transaction : 1, number of failing samples : 1",BP001FCTransaction 1-7,,false,,209,557,1,1,506,0,339
1507529267790,513,LogintoACE,404,Not Found,BP001FCTransaction 1-7,text,false,,209,557,1,1,513,0,340
1507529267790,513,Transaction Controller,,"Number of samples in transaction : 1, number of failing samples : 1",BP001FCTransaction 1-7,,false,,209,557,1,1,513,0,340
1507529268304,542,LogintoACE,404,Not Found,BP001FCTransaction 1-7,text,false,,209,557,1,1,541,0,360
1507529268303,542,Transaction Controller,,"Number of samples in transaction : 1, number of failing samples : 1",BP001FCTransaction 1-7,,false,,209,557,1,1,541,1,360
1507529268848,550,LogintoACE,404,Not Found,BP001FCTransaction 1-7,text,false,,209,557,1,1,549,0,369
1507529268847,550,Transaction Controller,,"Number of samples in transaction : 1, number of failing samples : 1",BP001FCTransaction 1-7,,false,,209,557,1,1,549,1,369
1507529269398,537,LogintoACE,404,Not Found,BP001FCTransaction 1-7,text,false,,209,557,1,1,535,0,357
1507529269397,537,Transaction Controller,,"Number of samples in transaction : 1, number of failing samples : 1",BP001FCTransaction 1-7,,false,,209,557,1,1,535,1,357
1507529274289,949,LogintoACE,404,Not Found,BP001FCTransaction 1-8,text,false,,209,557,1,1,948,0,773
1507529274288,949,Transaction Controller,,"Number of samples in transaction : 1, number of failing samples : 1",BP001FCTransaction 1-8,,false,,209,557,1,1,948,1,773
1507529275239,538,LogintoACE,404,Not Found,BP001FCTransaction 1-8,text,false,,209,557,1,1,537,0,351
1507529275238,538,Transaction Controller,,"Number of samples in transaction : 1, number of failing samples : 1",BP001FCTransaction 1-8,,false,,209,557,1,1,537,1,351
1507529275778,612,LogintoACE,404,Not Found,BP001FCTransaction 1-8,text,false,,209,557,1,1,611,0,410
1507529275777,612,Transaction Controller,,"Number of samples in transaction : 1, number of failing samples : 1",BP001FCTransaction 1-8,,false,,209,557,1,1,611,1,410
1507529276391,537,LogintoACE,404,Not Found,BP001FCTransaction 1-8,text,false,,209,557,1,1,531,0,351
1507529276391,537,Transaction Controller,,"Number of samples in transaction : 1, number of failing samples : 1",BP001FCTransaction 1-8,,false,,209,557,1,1,531,0,351
1507529276928,563,LogintoACE,404,Not Found,BP001FCTransaction 1-8,text,false,,209,557,1,1,563,0,380
1507529276928,563,Transaction Controller,,"Number of samples in transaction : 1, number of failing samples : 1",BP001FCTransaction 1-8,,false,,209,557,1,1,563,1,380
1507529277492,547,LogintoACE,404,Not Found,BP001FCTransaction 1-8,text,false,,209,557,1,1,546,0,375
1507529277492,547,Transaction Controller,,"Number of samples in transaction : 1, number of failing samples : 1",BP001FCTransaction 1-8,,false,,209,557,1,1,546,0,375
1507529278041,535,LogintoACE,404,Not Found,BP001FCTransaction 1-8,text,false,,209,557,1,1,534,0,361
1507529278040,535,Transaction Controller,,"Number of samples in transaction : 1, number of failing samples : 1",BP001FCTransaction 1-8,,false,,209,557,1,1,534,1,361
1507529278577,528,LogintoACE,404,Not Found,BP001FCTransaction 1-8,text,false,,209,557,1,1,527,0,348
1507529278576,528,Transaction Controller,,"Number of samples in transaction : 1, number of failing samples : 1",BP001FCTransaction 1-8,,false,,209,557,1,1,527,1,348
1507529279106,529,LogintoACE,404,Not Found,BP001FCTransaction 1-8,text,false,,209,557,1,1,529,0,357
1507529279106,529,Transaction Controller,,"Number of samples in transaction : 1, number of failing samples : 1",BP001FCTransaction 1-8,,false,,209,557,1,1,529,0,357
1507529279635,536,LogintoACE,404,Not Found,BP001FCTransaction 1-8,text,false,,209,557,1,1,536,0,362
1507529279635,536,Transaction Controller,,"Number of samples in transaction : 1, number of failing samples : 1",BP001FCTransaction 1-8,,false,,209,557,1,1,536,6,362
1507529284290,942,LogintoACE,404,Not Found,BP001FCTransaction 1-9,text,false,,209,557,1,1,940,0,757
1507529284288,942,Transaction Controller,,"Number of samples in transaction : 1, number of failing samples : 1",BP001FCTransaction 1-9,,false,,209,557,1,1,940,2,757
1507529285233,556,LogintoACE,404,Not Found,BP001FCTransaction 1-9,text,false,,209,557,1,1,555,0,372
1507529285232,556,Transaction Controller,,"Number of samples in transaction : 1, number of failing samples : 1",BP001FCTransaction 1-9,,false,,209,557,1,1,555,1,372
1507529285790,540,LogintoACE,404,Not Found,BP001FCTransaction 1-9,text,false,,209,557,1,1,539,0,358
1507529285789,540,Transaction Controller,,"Number of samples in transaction : 1, number of failing samples : 1",BP001FCTransaction 1-9,,false,,209,557,1,1,539,1,358
1507529286331,573,LogintoACE,404,Not Found,BP001FCTransaction 1-9,text,false,,209,557,1,1,572,0,368
1507529286330,573,Transaction Controller,,"Number of samples in transaction : 1, number of failing samples : 1",BP001FCTransaction 1-9,,false,,209,557,1,1,572,1,368
1507529286905,582,LogintoACE,404,Not Found,BP001FCTransaction 1-9,text,false,,209,557,1,1,581,0,388
1507529286904,582,Transaction Controller,,"Number of samples in transaction : 1, number of failing samples : 1",BP001FCTransaction 1-9,,false,,209,557,1,1,581,1,388
1507529287488,535,LogintoACE,404,Not Found,BP001FCTransaction 1-9,text,false,,209,557,1,1,535,0,358
1507529287487,535,Transaction Controller,,"Number of samples in transaction : 1, number of failing samples : 1",BP001FCTransaction 1-9,,false,,209,557,1,1,535,1,358
1507529288024,548,LogintoACE,404,Not Found,BP001FCTransaction 1-9,text,false,,209,557,1,1,541,0,367
1507529288023,548,Transaction Controller,,"Number of samples in transaction : 1, number of failing samples : 1",BP001FCTransaction 1-9,,false,,209,557,1,1,541,2,367
1507529288573,539,LogintoACE,404,Not Found,BP001FCTransaction 1-9,text,false,,209,557,1,1,539,0,352
1507529288573,539,Transaction Controller,,"Number of samples in transaction : 1, number of failing samples : 1",BP001FCTransaction 1-9,,false,,209,557,1,1,539,1,352
1507529289114,535,LogintoACE,404,Not Found,BP001FCTransaction 1-9,text,false,,209,557,1,1,535,0,358
1507529289113,535,Transaction Controller,,"Number of samples in transaction : 1, number of failing samples : 1",BP001FCTransaction 1-9,,false,,209,557,1,1,535,2,358
1507529289650,569,LogintoACE,404,Not Found,BP001FCTransaction 1-9,text,false,,209,557,1,1,568,0,378
1507529289650,569,Transaction Controller,,"Number of samples in transaction : 1, number of failing samples : 1",BP001FCTransaction 1-9,,false,,209,557,1,1,568,0,378
1507529294290,1023,LogintoACE,404,Not Found,BP001FCTransaction 1-10,text,false,,209,557,1,1,1023,0,821
1507529294289,1023,Transaction Controller,,"Number of samples in transaction : 1, number of failing samples : 1",BP001FCTransaction 1-10,,false,,209,557,1,1,1023,2,821
1507529295314,528,LogintoACE,404,Not Found,BP001FCTransaction 1-10,text,false,,209,557,1,1,527,0,352
1507529295314,528,Transaction Controller,,"Number of samples in transaction : 1, number of failing samples : 1",BP001FCTransaction 1-10,,false,,209,557,1,1,527,0,352
1507529295843,513,LogintoACE,404,Not Found,BP001FCTransaction 1-10,text,false,,209,557,1,1,512,0,344
1507529295842,513,Transaction Controller,,"Number of samples in transaction : 1, number of failing samples : 1",BP001FCTransaction 1-10,,false,,209,557,1,1,512,1,344
1507529296357,557,LogintoACE,404,Not Found,BP001FCTransaction 1-10,text,false,,209,557,1,1,543,0,346
1507529296356,557,Transaction Controller,,"Number of samples in transaction : 1, number of failing samples : 1",BP001FCTransaction 1-10,,false,,209,557,1,1,543,1,346
1507529296915,525,LogintoACE,404,Not Found,BP001FCTransaction 1-10,text,false,,209,557,1,1,524,0,350
1507529296915,525,Transaction Controller,,"Number of samples in transaction : 1, number of failing samples : 1",BP001FCTransaction 1-10,,false,,209,557,1,1,524,1,350
1507529297441,554,LogintoACE,404,Not Found,BP001FCTransaction 1-10,text,false,,209,557,1,1,553,0,372
1507529297441,554,Transaction Controller,,"Number of samples in transaction : 1, number of failing samples : 1",BP001FCTransaction 1-10,,false,,209,557,1,1,553,0,372
1507529297996,507,LogintoACE,404,Not Found,BP001FCTransaction 1-10,text,false,,209,557,1,1,507,0,338
1507529297995,507,Transaction Controller,,"Number of samples in transaction : 1, number of failing samples : 1",BP001FCTransaction 1-10,,false,,209,557,1,1,507,2,338
1507529298504,502,LogintoACE,404,Not Found,BP001FCTransaction 1-10,text,false,,209,557,1,1,501,0,337
1507529298504,502,Transaction Controller,,"Number of samples in transaction : 1, number of failing samples : 1",BP001FCTransaction 1-10,,false,,209,557,1,1,501,0,337
1507529299007,511,LogintoACE,404,Not Found,BP001FCTransaction 1-10,text,false,,209,557,1,1,510,0,339
1507529299006,511,Transaction Controller,,"Number of samples in transaction : 1, number of failing samples : 1",BP001FCTransaction 1-10,,false,,209,557,1,1,510,1,339
1507529299519,501,LogintoACE,404,Not Found,BP001FCTransaction 1-10,text,false,,209,557,1,1,500,0,334
1507529299518,501,Transaction Controller,,"Number of samples in transaction : 1, number of failing samples : 1",BP001FCTransaction 1-10,,false,,209,557,1,1,500,1,334
