timeStamp,elapsed,label,responseCode,responseMessage,threadName,dataType,success,failureMessage,bytes,sentBytes,grpThreads,allThreads,Latency,IdleTime,Connect
1489146024855,459,Logon API Request,200,OK,Thread Group 1-1,text,true,,437,269,1,1,458,0,48
1489146025318,420,PrivacyPolicy Service,200,OK,Thread Group 1-1,text,true,,967,229,1,1,420,0,20
1489146025740,388,Contuctus Service,200,OK,Thread Group 1-1,text,true,,809,225,1,1,388,0,0
1489146026129,389,News English,200,OK,Thread Group 1-1,text,true,,4085,228,1,1,389,0,0
1489146026519,390,News Arabic,200,OK,Thread Group 1-1,text,true,,2812,228,1,1,390,0,0
1489146026910,391,Logon API Request,200,OK,Thread Group 1-1,text,true,,437,269,1,1,391,0,2
1489146027302,385,PrivacyPolicy Service,200,OK,Thread Group 1-1,text,true,,967,229,1,1,385,0,0
1489146027688,402,Contuctus Service,200,OK,Thread Group 1-1,text,true,,809,225,1,1,402,0,2
1489146028091,389,News English,200,OK,Thread Group 1-1,text,true,,4085,228,1,1,389,0,0
1489146028481,398,News Arabic,200,OK,Thread Group 1-1,text,true,,2812,228,1,1,398,0,0
1489146028880,388,Logon API Request,200,OK,Thread Group 1-1,text,true,,437,269,1,1,388,0,0
1489146029269,384,PrivacyPolicy Service,200,OK,Thread Group 1-1,text,true,,967,229,1,1,384,0,0
1489146029654,390,Contuctus Service,200,OK,Thread Group 1-1,text,true,,809,225,1,1,390,0,0
1489146030049,384,News English,200,OK,Thread Group 1-1,text,true,,4085,228,1,1,384,0,2
1489146030434,389,News Arabic,200,OK,Thread Group 1-1,text,true,,2812,228,1,1,389,0,0
1489146030824,391,Logon API Request,200,OK,Thread Group 1-1,text,true,,437,269,1,1,391,0,2
1489146031216,388,PrivacyPolicy Service,200,OK,Thread Group 1-1,text,true,,967,229,1,1,388,0,0
1489146031605,389,Contuctus Service,200,OK,Thread Group 1-1,text,true,,809,225,1,1,389,0,0
1489146031995,389,News English,200,OK,Thread Group 1-1,text,true,,4085,228,1,1,389,0,0
1489146032385,390,News Arabic,200,OK,Thread Group 1-1,text,true,,2812,228,1,1,390,0,2
1489146032776,386,Logon API Request,200,OK,Thread Group 1-1,text,true,,437,269,1,1,386,0,0
1489146033163,390,PrivacyPolicy Service,200,OK,Thread Group 1-1,text,true,,967,229,1,1,390,0,0
1489146033553,390,Contuctus Service,200,OK,Thread Group 1-1,text,true,,809,225,1,1,390,0,0
1489146033943,386,News English,200,OK,Thread Group 1-1,text,true,,4085,228,1,1,386,0,0
1489146034329,385,News Arabic,200,OK,Thread Group 1-1,text,true,,2812,228,1,1,385,0,0
1489146034715,389,Logon API Request,200,OK,Thread Group 1-1,text,true,,437,269,2,2,389,0,2
1489146034785,389,Logon API Request,200,OK,Thread Group 1-2,text,true,,437,269,2,2,389,0,2
1489146035106,387,PrivacyPolicy Service,200,OK,Thread Group 1-1,text,true,,967,229,2,2,387,0,3
1489146035176,387,PrivacyPolicy Service,200,OK,Thread Group 1-2,text,true,,967,229,2,2,386,0,2
1489146035494,385,Contuctus Service,200,OK,Thread Group 1-1,text,true,,809,225,2,2,385,0,0
1489146035563,385,Contuctus Service,200,OK,Thread Group 1-2,text,true,,809,225,2,2,385,0,0
1489146035879,385,News English,200,OK,Thread Group 1-1,text,true,,4085,228,2,2,385,0,0
1489146035949,385,News English,200,OK,Thread Group 1-2,text,true,,4085,228,2,2,385,0,0
1489146036264,385,News Arabic,200,OK,Thread Group 1-1,text,true,,2812,228,2,2,385,0,0
1489146036335,386,News Arabic,200,OK,Thread Group 1-2,text,true,,2812,228,2,2,386,0,0
1489146036649,388,Logon API Request,200,OK,Thread Group 1-1,text,true,,437,269,2,2,388,0,0
1489146036722,386,Logon API Request,200,OK,Thread Group 1-2,text,true,,437,269,2,2,386,0,0
1489146037038,385,PrivacyPolicy Service,200,OK,Thread Group 1-1,text,true,,967,229,2,2,385,0,0
1489146037109,384,PrivacyPolicy Service,200,OK,Thread Group 1-2,text,true,,967,229,2,2,384,0,0
1489146037424,387,Contuctus Service,200,OK,Thread Group 1-1,text,true,,809,225,2,2,387,0,2
1489146037494,387,Contuctus Service,200,OK,Thread Group 1-2,text,true,,809,225,2,2,387,0,2
1489146037812,384,News English,200,OK,Thread Group 1-1,text,true,,4085,228,2,2,384,0,0
1489146037882,385,News English,200,OK,Thread Group 1-2,text,true,,4085,228,2,2,385,0,0
1489146038197,384,News Arabic,200,OK,Thread Group 1-1,text,true,,2812,228,2,2,384,0,0
1489146038267,385,News Arabic,200,OK,Thread Group 1-2,text,true,,2812,228,2,2,385,0,0
1489146038582,390,Logon API Request,200,OK,Thread Group 1-1,text,true,,437,269,2,2,390,0,3
1489146038652,389,Logon API Request,200,OK,Thread Group 1-2,text,true,,437,269,2,2,389,0,2
1489146038973,384,PrivacyPolicy Service,200,OK,Thread Group 1-1,text,true,,967,229,2,2,384,0,0
1489146039041,385,PrivacyPolicy Service,200,OK,Thread Group 1-2,text,true,,967,229,2,2,385,0,0
1489146039358,385,Contuctus Service,200,OK,Thread Group 1-1,text,true,,809,225,2,2,384,0,0
1489146039426,386,Contuctus Service,200,OK,Thread Group 1-2,text,true,,809,225,2,2,386,0,0
1489146039743,387,News English,200,OK,Thread Group 1-1,text,true,,4085,228,2,2,387,0,2
1489146039813,386,News English,200,OK,Thread Group 1-2,text,true,,4085,228,2,2,386,0,2
1489146040129,385,News Arabic,200,OK,Thread Group 1-1,text,true,,2812,228,2,2,385,0,0
1489146040199,385,News Arabic,200,OK,Thread Group 1-2,text,true,,2812,228,2,2,384,0,0
1489146040515,386,Logon API Request,200,OK,Thread Group 1-1,text,true,,437,269,2,2,386,0,0
1489146040584,387,Logon API Request,200,OK,Thread Group 1-2,text,true,,437,269,2,2,387,0,0
1489146040902,385,PrivacyPolicy Service,200,OK,Thread Group 1-1,text,true,,967,229,2,2,385,0,0
1489146040972,385,PrivacyPolicy Service,200,OK,Thread Group 1-2,text,true,,967,229,2,2,384,0,0
1489146041288,384,Contuctus Service,200,OK,Thread Group 1-1,text,true,,809,225,2,2,384,0,0
1489146041357,385,Contuctus Service,200,OK,Thread Group 1-2,text,true,,809,225,2,2,385,0,0
1489146041673,385,News English,200,OK,Thread Group 1-1,text,true,,4085,228,2,2,385,0,0
1489146041743,385,News English,200,OK,Thread Group 1-2,text,true,,4085,228,2,2,385,0,0
1489146042058,388,News Arabic,200,OK,Thread Group 1-1,text,true,,2812,228,2,2,388,0,3
1489146042128,387,News Arabic,200,OK,Thread Group 1-2,text,true,,2812,228,2,2,387,0,2
1489146042446,390,Logon API Request,200,OK,Thread Group 1-1,text,true,,437,269,2,2,389,0,2
1489146042515,390,Logon API Request,200,OK,Thread Group 1-2,text,true,,437,269,2,2,390,0,3
1489146042836,385,PrivacyPolicy Service,200,OK,Thread Group 1-1,text,true,,967,229,2,2,385,0,0
1489146042906,386,PrivacyPolicy Service,200,OK,Thread Group 1-2,text,true,,967,229,2,2,386,0,0
1489146043221,385,Contuctus Service,200,OK,Thread Group 1-1,text,true,,809,225,2,2,385,0,0
1489146043292,386,Contuctus Service,200,OK,Thread Group 1-2,text,true,,809,225,2,2,386,0,0
1489146043607,385,News English,200,OK,Thread Group 1-1,text,true,,4085,228,2,2,385,0,0
1489146043678,385,News English,200,OK,Thread Group 1-2,text,true,,4085,228,2,2,385,0,0
1489146043992,385,News Arabic,200,OK,Thread Group 1-1,text,true,,2812,228,2,2,385,0,0
1489146044064,385,News Arabic,200,OK,Thread Group 1-2,text,true,,2812,228,1,1,385,0,0
1489146044449,387,Logon API Request,200,OK,Thread Group 1-2,text,true,,437,269,2,2,387,0,0
1489146044788,389,Logon API Request,200,OK,Thread Group 1-3,text,true,,437,269,2,2,389,0,3
1489146044837,387,PrivacyPolicy Service,200,OK,Thread Group 1-2,text,true,,967,229,2,2,386,0,2
1489146045178,388,PrivacyPolicy Service,200,OK,Thread Group 1-3,text,true,,967,229,2,2,387,0,3
1489146045224,385,Contuctus Service,200,OK,Thread Group 1-2,text,true,,809,225,2,2,385,0,0
1489146045566,385,Contuctus Service,200,OK,Thread Group 1-3,text,true,,809,225,2,2,385,0,0
1489146045610,385,News English,200,OK,Thread Group 1-2,text,true,,4085,228,2,2,385,0,0
1489146045952,385,News English,200,OK,Thread Group 1-3,text,true,,4085,228,2,2,385,0,0
1489146045996,385,News Arabic,200,OK,Thread Group 1-2,text,true,,2812,228,2,2,385,0,0
1489146046337,385,News Arabic,200,OK,Thread Group 1-3,text,true,,2812,228,2,2,385,0,0
1489146046381,389,Logon API Request,200,OK,Thread Group 1-2,text,true,,437,269,2,2,389,0,2
1489146046723,386,Logon API Request,200,OK,Thread Group 1-3,text,true,,437,269,2,2,386,0,0
1489146046770,386,PrivacyPolicy Service,200,OK,Thread Group 1-2,text,true,,967,229,2,2,385,0,0
1489146047109,386,PrivacyPolicy Service,200,OK,Thread Group 1-3,text,true,,967,229,2,2,386,0,0
1489146047156,388,Contuctus Service,200,OK,Thread Group 1-2,text,true,,809,225,2,2,388,0,3
1489146047496,387,Contuctus Service,200,OK,Thread Group 1-3,text,true,,809,225,2,2,387,0,2
1489146047544,386,News English,200,OK,Thread Group 1-2,text,true,,4085,228,2,2,386,0,0
1489146047883,386,News English,200,OK,Thread Group 1-3,text,true,,4085,228,2,2,386,0,0
1489146047931,385,News Arabic,200,OK,Thread Group 1-2,text,true,,2812,228,2,2,385,0,0
1489146048269,386,News Arabic,200,OK,Thread Group 1-3,text,true,,2812,228,2,2,386,0,0
1489146048317,387,Logon API Request,200,OK,Thread Group 1-2,text,true,,437,269,2,2,387,0,0
1489146048655,390,Logon API Request,200,OK,Thread Group 1-3,text,true,,437,269,2,2,390,0,3
1489146048704,385,PrivacyPolicy Service,200,OK,Thread Group 1-2,text,true,,967,229,2,2,385,0,0
1489146049045,385,PrivacyPolicy Service,200,OK,Thread Group 1-3,text,true,,967,229,2,2,385,0,0
1489146049090,385,Contuctus Service,200,OK,Thread Group 1-2,text,true,,809,225,2,2,385,0,0
1489146049430,386,Contuctus Service,200,OK,Thread Group 1-3,text,true,,809,225,2,2,386,0,0
1489146049476,386,News English,200,OK,Thread Group 1-2,text,true,,4085,228,2,2,386,0,2
1489146049816,388,News English,200,OK,Thread Group 1-3,text,true,,4085,228,2,2,388,0,3
1489146049863,386,News Arabic,200,OK,Thread Group 1-2,text,true,,2812,228,2,2,386,0,0
1489146050204,387,News Arabic,200,OK,Thread Group 1-3,text,true,,2812,228,2,2,387,0,0
1489146050250,388,Logon API Request,200,OK,Thread Group 1-2,text,true,,437,269,2,2,388,0,2
1489146050592,387,Logon API Request,200,OK,Thread Group 1-3,text,true,,437,269,2,2,387,0,0
1489146050638,385,PrivacyPolicy Service,200,OK,Thread Group 1-2,text,true,,967,229,2,2,385,0,0
1489146050979,385,PrivacyPolicy Service,200,OK,Thread Group 1-3,text,true,,967,229,2,2,385,0,0
1489146051023,385,Contuctus Service,200,OK,Thread Group 1-2,text,true,,809,225,2,2,385,0,0
1489146051365,385,Contuctus Service,200,OK,Thread Group 1-3,text,true,,809,225,2,2,385,0,0
1489146051409,385,News English,200,OK,Thread Group 1-2,text,true,,4085,228,2,2,385,0,0
1489146051750,385,News English,200,OK,Thread Group 1-3,text,true,,4085,228,2,2,385,0,0
1489146051794,388,News Arabic,200,OK,Thread Group 1-2,text,true,,2812,228,2,2,388,0,3
1489146052135,388,News Arabic,200,OK,Thread Group 1-3,text,true,,2812,228,2,2,388,0,3
1489146052182,387,Logon API Request,200,OK,Thread Group 1-2,text,true,,437,269,2,2,387,0,0
1489146052523,390,Logon API Request,200,OK,Thread Group 1-3,text,true,,437,269,2,2,390,0,3
1489146052569,386,PrivacyPolicy Service,200,OK,Thread Group 1-2,text,true,,967,229,2,2,386,0,0
1489146052913,385,PrivacyPolicy Service,200,OK,Thread Group 1-3,text,true,,967,229,2,2,385,0,0
1489146052955,386,Contuctus Service,200,OK,Thread Group 1-2,text,true,,809,225,2,2,386,0,0
1489146053298,386,Contuctus Service,200,OK,Thread Group 1-3,text,true,,809,225,2,2,386,0,0
1489146053341,385,News English,200,OK,Thread Group 1-2,text,true,,4085,228,2,2,385,0,0
1489146053685,384,News English,200,OK,Thread Group 1-3,text,true,,4085,228,2,2,384,0,0
1489146053727,385,News Arabic,200,OK,Thread Group 1-2,text,true,,2812,228,2,2,385,0,0
1489146054070,385,News Arabic,200,OK,Thread Group 1-3,text,true,,2812,228,1,1,385,0,0
1489146054456,386,Logon API Request,200,OK,Thread Group 1-3,text,true,,437,269,2,2,386,0,0
1489146054793,388,Logon API Request,200,OK,Thread Group 1-4,text,true,,437,269,2,2,388,0,2
1489146054843,389,PrivacyPolicy Service,200,OK,Thread Group 1-3,text,true,,967,229,2,2,389,0,3
1489146055182,388,PrivacyPolicy Service,200,OK,Thread Group 1-4,text,true,,967,229,2,2,388,0,3
1489146055233,384,Contuctus Service,200,OK,Thread Group 1-3,text,true,,809,225,2,2,384,0,0
1489146055570,385,Contuctus Service,200,OK,Thread Group 1-4,text,true,,809,225,2,2,385,0,0
1489146055618,385,News English,200,OK,Thread Group 1-3,text,true,,4085,228,2,2,385,0,0
1489146055956,385,News English,200,OK,Thread Group 1-4,text,true,,4085,228,2,2,385,0,0
1489146056003,385,News Arabic,200,OK,Thread Group 1-3,text,true,,2812,228,2,2,385,0,0
1489146056342,384,News Arabic,200,OK,Thread Group 1-4,text,true,,2812,228,2,2,384,0,0
1489146056388,389,Logon API Request,200,OK,Thread Group 1-3,text,true,,437,269,2,2,389,0,2
1489146056727,387,Logon API Request,200,OK,Thread Group 1-4,text,true,,437,269,2,2,387,0,0
1489146056777,385,PrivacyPolicy Service,200,OK,Thread Group 1-3,text,true,,967,229,2,2,385,0,0
1489146057114,385,PrivacyPolicy Service,200,OK,Thread Group 1-4,text,true,,967,229,2,2,385,0,0
1489146057163,386,Contuctus Service,200,OK,Thread Group 1-3,text,true,,809,225,2,2,386,0,2
1489146057500,386,Contuctus Service,200,OK,Thread Group 1-4,text,true,,809,225,2,2,386,0,2
1489146057550,385,News English,200,OK,Thread Group 1-3,text,true,,4085,228,2,2,385,0,0
1489146057887,384,News English,200,OK,Thread Group 1-4,text,true,,4085,228,2,2,384,0,0
1489146057935,385,News Arabic,200,OK,Thread Group 1-3,text,true,,2812,228,2,2,385,0,0
1489146058272,385,News Arabic,200,OK,Thread Group 1-4,text,true,,2812,228,2,2,385,0,0
1489146058321,387,Logon API Request,200,OK,Thread Group 1-3,text,true,,437,269,2,2,387,0,0
1489146058657,390,Logon API Request,200,OK,Thread Group 1-4,text,true,,437,269,2,2,390,0,4
1489146058708,385,PrivacyPolicy Service,200,OK,Thread Group 1-3,text,true,,967,229,2,2,385,0,0
1489146059048,384,PrivacyPolicy Service,200,OK,Thread Group 1-4,text,true,,967,229,2,2,384,0,0
1489146059093,385,Contuctus Service,200,OK,Thread Group 1-3,text,true,,809,225,2,2,385,0,0
1489146059433,385,Contuctus Service,200,OK,Thread Group 1-4,text,true,,809,225,2,2,385,0,0
1489146059479,386,News English,200,OK,Thread Group 1-3,text,true,,4085,228,2,2,386,0,1
1489146059818,387,News English,200,OK,Thread Group 1-4,text,true,,4085,228,2,2,387,0,3
1489146059866,385,News Arabic,200,OK,Thread Group 1-3,text,true,,2812,228,2,2,385,0,0
1489146060210,386,News Arabic,200,OK,Thread Group 1-4,text,true,,2812,228,2,2,386,0,0
1489146060252,388,Logon API Request,200,OK,Thread Group 1-3,text,true,,437,269,2,2,388,0,2
1489146060597,387,Logon API Request,200,OK,Thread Group 1-4,text,true,,437,269,2,2,387,0,0
1489146060640,385,PrivacyPolicy Service,200,OK,Thread Group 1-3,text,true,,967,229,2,2,385,0,0
1489146060984,385,PrivacyPolicy Service,200,OK,Thread Group 1-4,text,true,,967,229,2,2,385,0,0
1489146061025,386,Contuctus Service,200,OK,Thread Group 1-3,text,true,,809,225,2,2,386,0,0
1489146061369,385,Contuctus Service,200,OK,Thread Group 1-4,text,true,,809,225,2,2,385,0,0
1489146061411,386,News English,200,OK,Thread Group 1-3,text,true,,4085,228,2,2,386,0,0
1489146061755,385,News English,200,OK,Thread Group 1-4,text,true,,4085,228,2,2,385,0,0
1489146061797,387,News Arabic,200,OK,Thread Group 1-3,text,true,,2812,228,2,2,387,0,2
1489146062140,387,News Arabic,200,OK,Thread Group 1-4,text,true,,2812,228,2,2,387,0,2
1489146062185,386,Logon API Request,200,OK,Thread Group 1-3,text,true,,437,269,2,2,386,0,0
1489146062527,390,Logon API Request,200,OK,Thread Group 1-4,text,true,,437,269,2,2,390,0,3
1489146062572,384,PrivacyPolicy Service,200,OK,Thread Group 1-3,text,true,,967,229,2,2,384,0,0
1489146062917,385,PrivacyPolicy Service,200,OK,Thread Group 1-4,text,true,,967,229,2,2,385,0,0
1489146062957,385,Contuctus Service,200,OK,Thread Group 1-3,text,true,,809,225,2,2,384,0,0
1489146063303,385,Contuctus Service,200,OK,Thread Group 1-4,text,true,,809,225,2,2,385,0,0
1489146063342,385,News English,200,OK,Thread Group 1-3,text,true,,4085,228,2,2,385,0,0
1489146063688,385,News English,200,OK,Thread Group 1-4,text,true,,4085,228,2,2,385,0,0
1489146063727,385,News Arabic,200,OK,Thread Group 1-3,text,true,,2812,228,2,2,385,0,0
1489146064074,385,News Arabic,200,OK,Thread Group 1-4,text,true,,2812,228,1,1,385,0,0
1489146064460,387,Logon API Request,200,OK,Thread Group 1-4,text,true,,437,269,2,2,387,0,0
1489146064797,389,Logon API Request,200,OK,Thread Group 1-5,text,true,,437,269,2,2,389,0,3
1489146064847,388,PrivacyPolicy Service,200,OK,Thread Group 1-4,text,true,,967,229,2,2,388,0,3
1489146065186,388,PrivacyPolicy Service,200,OK,Thread Group 1-5,text,true,,967,229,2,2,388,0,3
1489146065235,386,Contuctus Service,200,OK,Thread Group 1-4,text,true,,809,225,2,2,385,0,0
1489146065574,386,Contuctus Service,200,OK,Thread Group 1-5,text,true,,809,225,2,2,386,0,0
1489146065621,385,News English,200,OK,Thread Group 1-4,text,true,,4085,228,2,2,384,0,0
1489146065961,386,News English,200,OK,Thread Group 1-5,text,true,,4085,228,2,2,386,0,0
1489146066006,385,News Arabic,200,OK,Thread Group 1-4,text,true,,2812,228,2,2,385,0,0
1489146066348,385,News Arabic,200,OK,Thread Group 1-5,text,true,,2812,228,2,2,385,0,0
1489146066392,389,Logon API Request,200,OK,Thread Group 1-4,text,true,,437,269,2,2,389,0,2
1489146066733,387,Logon API Request,200,OK,Thread Group 1-5,text,true,,437,269,2,2,387,0,0
1489146066781,385,PrivacyPolicy Service,200,OK,Thread Group 1-4,text,true,,967,229,2,2,385,0,0
1489146067120,386,PrivacyPolicy Service,200,OK,Thread Group 1-5,text,true,,967,229,2,2,386,0,0
1489146067166,387,Contuctus Service,200,OK,Thread Group 1-4,text,true,,809,225,2,2,387,0,2
1489146067507,387,Contuctus Service,200,OK,Thread Group 1-5,text,true,,809,225,2,2,387,0,2
1489146067554,385,News English,200,OK,Thread Group 1-4,text,true,,4085,228,2,2,385,0,0
1489146067895,384,News English,200,OK,Thread Group 1-5,text,true,,4085,228,2,2,384,0,0
1489146067939,385,News Arabic,200,OK,Thread Group 1-4,text,true,,2812,228,2,2,384,0,0
1489146068280,385,News Arabic,200,OK,Thread Group 1-5,text,true,,2812,228,2,2,385,0,0
1489146068324,387,Logon API Request,200,OK,Thread Group 1-4,text,true,,437,269,2,2,387,0,0
1489146068666,388,Logon API Request,200,OK,Thread Group 1-5,text,true,,437,269,2,2,388,0,2
1489146068711,385,PrivacyPolicy Service,200,OK,Thread Group 1-4,text,true,,967,229,2,2,385,0,0
1489146069055,384,PrivacyPolicy Service,200,OK,Thread Group 1-5,text,true,,967,229,2,2,384,0,0
1489146069097,385,Contuctus Service,200,OK,Thread Group 1-4,text,true,,809,225,2,2,385,0,0
1489146069440,384,Contuctus Service,200,OK,Thread Group 1-5,text,true,,809,225,2,2,384,0,0
1489146069482,387,News English,200,OK,Thread Group 1-4,text,true,,4085,228,2,2,387,0,3
1489146069825,387,News English,200,OK,Thread Group 1-5,text,true,,4085,228,2,2,387,0,2
1489146069869,385,News Arabic,200,OK,Thread Group 1-4,text,true,,2812,228,2,2,385,0,0
1489146070211,385,News Arabic,200,OK,Thread Group 1-5,text,true,,2812,228,2,2,385,0,0
1489146070254,389,Logon API Request,200,OK,Thread Group 1-4,text,true,,437,269,2,2,389,0,3
1489146070596,387,Logon API Request,200,OK,Thread Group 1-5,text,true,,437,269,2,2,387,0,0
1489146070644,385,PrivacyPolicy Service,200,OK,Thread Group 1-4,text,true,,967,229,2,2,384,0,0
1489146070983,385,PrivacyPolicy Service,200,OK,Thread Group 1-5,text,true,,967,229,2,2,385,0,0
1489146071029,386,Contuctus Service,200,OK,Thread Group 1-4,text,true,,809,225,2,2,385,0,0
1489146071369,385,Contuctus Service,200,OK,Thread Group 1-5,text,true,,809,225,2,2,385,0,0
1489146071415,385,News English,200,OK,Thread Group 1-4,text,true,,4085,228,2,2,384,0,0
1489146071754,386,News English,200,OK,Thread Group 1-5,text,true,,4085,228,2,2,386,0,0
1489146071800,387,News Arabic,200,OK,Thread Group 1-4,text,true,,2812,228,2,2,387,0,2
1489146072140,387,News Arabic,200,OK,Thread Group 1-5,text,true,,2812,228,2,2,387,0,3
1489146072188,387,Logon API Request,200,OK,Thread Group 1-4,text,true,,437,269,2,2,387,0,0
1489146072527,389,Logon API Request,200,OK,Thread Group 1-5,text,true,,437,269,2,2,389,0,2
1489146072575,385,PrivacyPolicy Service,200,OK,Thread Group 1-4,text,true,,967,229,2,2,385,0,0
1489146072917,384,PrivacyPolicy Service,200,OK,Thread Group 1-5,text,true,,967,229,2,2,384,0,0
1489146072960,386,Contuctus Service,200,OK,Thread Group 1-4,text,true,,809,225,2,2,386,0,0
1489146073302,385,Contuctus Service,200,OK,Thread Group 1-5,text,true,,809,225,2,2,385,0,0
1489146073346,386,News English,200,OK,Thread Group 1-4,text,true,,4085,228,2,2,386,0,0
1489146073688,385,News English,200,OK,Thread Group 1-5,text,true,,4085,228,2,2,385,0,0
1489146073733,384,News Arabic,200,OK,Thread Group 1-4,text,true,,2812,228,2,2,384,0,0
1489146074073,385,News Arabic,200,OK,Thread Group 1-5,text,true,,2812,228,1,1,385,0,0
1489146074459,387,Logon API Request,200,OK,Thread Group 1-5,text,true,,437,269,2,2,387,0,0
1489146074796,390,Logon API Request,200,OK,Thread Group 1-6,text,true,,437,269,2,2,390,0,2
1489146074847,387,PrivacyPolicy Service,200,OK,Thread Group 1-5,text,true,,967,229,2,2,387,0,2
1489146075186,387,PrivacyPolicy Service,200,OK,Thread Group 1-6,text,true,,967,229,2,2,387,0,3
1489146075234,385,Contuctus Service,200,OK,Thread Group 1-5,text,true,,809,225,2,2,385,0,0
1489146075573,385,Contuctus Service,200,OK,Thread Group 1-6,text,true,,809,225,2,2,385,0,0
1489146075619,384,News English,200,OK,Thread Group 1-5,text,true,,4085,228,2,2,384,0,0
1489146075958,385,News English,200,OK,Thread Group 1-6,text,true,,4085,228,2,2,385,0,0
1489146076004,385,News Arabic,200,OK,Thread Group 1-5,text,true,,2812,228,2,2,385,0,0
1489146076344,385,News Arabic,200,OK,Thread Group 1-6,text,true,,2812,228,2,2,385,0,0
1489146076389,389,Logon API Request,200,OK,Thread Group 1-5,text,true,,437,269,2,2,389,0,2
1489146076730,387,Logon API Request,200,OK,Thread Group 1-6,text,true,,437,269,2,2,387,0,0
1489146076778,385,PrivacyPolicy Service,200,OK,Thread Group 1-5,text,true,,967,229,2,2,385,0,0
1489146077117,385,PrivacyPolicy Service,200,OK,Thread Group 1-6,text,true,,967,229,2,2,385,0,0
1489146077163,387,Contuctus Service,200,OK,Thread Group 1-5,text,true,,809,225,2,2,387,0,3
1489146077503,387,Contuctus Service,200,OK,Thread Group 1-6,text,true,,809,225,2,2,387,0,2
1489146077551,384,News English,200,OK,Thread Group 1-5,text,true,,4085,228,2,2,384,0,0
1489146077890,386,News English,200,OK,Thread Group 1-6,text,true,,4085,228,2,2,386,0,0
1489146077936,385,News Arabic,200,OK,Thread Group 1-5,text,true,,2812,228,2,2,385,0,0
1489146078276,385,News Arabic,200,OK,Thread Group 1-6,text,true,,2812,228,2,2,385,0,0
1489146078321,386,Logon API Request,200,OK,Thread Group 1-5,text,true,,437,269,2,2,386,0,0
1489146078662,388,Logon API Request,200,OK,Thread Group 1-6,text,true,,437,269,2,2,388,0,2
1489146078708,384,PrivacyPolicy Service,200,OK,Thread Group 1-5,text,true,,967,229,2,2,384,0,0
1489146079051,385,PrivacyPolicy Service,200,OK,Thread Group 1-6,text,true,,967,229,2,2,385,0,0
1489146079093,385,Contuctus Service,200,OK,Thread Group 1-5,text,true,,809,225,2,2,385,0,0
1489146079436,385,Contuctus Service,200,OK,Thread Group 1-6,text,true,,809,225,2,2,385,0,0
1489146079479,387,News English,200,OK,Thread Group 1-5,text,true,,4085,228,2,2,387,0,2
1489146079822,387,News English,200,OK,Thread Group 1-6,text,true,,4085,228,2,2,386,0,2
1489146079866,385,News Arabic,200,OK,Thread Group 1-5,text,true,,2812,228,2,2,385,0,0
1489146080209,385,News Arabic,200,OK,Thread Group 1-6,text,true,,2812,228,2,2,385,0,0
1489146080252,390,Logon API Request,200,OK,Thread Group 1-5,text,true,,437,269,2,2,390,0,2
1489146080594,388,Logon API Request,200,OK,Thread Group 1-6,text,true,,437,269,2,2,388,0,0
1489146080642,385,PrivacyPolicy Service,200,OK,Thread Group 1-5,text,true,,967,229,2,2,385,0,0
1489146080982,385,PrivacyPolicy Service,200,OK,Thread Group 1-6,text,true,,967,229,2,2,385,0,0
1489146081027,385,Contuctus Service,200,OK,Thread Group 1-5,text,true,,809,225,2,2,385,0,0
1489146081368,384,Contuctus Service,200,OK,Thread Group 1-6,text,true,,809,225,2,2,384,0,0
1489146081412,385,News English,200,OK,Thread Group 1-5,text,true,,4085,228,2,2,385,0,0
1489146081753,385,News English,200,OK,Thread Group 1-6,text,true,,4085,228,2,2,385,0,0
1489146081797,388,News Arabic,200,OK,Thread Group 1-5,text,true,,2812,228,2,2,388,0,3
1489146082139,386,News Arabic,200,OK,Thread Group 1-6,text,true,,2812,228,2,2,386,0,2
1489146082185,387,Logon API Request,200,OK,Thread Group 1-5,text,true,,437,269,2,2,387,0,0
1489146082526,388,Logon API Request,200,OK,Thread Group 1-6,text,true,,437,269,2,2,388,0,2
1489146082573,385,PrivacyPolicy Service,200,OK,Thread Group 1-5,text,true,,967,229,2,2,385,0,0
1489146082915,385,PrivacyPolicy Service,200,OK,Thread Group 1-6,text,true,,967,229,2,2,385,0,0
1489146082959,384,Contuctus Service,200,OK,Thread Group 1-5,text,true,,809,225,2,2,384,0,0
1489146083301,386,Contuctus Service,200,OK,Thread Group 1-6,text,true,,809,225,2,2,386,0,0
1489146083343,385,News English,200,OK,Thread Group 1-5,text,true,,4085,228,2,2,385,0,0
1489146083687,387,News English,200,OK,Thread Group 1-6,text,true,,4085,228,2,2,386,0,0
1489146083728,386,News Arabic,200,OK,Thread Group 1-5,text,true,,2812,228,2,2,386,0,0
1489146084074,385,News Arabic,200,OK,Thread Group 1-6,text,true,,2812,228,1,1,385,0,0
1489146084460,386,Logon API Request,200,OK,Thread Group 1-6,text,true,,437,269,2,2,386,0,0
1489146084796,389,Logon API Request,200,OK,Thread Group 1-7,text,true,,437,269,2,2,389,0,2
1489146084847,386,PrivacyPolicy Service,200,OK,Thread Group 1-6,text,true,,967,229,2,2,386,0,2
1489146085185,387,PrivacyPolicy Service,200,OK,Thread Group 1-7,text,true,,967,229,2,2,387,0,2
1489146085234,385,Contuctus Service,200,OK,Thread Group 1-6,text,true,,809,225,2,2,385,0,0
1489146085572,386,Contuctus Service,200,OK,Thread Group 1-7,text,true,,809,225,2,2,386,0,0
1489146085619,384,News English,200,OK,Thread Group 1-6,text,true,,4085,228,2,2,384,0,0
1489146085959,385,News English,200,OK,Thread Group 1-7,text,true,,4085,228,2,2,385,0,0
1489146086003,385,News Arabic,200,OK,Thread Group 1-6,text,true,,2812,228,2,2,385,0,0
1489146086345,384,News Arabic,200,OK,Thread Group 1-7,text,true,,2812,228,2,2,384,0,0
1489146086388,389,Logon API Request,200,OK,Thread Group 1-6,text,true,,437,269,2,2,389,0,2
1489146086730,387,Logon API Request,200,OK,Thread Group 1-7,text,true,,437,269,2,2,387,0,0
1489146086778,385,PrivacyPolicy Service,200,OK,Thread Group 1-6,text,true,,967,229,2,2,385,0,0
1489146087117,385,PrivacyPolicy Service,200,OK,Thread Group 1-7,text,true,,967,229,2,2,385,0,0
1489146087163,387,Contuctus Service,200,OK,Thread Group 1-6,text,true,,809,225,2,2,387,0,3
1489146087503,388,Contuctus Service,200,OK,Thread Group 1-7,text,true,,809,225,2,2,388,0,2
1489146087550,386,News English,200,OK,Thread Group 1-6,text,true,,4085,228,2,2,386,0,0
1489146087891,385,News English,200,OK,Thread Group 1-7,text,true,,4085,228,2,2,385,0,0
1489146087936,387,News Arabic,200,OK,Thread Group 1-6,text,true,,2812,228,2,2,387,0,0
1489146088276,385,News Arabic,200,OK,Thread Group 1-7,text,true,,2812,228,2,2,385,0,0
1489146088323,388,Logon API Request,200,OK,Thread Group 1-6,text,true,,437,269,2,2,388,0,0
1489146088662,389,Logon API Request,200,OK,Thread Group 1-7,text,true,,437,269,2,2,389,0,2
1489146088711,385,PrivacyPolicy Service,200,OK,Thread Group 1-6,text,true,,967,229,2,2,385,0,0
1489146089052,386,PrivacyPolicy Service,200,OK,Thread Group 1-7,text,true,,967,229,2,2,386,0,0
1489146089097,385,Contuctus Service,200,OK,Thread Group 1-6,text,true,,809,225,2,2,385,0,0
1489146089438,385,Contuctus Service,200,OK,Thread Group 1-7,text,true,,809,225,2,2,385,0,0
1489146089482,387,News English,200,OK,Thread Group 1-6,text,true,,4085,228,2,2,387,0,3
1489146089823,389,News English,200,OK,Thread Group 1-7,text,true,,4085,228,2,2,389,0,4
1489146089870,385,News Arabic,200,OK,Thread Group 1-6,text,true,,2812,228,2,2,385,0,0
1489146090217,384,News Arabic,200,OK,Thread Group 1-7,text,true,,2812,228,2,2,384,0,0
1489146090256,388,Logon API Request,200,OK,Thread Group 1-6,text,true,,437,269,2,2,388,0,2
1489146090601,388,Logon API Request,200,OK,Thread Group 1-7,text,true,,437,269,2,2,388,0,0
1489146090645,385,PrivacyPolicy Service,200,OK,Thread Group 1-6,text,true,,967,229,2,2,384,0,0
1489146090989,385,PrivacyPolicy Service,200,OK,Thread Group 1-7,text,true,,967,229,2,2,385,0,0
1489146091030,385,Contuctus Service,200,OK,Thread Group 1-6,text,true,,809,225,2,2,385,0,0
1489146091375,386,Contuctus Service,200,OK,Thread Group 1-7,text,true,,809,225,2,2,386,0,0
1489146091415,385,News English,200,OK,Thread Group 1-6,text,true,,4085,228,2,2,385,0,0
1489146091761,385,News English,200,OK,Thread Group 1-7,text,true,,4085,228,2,2,385,0,0
1489146091801,387,News Arabic,200,OK,Thread Group 1-6,text,true,,2812,228,2,2,387,0,2
1489146092146,388,News Arabic,200,OK,Thread Group 1-7,text,true,,2812,228,2,2,388,0,3
1489146092188,387,Logon API Request,200,OK,Thread Group 1-6,text,true,,437,269,2,2,387,0,0
1489146092534,390,Logon API Request,200,OK,Thread Group 1-7,text,true,,437,269,2,2,390,0,2
1489146092575,385,PrivacyPolicy Service,200,OK,Thread Group 1-6,text,true,,967,229,2,2,385,0,0
1489146092924,385,PrivacyPolicy Service,200,OK,Thread Group 1-7,text,true,,967,229,2,2,385,0,0
1489146092960,386,Contuctus Service,200,OK,Thread Group 1-6,text,true,,809,225,2,2,386,0,0
1489146093309,386,Contuctus Service,200,OK,Thread Group 1-7,text,true,,809,225,2,2,386,0,0
1489146093346,385,News English,200,OK,Thread Group 1-6,text,true,,4085,228,2,2,385,0,0
1489146093695,385,News English,200,OK,Thread Group 1-7,text,true,,4085,228,2,2,385,0,0
1489146093732,385,News Arabic,200,OK,Thread Group 1-6,text,true,,2812,228,2,2,385,0,0
1489146094080,386,News Arabic,200,OK,Thread Group 1-7,text,true,,2812,228,1,1,386,0,0
1489146094466,387,Logon API Request,200,OK,Thread Group 1-7,text,true,,437,269,2,2,387,0,0
1489146094795,389,Logon API Request,200,OK,Thread Group 1-8,text,true,,437,269,2,2,389,0,2
1489146094853,388,PrivacyPolicy Service,200,OK,Thread Group 1-7,text,true,,967,229,2,2,388,0,3
1489146095184,388,PrivacyPolicy Service,200,OK,Thread Group 1-8,text,true,,967,229,2,2,388,0,3
1489146095241,385,Contuctus Service,200,OK,Thread Group 1-7,text,true,,809,225,2,2,385,0,0
1489146095572,385,Contuctus Service,200,OK,Thread Group 1-8,text,true,,809,225,2,2,385,0,0
1489146095626,385,News English,200,OK,Thread Group 1-7,text,true,,4085,228,2,2,385,0,0
1489146095957,385,News English,200,OK,Thread Group 1-8,text,true,,4085,228,2,2,385,0,0
1489146096012,385,News Arabic,200,OK,Thread Group 1-7,text,true,,2812,228,2,2,385,0,0
1489146096343,385,News Arabic,200,OK,Thread Group 1-8,text,true,,2812,228,2,2,385,0,0
1489146096398,388,Logon API Request,200,OK,Thread Group 1-7,text,true,,437,269,2,2,388,0,2
1489146096729,388,Logon API Request,200,OK,Thread Group 1-8,text,true,,437,269,2,2,388,0,0
1489146096787,385,PrivacyPolicy Service,200,OK,Thread Group 1-7,text,true,,967,229,2,2,384,0,0
1489146097117,385,PrivacyPolicy Service,200,OK,Thread Group 1-8,text,true,,967,229,2,2,385,0,0
1489146097172,387,Contuctus Service,200,OK,Thread Group 1-7,text,true,,809,225,2,2,387,0,2
1489146097503,387,Contuctus Service,200,OK,Thread Group 1-8,text,true,,809,225,2,2,387,0,2
1489146097560,385,News English,200,OK,Thread Group 1-7,text,true,,4085,228,2,2,385,0,0
1489146097890,386,News English,200,OK,Thread Group 1-8,text,true,,4085,228,2,2,386,0,0
1489146097945,385,News Arabic,200,OK,Thread Group 1-7,text,true,,2812,228,2,2,385,0,0
1489146098276,385,News Arabic,200,OK,Thread Group 1-8,text,true,,2812,228,2,2,385,0,0
1489146098330,387,Logon API Request,200,OK,Thread Group 1-7,text,true,,437,269,2,2,387,0,0
1489146098661,389,Logon API Request,200,OK,Thread Group 1-8,text,true,,437,269,2,2,389,0,2
1489146098718,384,PrivacyPolicy Service,200,OK,Thread Group 1-7,text,true,,967,229,2,2,384,0,0
1489146099051,385,PrivacyPolicy Service,200,OK,Thread Group 1-8,text,true,,967,229,2,2,385,0,0
1489146099103,386,Contuctus Service,200,OK,Thread Group 1-7,text,true,,809,225,2,2,386,0,0
1489146099437,384,Contuctus Service,200,OK,Thread Group 1-8,text,true,,809,225,2,2,384,0,0
1489146099490,387,News English,200,OK,Thread Group 1-7,text,true,,4085,228,2,2,387,0,2
1489146099822,387,News English,200,OK,Thread Group 1-8,text,true,,4085,228,2,2,386,0,2
1489146099877,386,News Arabic,200,OK,Thread Group 1-7,text,true,,2812,228,2,2,386,0,0
1489146100209,385,News Arabic,200,OK,Thread Group 1-8,text,true,,2812,228,2,2,385,0,0
1489146100263,389,Logon API Request,200,OK,Thread Group 1-7,text,true,,437,269,2,2,389,0,2
1489146100594,387,Logon API Request,200,OK,Thread Group 1-8,text,true,,437,269,2,2,387,0,0
1489146100652,386,PrivacyPolicy Service,200,OK,Thread Group 1-7,text,true,,967,229,2,2,386,0,0
1489146100982,385,PrivacyPolicy Service,200,OK,Thread Group 1-8,text,true,,967,229,2,2,385,0,0
1489146101039,385,Contuctus Service,200,OK,Thread Group 1-7,text,true,,809,225,2,2,384,0,0
1489146101368,384,Contuctus Service,200,OK,Thread Group 1-8,text,true,,809,225,2,2,384,0,0
1489146101424,385,News English,200,OK,Thread Group 1-7,text,true,,4085,228,2,2,385,0,0
1489146101753,384,News English,200,OK,Thread Group 1-8,text,true,,4085,228,2,2,384,0,0
1489146101809,387,News Arabic,200,OK,Thread Group 1-7,text,true,,2812,228,2,2,387,0,2
1489146102138,387,News Arabic,200,OK,Thread Group 1-8,text,true,,2812,228,2,2,387,0,2
1489146102197,387,Logon API Request,200,OK,Thread Group 1-7,text,true,,437,269,2,2,387,0,0
1489146102526,389,Logon API Request,200,OK,Thread Group 1-8,text,true,,437,269,2,2,389,0,2
1489146102584,385,PrivacyPolicy Service,200,OK,Thread Group 1-7,text,true,,967,229,2,2,385,0,0
1489146102915,385,PrivacyPolicy Service,200,OK,Thread Group 1-8,text,true,,967,229,2,2,385,0,0
1489146102970,385,Contuctus Service,200,OK,Thread Group 1-7,text,true,,809,225,2,2,385,0,0
1489146103300,386,Contuctus Service,200,OK,Thread Group 1-8,text,true,,809,225,2,2,386,0,0
1489146103355,385,News English,200,OK,Thread Group 1-7,text,true,,4085,228,2,2,385,0,0
1489146103686,385,News English,200,OK,Thread Group 1-8,text,true,,4085,228,2,2,385,0,0
1489146103741,385,News Arabic,200,OK,Thread Group 1-7,text,true,,2812,228,2,2,385,0,0
1489146104072,384,News Arabic,200,OK,Thread Group 1-8,text,true,,2812,228,1,1,384,0,0
1489146104457,386,Logon API Request,200,OK,Thread Group 1-8,text,true,,437,269,2,2,386,0,0
1489146104796,389,Logon API Request,200,OK,Thread Group 1-9,text,true,,437,269,2,2,388,0,2
1489146104844,386,PrivacyPolicy Service,200,OK,Thread Group 1-8,text,true,,967,229,2,2,386,0,2
1489146105185,387,PrivacyPolicy Service,200,OK,Thread Group 1-9,text,true,,967,229,2,2,387,0,2
1489146105231,385,Contuctus Service,200,OK,Thread Group 1-8,text,true,,809,225,2,2,385,0,0
1489146105572,385,Contuctus Service,200,OK,Thread Group 1-9,text,true,,809,225,2,2,385,0,0
1489146105616,386,News English,200,OK,Thread Group 1-8,text,true,,4085,228,2,2,386,0,0
1489146105957,385,News English,200,OK,Thread Group 1-9,text,true,,4085,228,2,2,385,0,0
1489146106002,385,News Arabic,200,OK,Thread Group 1-8,text,true,,2812,228,2,2,385,0,0
1489146106343,385,News Arabic,200,OK,Thread Group 1-9,text,true,,2812,228,2,2,385,0,0
1489146106388,389,Logon API Request,200,OK,Thread Group 1-8,text,true,,437,269,2,2,389,0,2
1489146106728,387,Logon API Request,200,OK,Thread Group 1-9,text,true,,437,269,2,2,387,0,0
1489146106777,385,PrivacyPolicy Service,200,OK,Thread Group 1-8,text,true,,967,229,2,2,385,0,0
1489146107115,386,PrivacyPolicy Service,200,OK,Thread Group 1-9,text,true,,967,229,2,2,386,0,0
1489146107162,387,Contuctus Service,200,OK,Thread Group 1-8,text,true,,809,225,2,2,387,0,3
1489146107501,387,Contuctus Service,200,OK,Thread Group 1-9,text,true,,809,225,2,2,387,0,2
1489146107550,385,News English,200,OK,Thread Group 1-8,text,true,,4085,228,2,2,385,0,0
1489146107888,386,News English,200,OK,Thread Group 1-9,text,true,,4085,228,2,2,386,0,0
1489146107935,385,News Arabic,200,OK,Thread Group 1-8,text,true,,2812,228,2,2,385,0,0
1489146108274,386,News Arabic,200,OK,Thread Group 1-9,text,true,,2812,228,2,2,385,0,0
1489146108320,388,Logon API Request,200,OK,Thread Group 1-8,text,true,,437,269,2,2,388,0,0
1489146108660,389,Logon API Request,200,OK,Thread Group 1-9,text,true,,437,269,2,2,389,0,2
1489146108708,385,PrivacyPolicy Service,200,OK,Thread Group 1-8,text,true,,967,229,2,2,385,0,0
1489146109049,385,PrivacyPolicy Service,200,OK,Thread Group 1-9,text,true,,967,229,2,2,385,0,0
1489146109094,385,Contuctus Service,200,OK,Thread Group 1-8,text,true,,809,225,2,2,385,0,0
1489146109434,386,Contuctus Service,200,OK,Thread Group 1-9,text,true,,809,225,2,2,386,0,0
1489146109480,387,News English,200,OK,Thread Group 1-8,text,true,,4085,228,2,2,387,0,2
1489146109820,387,News English,200,OK,Thread Group 1-9,text,true,,4085,228,2,2,387,0,2
1489146109868,385,News Arabic,200,OK,Thread Group 1-8,text,true,,2812,228,2,2,385,0,0
1489146110206,385,News Arabic,200,OK,Thread Group 1-9,text,true,,2812,228,2,2,385,0,0
1489146110253,389,Logon API Request,200,OK,Thread Group 1-8,text,true,,437,269,2,2,389,0,2
1489146110591,387,Logon API Request,200,OK,Thread Group 1-9,text,true,,437,269,2,2,387,0,0
1489146110643,384,PrivacyPolicy Service,200,OK,Thread Group 1-8,text,true,,967,229,2,2,384,0,0
1489146110979,386,PrivacyPolicy Service,200,OK,Thread Group 1-9,text,true,,967,229,2,2,385,0,0
1489146111028,386,Contuctus Service,200,OK,Thread Group 1-8,text,true,,809,225,2,2,386,0,0
1489146111365,385,Contuctus Service,200,OK,Thread Group 1-9,text,true,,809,225,2,2,385,0,0
1489146111414,385,News English,200,OK,Thread Group 1-8,text,true,,4085,228,2,2,385,0,0
1489146111750,385,News English,200,OK,Thread Group 1-9,text,true,,4085,228,2,2,385,0,0
1489146111799,387,News Arabic,200,OK,Thread Group 1-8,text,true,,2812,228,2,2,387,0,2
1489146112135,388,News Arabic,200,OK,Thread Group 1-9,text,true,,2812,228,2,2,388,0,3
1489146112186,387,Logon API Request,200,OK,Thread Group 1-8,text,true,,437,269,2,2,387,0,0
1489146112523,389,Logon API Request,200,OK,Thread Group 1-9,text,true,,437,269,2,2,389,0,2
1489146112574,384,PrivacyPolicy Service,200,OK,Thread Group 1-8,text,true,,967,229,2,2,384,0,0
1489146112912,385,PrivacyPolicy Service,200,OK,Thread Group 1-9,text,true,,967,229,2,2,385,0,0
1489146112959,384,Contuctus Service,200,OK,Thread Group 1-8,text,true,,809,225,2,2,384,0,0
1489146113297,386,Contuctus Service,200,OK,Thread Group 1-9,text,true,,809,225,2,2,386,0,0
1489146113344,385,News English,200,OK,Thread Group 1-8,text,true,,4085,228,2,2,385,0,0
1489146113683,385,News English,200,OK,Thread Group 1-9,text,true,,4085,228,2,2,385,0,0
1489146113729,386,News Arabic,200,OK,Thread Group 1-8,text,true,,2812,228,2,2,386,0,0
1489146114069,385,News Arabic,200,OK,Thread Group 1-9,text,true,,2812,228,1,1,385,0,0
1489146114454,388,Logon API Request,200,OK,Thread Group 1-9,text,true,,437,269,2,2,388,0,0
1489146114795,388,Logon API Request,200,OK,Thread Group 1-10,text,true,,437,269,2,2,388,0,2
1489146114842,388,PrivacyPolicy Service,200,OK,Thread Group 1-9,text,true,,967,229,2,2,388,0,2
1489146115184,388,PrivacyPolicy Service,200,OK,Thread Group 1-10,text,true,,967,229,2,2,388,0,3
1489146115230,386,Contuctus Service,200,OK,Thread Group 1-9,text,true,,809,225,2,2,386,0,0
1489146115572,386,Contuctus Service,200,OK,Thread Group 1-10,text,true,,809,225,2,2,386,0,0
1489146115617,385,News English,200,OK,Thread Group 1-9,text,true,,4085,228,2,2,385,0,0
1489146115958,385,News English,200,OK,Thread Group 1-10,text,true,,4085,228,2,2,385,0,0
1489146116003,384,News Arabic,200,OK,Thread Group 1-9,text,true,,2812,228,2,2,384,0,0
1489146116343,385,News Arabic,200,OK,Thread Group 1-10,text,true,,2812,228,2,2,385,0,0
1489146116387,389,Logon API Request,200,OK,Thread Group 1-9,text,true,,437,269,2,2,389,0,3
1489146116728,388,Logon API Request,200,OK,Thread Group 1-10,text,true,,437,269,2,2,388,0,0
1489146116776,384,PrivacyPolicy Service,200,OK,Thread Group 1-9,text,true,,967,229,2,2,384,0,0
1489146117116,385,PrivacyPolicy Service,200,OK,Thread Group 1-10,text,true,,967,229,2,2,385,0,0
1489146117161,386,Contuctus Service,200,OK,Thread Group 1-9,text,true,,809,225,2,2,386,0,2
1489146117501,388,Contuctus Service,200,OK,Thread Group 1-10,text,true,,809,225,2,2,388,0,3
1489146117548,385,News English,200,OK,Thread Group 1-9,text,true,,4085,228,2,2,385,0,0
1489146117890,385,News English,200,OK,Thread Group 1-10,text,true,,4085,228,2,2,384,0,0
1489146117933,385,News Arabic,200,OK,Thread Group 1-9,text,true,,2812,228,2,2,385,0,0
1489146118275,386,News Arabic,200,OK,Thread Group 1-10,text,true,,2812,228,2,2,386,0,0
1489146118318,386,Logon API Request,200,OK,Thread Group 1-9,text,true,,437,269,2,2,386,0,0
1489146118661,390,Logon API Request,200,OK,Thread Group 1-10,text,true,,437,269,2,2,390,0,3
1489146118704,385,PrivacyPolicy Service,200,OK,Thread Group 1-9,text,true,,967,229,2,2,385,0,0
1489146119051,385,PrivacyPolicy Service,200,OK,Thread Group 1-10,text,true,,967,229,2,2,385,0,0
1489146119090,385,Contuctus Service,200,OK,Thread Group 1-9,text,true,,809,225,2,2,385,0,0
1489146119437,385,Contuctus Service,200,OK,Thread Group 1-10,text,true,,809,225,2,2,385,0,0
1489146119475,388,News English,200,OK,Thread Group 1-9,text,true,,4085,228,2,2,388,0,4
1489146119823,387,News English,200,OK,Thread Group 1-10,text,true,,4085,228,2,2,387,0,2
1489146119863,385,News Arabic,200,OK,Thread Group 1-9,text,true,,2812,228,2,2,385,0,0
1489146120215,385,News Arabic,200,OK,Thread Group 1-10,text,true,,2812,228,2,2,385,0,0
1489146120249,390,Logon API Request,200,OK,Thread Group 1-9,text,true,,437,269,2,2,390,0,2
1489146120600,388,Logon API Request,200,OK,Thread Group 1-10,text,true,,437,269,2,2,388,0,0
1489146120639,384,PrivacyPolicy Service,200,OK,Thread Group 1-9,text,true,,967,229,2,2,384,0,0
1489146120988,386,PrivacyPolicy Service,200,OK,Thread Group 1-10,text,true,,967,229,2,2,386,0,0
1489146121023,385,Contuctus Service,200,OK,Thread Group 1-9,text,true,,809,225,2,2,385,0,0
1489146121374,385,Contuctus Service,200,OK,Thread Group 1-10,text,true,,809,225,2,2,385,0,0
1489146121408,386,News English,200,OK,Thread Group 1-9,text,true,,4085,228,2,2,386,0,0
1489146121759,385,News English,200,OK,Thread Group 1-10,text,true,,4085,228,2,2,385,0,0
1489146121794,387,News Arabic,200,OK,Thread Group 1-9,text,true,,2812,228,2,2,387,0,2
1489146122144,386,News Arabic,200,OK,Thread Group 1-10,text,true,,2812,228,2,2,386,0,2
1489146122181,388,Logon API Request,200,OK,Thread Group 1-9,text,true,,437,269,2,2,388,0,0
1489146122530,389,Logon API Request,200,OK,Thread Group 1-10,text,true,,437,269,2,2,389,0,2
1489146122569,385,PrivacyPolicy Service,200,OK,Thread Group 1-9,text,true,,967,229,2,2,385,0,0
1489146122919,385,PrivacyPolicy Service,200,OK,Thread Group 1-10,text,true,,967,229,2,2,385,0,0
1489146122955,385,Contuctus Service,200,OK,Thread Group 1-9,text,true,,809,225,2,2,385,0,0
1489146123305,385,Contuctus Service,200,OK,Thread Group 1-10,text,true,,809,225,2,2,385,0,0
1489146123340,386,News English,200,OK,Thread Group 1-9,text,true,,4085,228,2,2,386,0,0
1489146123690,386,News English,200,OK,Thread Group 1-10,text,true,,4085,228,2,2,386,0,0
1489146123727,384,News Arabic,200,OK,Thread Group 1-9,text,true,,2812,228,2,2,384,0,0
1489146124076,385,News Arabic,200,OK,Thread Group 1-10,text,true,,2812,228,1,1,385,0,0
1489146124461,387,Logon API Request,200,OK,Thread Group 1-10,text,true,,437,269,1,1,387,0,0
1489146124848,390,PrivacyPolicy Service,200,OK,Thread Group 1-10,text,true,,967,229,1,1,390,0,3
1489146125239,390,Contuctus Service,200,OK,Thread Group 1-10,text,true,,809,225,1,1,390,0,0
1489146125629,391,News English,200,OK,Thread Group 1-10,text,true,,4085,228,1,1,391,0,0
1489146126020,390,News Arabic,200,OK,Thread Group 1-10,text,true,,2812,228,1,1,390,0,0
1489146126411,390,Logon API Request,200,OK,Thread Group 1-10,text,true,,437,269,1,1,389,0,2
1489146126801,385,PrivacyPolicy Service,200,OK,Thread Group 1-10,text,true,,967,229,1,1,385,0,0
1489146127186,400,Contuctus Service,200,OK,Thread Group 1-10,text,true,,809,225,1,1,400,0,3
1489146127587,390,News English,200,OK,Thread Group 1-10,text,true,,4085,228,1,1,390,0,0
1489146127978,396,News Arabic,200,OK,Thread Group 1-10,text,true,,2812,228,1,1,396,0,0
1489146128375,388,Logon API Request,200,OK,Thread Group 1-10,text,true,,437,269,1,1,388,0,0
1489146128763,385,PrivacyPolicy Service,200,OK,Thread Group 1-10,text,true,,967,229,1,1,385,0,0
1489146129149,389,Contuctus Service,200,OK,Thread Group 1-10,text,true,,809,225,1,1,389,0,0
1489146129539,390,News English,200,OK,Thread Group 1-10,text,true,,4085,228,1,1,390,0,2
1489146129929,390,News Arabic,200,OK,Thread Group 1-10,text,true,,2812,228,1,1,390,0,0
1489146130319,393,Logon API Request,200,OK,Thread Group 1-10,text,true,,437,269,1,1,393,0,6
1489146130712,390,PrivacyPolicy Service,200,OK,Thread Group 1-10,text,true,,967,229,1,1,390,0,0
1489146131102,391,Contuctus Service,200,OK,Thread Group 1-10,text,true,,809,225,1,1,391,0,0
1489146131493,391,News English,200,OK,Thread Group 1-10,text,true,,4085,228,1,1,391,0,0
1489146131884,391,News Arabic,200,OK,Thread Group 1-10,text,true,,2812,228,1,1,391,0,2
1489146132275,388,Logon API Request,200,OK,Thread Group 1-10,text,true,,437,269,1,1,388,0,0
1489146132663,390,PrivacyPolicy Service,200,OK,Thread Group 1-10,text,true,,967,229,1,1,389,0,0
1489146133053,390,Contuctus Service,200,OK,Thread Group 1-10,text,true,,809,225,1,1,390,0,0
1489146133443,390,News English,200,OK,Thread Group 1-10,text,true,,4085,228,1,1,390,0,0
1489146133833,402,News Arabic,200,OK,Thread Group 1-10,text,true,,2812,228,1,1,401,0,0
