timeStamp,elapsed,label,responseCode,responseMessage,threadName,dataType,success,failureMessage,bytes,sentBytes,grpThreads,allThreads,Latency,IdleTime,Connect
1489229949420,467,Logon API Request,200,OK,Thread Group 1-1,text,true,,437,277,1,1,467,0,49
1489229949890,393,PrivacyPolicy Service,200,OK,Thread Group 1-1,text,true,,967,229,1,1,393,0,3
1489229950284,390,Contuctus Service,200,OK,Thread Group 1-1,text,true,,809,225,1,1,390,0,0
1489229950675,390,News English,200,OK,Thread Group 1-1,text,true,,4085,228,1,1,390,0,0
1489229951066,385,News Arabic,200,OK,Thread Group 1-1,text,true,,2812,228,1,1,385,0,0
1489229951452,389,Logon API Request,200,OK,Thread Group 1-1,text,true,,437,277,1,1,389,0,2
1489229951842,392,PrivacyPolicy Service,200,OK,Thread Group 1-1,text,true,,967,229,1,1,392,0,0
1489229952234,388,Contuctus Service,200,OK,Thread Group 1-1,text,true,,809,225,1,1,388,0,3
1489229952624,389,News English,200,OK,Thread Group 1-1,text,true,,4085,228,1,1,389,0,0
1489229953013,390,News Arabic,200,OK,Thread Group 1-1,text,true,,2812,228,1,1,390,0,0
1489229953404,388,Logon API Request,200,OK,Thread Group 1-1,text,true,,437,277,1,1,388,0,0
1489229953793,389,PrivacyPolicy Service,200,OK,Thread Group 1-1,text,true,,967,229,1,1,389,0,0
1489229954183,390,Contuctus Service,200,OK,Thread Group 1-1,text,true,,809,225,1,1,390,0,0
1489229954574,400,News English,200,OK,Thread Group 1-1,text,true,,4085,228,1,1,400,0,2
1489229954975,389,News Arabic,200,OK,Thread Group 1-1,text,true,,2812,228,1,1,389,0,0
1489229955365,391,Logon API Request,200,OK,Thread Group 1-1,text,true,,437,277,1,1,391,0,2
1489229955757,388,PrivacyPolicy Service,200,OK,Thread Group 1-1,text,true,,967,229,1,1,388,0,0
1489229956146,389,Contuctus Service,200,OK,Thread Group 1-1,text,true,,809,225,1,1,389,0,0
1489229956536,390,News English,200,OK,Thread Group 1-1,text,true,,4085,228,1,1,390,0,0
1489229956927,390,News Arabic,200,OK,Thread Group 1-1,text,true,,2812,228,1,1,390,0,2
1489229957318,388,Logon API Request,200,OK,Thread Group 1-1,text,true,,437,277,1,1,388,0,0
1489229957707,389,PrivacyPolicy Service,200,OK,Thread Group 1-1,text,true,,967,229,1,1,389,0,0
1489229958097,390,Contuctus Service,200,OK,Thread Group 1-1,text,true,,809,225,1,1,390,0,0
1489229958488,385,News English,200,OK,Thread Group 1-1,text,true,,4085,228,1,1,385,0,0
1489229958874,384,News Arabic,200,OK,Thread Group 1-1,text,true,,2812,228,1,1,384,0,0
1489229959259,389,Logon API Request,200,OK,Thread Group 1-1,text,true,,437,277,2,2,389,0,3
1489229959347,389,Logon API Request,200,OK,Thread Group 1-2,text,true,,437,277,2,2,389,0,3
1489229959648,388,PrivacyPolicy Service,200,OK,Thread Group 1-1,text,true,,967,229,2,2,388,0,2
1489229959737,386,PrivacyPolicy Service,200,OK,Thread Group 1-2,text,true,,967,229,2,2,386,0,2
1489229960037,384,Contuctus Service,200,OK,Thread Group 1-1,text,true,,809,225,2,2,384,0,0
1489229960124,386,Contuctus Service,200,OK,Thread Group 1-2,text,true,,809,225,2,2,386,0,0
1489229960422,386,News English,200,OK,Thread Group 1-1,text,true,,4085,228,2,2,386,0,0
1489229960511,386,News English,200,OK,Thread Group 1-2,text,true,,4085,228,2,2,386,0,0
1489229960809,385,News Arabic,200,OK,Thread Group 1-1,text,true,,2812,228,2,2,385,0,0
1489229960897,385,News Arabic,200,OK,Thread Group 1-2,text,true,,2812,228,2,2,385,0,0
1489229961195,387,Logon API Request,200,OK,Thread Group 1-1,text,true,,437,277,2,2,387,0,0
1489229961283,387,Logon API Request,200,OK,Thread Group 1-2,text,true,,437,277,2,2,387,0,0
1489229961582,386,PrivacyPolicy Service,200,OK,Thread Group 1-1,text,true,,967,229,2,2,386,0,0
1489229961670,385,PrivacyPolicy Service,200,OK,Thread Group 1-2,text,true,,967,229,2,2,385,0,0
1489229961969,387,Contuctus Service,200,OK,Thread Group 1-1,text,true,,809,225,2,2,387,0,1
1489229962056,387,Contuctus Service,200,OK,Thread Group 1-2,text,true,,809,225,2,2,387,0,2
1489229962356,385,News English,200,OK,Thread Group 1-1,text,true,,4085,228,2,2,385,0,0
1489229962443,385,News English,200,OK,Thread Group 1-2,text,true,,4085,228,2,2,384,0,0
1489229962741,385,News Arabic,200,OK,Thread Group 1-1,text,true,,2812,228,2,2,385,0,0
1489229962828,386,News Arabic,200,OK,Thread Group 1-2,text,true,,2812,228,2,2,386,0,0
1489229963127,389,Logon API Request,200,OK,Thread Group 1-1,text,true,,437,277,2,2,389,0,2
1489229963215,390,Logon API Request,200,OK,Thread Group 1-2,text,true,,437,277,2,2,390,0,2
1489229963517,386,PrivacyPolicy Service,200,OK,Thread Group 1-1,text,true,,967,229,2,2,385,0,0
1489229963606,385,PrivacyPolicy Service,200,OK,Thread Group 1-2,text,true,,967,229,2,2,385,0,0
1489229963903,385,Contuctus Service,200,OK,Thread Group 1-1,text,true,,809,225,2,2,385,0,0
1489229963991,385,Contuctus Service,200,OK,Thread Group 1-2,text,true,,809,225,2,2,385,0,0
1489229964289,386,News English,200,OK,Thread Group 1-1,text,true,,4085,228,2,2,386,0,2
1489229964376,387,News English,200,OK,Thread Group 1-2,text,true,,4085,228,2,2,387,0,3
1489229964676,384,News Arabic,200,OK,Thread Group 1-1,text,true,,2812,228,2,2,384,0,0
1489229964764,384,News Arabic,200,OK,Thread Group 1-2,text,true,,2812,228,2,2,384,0,0
1489229965061,387,Logon API Request,200,OK,Thread Group 1-1,text,true,,437,277,2,2,387,0,0
1489229965149,387,Logon API Request,200,OK,Thread Group 1-2,text,true,,437,277,2,2,387,0,0
1489229965449,384,PrivacyPolicy Service,200,OK,Thread Group 1-1,text,true,,967,229,2,2,384,0,0
1489229965537,385,PrivacyPolicy Service,200,OK,Thread Group 1-2,text,true,,967,229,2,2,385,0,0
1489229965834,384,Contuctus Service,200,OK,Thread Group 1-1,text,true,,809,225,2,2,384,0,0
1489229965922,386,Contuctus Service,200,OK,Thread Group 1-2,text,true,,809,225,2,2,386,0,0
1489229966219,384,News English,200,OK,Thread Group 1-1,text,true,,4085,228,2,2,384,0,0
1489229966308,385,News English,200,OK,Thread Group 1-2,text,true,,4085,228,2,2,385,0,0
1489229966604,387,News Arabic,200,OK,Thread Group 1-1,text,true,,2812,228,2,2,387,0,2
1489229966694,388,News Arabic,200,OK,Thread Group 1-2,text,true,,2812,228,2,2,388,0,3
1489229966992,388,Logon API Request,200,OK,Thread Group 1-1,text,true,,437,277,2,2,388,0,2
1489229967083,389,Logon API Request,200,OK,Thread Group 1-2,text,true,,437,277,2,2,389,0,2
1489229967381,385,PrivacyPolicy Service,200,OK,Thread Group 1-1,text,true,,967,229,2,2,385,0,0
1489229967473,385,PrivacyPolicy Service,200,OK,Thread Group 1-2,text,true,,967,229,2,2,385,0,0
1489229967767,385,Contuctus Service,200,OK,Thread Group 1-1,text,true,,809,225,2,2,385,0,0
1489229967859,384,Contuctus Service,200,OK,Thread Group 1-2,text,true,,809,225,2,2,384,0,0
1489229968152,385,News English,200,OK,Thread Group 1-1,text,true,,4085,228,2,2,385,0,0
1489229968244,385,News English,200,OK,Thread Group 1-2,text,true,,4085,228,2,2,385,0,0
1489229968537,385,News Arabic,200,OK,Thread Group 1-1,text,true,,2812,228,2,2,385,0,0
1489229968630,386,News Arabic,200,OK,Thread Group 1-2,text,true,,2812,228,1,1,386,0,0
1489229969017,386,Logon API Request,200,OK,Thread Group 1-2,text,true,,437,277,2,2,386,0,0
1489229969347,389,Logon API Request,200,OK,Thread Group 1-3,text,true,,437,277,2,2,389,0,3
1489229969404,386,PrivacyPolicy Service,200,OK,Thread Group 1-2,text,true,,967,229,2,2,386,0,2
1489229969737,387,PrivacyPolicy Service,200,OK,Thread Group 1-3,text,true,,967,229,2,2,387,0,3
1489229969791,386,Contuctus Service,200,OK,Thread Group 1-2,text,true,,809,225,2,2,386,0,0
1489229970128,384,Contuctus Service,200,OK,Thread Group 1-3,text,true,,809,225,2,2,384,0,0
1489229970178,385,News English,200,OK,Thread Group 1-2,text,true,,4085,228,2,2,385,0,0
1489229970513,385,News English,200,OK,Thread Group 1-3,text,true,,4085,228,2,2,385,0,0
1489229970564,385,News Arabic,200,OK,Thread Group 1-2,text,true,,2812,228,2,2,385,0,0
1489229970898,386,News Arabic,200,OK,Thread Group 1-3,text,true,,2812,228,2,2,386,0,0
1489229970950,388,Logon API Request,200,OK,Thread Group 1-2,text,true,,437,277,2,2,388,0,2
1489229971285,386,Logon API Request,200,OK,Thread Group 1-3,text,true,,437,277,2,2,386,0,0
1489229971339,385,PrivacyPolicy Service,200,OK,Thread Group 1-2,text,true,,967,229,2,2,385,0,0
1489229971672,384,PrivacyPolicy Service,200,OK,Thread Group 1-3,text,true,,967,229,2,2,384,0,0
1489229971724,388,Contuctus Service,200,OK,Thread Group 1-2,text,true,,809,225,2,2,387,0,3
1489229972057,595,Contuctus Service,200,OK,Thread Group 1-3,text,true,,809,225,2,2,595,0,2
1489229972112,611,News English,200,OK,Thread Group 1-2,text,true,,4085,228,2,2,611,0,0
1489229972652,635,News English,200,OK,Thread Group 1-3,text,true,,4085,228,2,2,635,0,0
1489229972723,564,News Arabic,200,OK,Thread Group 1-2,text,true,,2812,228,2,2,564,0,0
1489229973287,382,News Arabic,200,OK,Thread Group 1-3,text,true,,2812,228,2,2,382,0,0
1489229973287,389,Logon API Request,200,OK,Thread Group 1-2,text,true,,437,277,2,2,389,0,2
1489229973670,389,Logon API Request,200,OK,Thread Group 1-3,text,true,,437,277,2,2,389,0,2
1489229973677,385,PrivacyPolicy Service,200,OK,Thread Group 1-2,text,true,,967,229,2,2,385,0,0
1489229974063,580,Contuctus Service,200,OK,Thread Group 1-2,text,true,,809,225,2,2,580,0,2
1489229974060,611,PrivacyPolicy Service,200,OK,Thread Group 1-3,text,true,,967,229,2,2,611,0,2
1489229974672,589,Contuctus Service,200,OK,Thread Group 1-3,text,true,,809,225,2,2,589,0,0
1489229974644,649,News English,200,OK,Thread Group 1-2,text,true,,4085,228,2,2,649,0,0
1489229975262,381,News English,200,OK,Thread Group 1-3,text,true,,4085,228,2,2,381,0,0
1489229975293,385,News Arabic,200,OK,Thread Group 1-2,text,true,,2812,228,2,2,384,0,0
1489229975644,384,News Arabic,200,OK,Thread Group 1-3,text,true,,2812,228,2,2,384,0,0
1489229975678,390,Logon API Request,200,OK,Thread Group 1-2,text,true,,437,277,2,2,390,0,3
1489229976029,389,Logon API Request,200,OK,Thread Group 1-3,text,true,,437,277,2,2,389,0,3
1489229976069,450,PrivacyPolicy Service,200,OK,Thread Group 1-2,text,true,,967,229,2,2,450,0,2
1489229976419,387,PrivacyPolicy Service,200,OK,Thread Group 1-3,text,true,,967,229,2,2,387,0,2
1489229976519,386,Contuctus Service,200,OK,Thread Group 1-2,text,true,,809,225,2,2,386,0,0
1489229976807,384,Contuctus Service,200,OK,Thread Group 1-3,text,true,,809,225,2,2,384,0,0
1489229976905,385,News English,200,OK,Thread Group 1-2,text,true,,4085,228,2,2,385,0,0
1489229977291,386,News Arabic,200,OK,Thread Group 1-2,text,true,,2812,228,2,2,386,0,0
1489229977192,486,News English,200,OK,Thread Group 1-3,text,true,,4085,228,2,2,486,0,0
1489229977678,385,News Arabic,200,OK,Thread Group 1-3,text,true,,2812,228,2,2,385,0,0
1489229977678,387,Logon API Request,200,OK,Thread Group 1-2,text,true,,437,277,2,2,387,0,0
1489229978066,384,PrivacyPolicy Service,200,OK,Thread Group 1-2,text,true,,967,229,2,2,384,0,0
1489229978063,389,Logon API Request,200,OK,Thread Group 1-3,text,true,,437,277,2,2,389,0,2
1489229978451,387,Contuctus Service,200,OK,Thread Group 1-2,text,true,,809,225,2,2,387,0,2
1489229978453,388,PrivacyPolicy Service,200,OK,Thread Group 1-3,text,true,,967,229,2,2,388,0,2
1489229978839,386,News English,200,OK,Thread Group 1-2,text,true,,4085,228,2,2,386,0,0
1489229978842,384,Contuctus Service,200,OK,Thread Group 1-3,text,true,,809,225,2,2,384,0,0
1489229979225,385,News Arabic,200,OK,Thread Group 1-2,text,true,,2812,228,3,3,385,0,0
1489229979227,385,News English,200,OK,Thread Group 1-3,text,true,,4085,228,2,2,385,0,0
1489229979362,390,Logon API Request,200,OK,Thread Group 1-4,text,true,,437,277,2,2,390,0,3
1489229979613,386,News Arabic,200,OK,Thread Group 1-3,text,true,,2812,228,2,2,386,0,0
1489229979753,387,PrivacyPolicy Service,200,OK,Thread Group 1-4,text,true,,967,229,2,2,387,0,2
1489229980000,388,Logon API Request,200,OK,Thread Group 1-3,text,true,,437,277,2,2,387,0,0
1489229980141,385,Contuctus Service,200,OK,Thread Group 1-4,text,true,,809,225,2,2,385,0,0
1489229980389,385,PrivacyPolicy Service,200,OK,Thread Group 1-3,text,true,,967,229,2,2,385,0,0
1489229980527,385,News English,200,OK,Thread Group 1-4,text,true,,4085,228,2,2,385,0,0
1489229980775,405,Contuctus Service,200,OK,Thread Group 1-3,text,true,,809,225,2,2,405,0,20
1489229980913,385,News Arabic,200,OK,Thread Group 1-4,text,true,,2812,228,2,2,384,0,0
1489229981180,386,News English,200,OK,Thread Group 1-3,text,true,,4085,228,2,2,386,0,0
1489229981298,387,Logon API Request,200,OK,Thread Group 1-4,text,true,,437,277,2,2,387,0,0
1489229981566,386,News Arabic,200,OK,Thread Group 1-3,text,true,,2812,228,2,2,385,0,0
1489229981686,385,PrivacyPolicy Service,200,OK,Thread Group 1-4,text,true,,967,229,2,2,385,0,0
1489229981952,390,Logon API Request,200,OK,Thread Group 1-3,text,true,,437,277,2,2,390,0,2
1489229982071,388,Contuctus Service,200,OK,Thread Group 1-4,text,true,,809,225,2,2,388,0,2
1489229982342,385,PrivacyPolicy Service,200,OK,Thread Group 1-3,text,true,,967,229,2,2,385,0,0
1489229982459,385,News English,200,OK,Thread Group 1-4,text,true,,4085,228,2,2,385,0,0
1489229982727,385,Contuctus Service,200,OK,Thread Group 1-3,text,true,,809,225,2,2,385,0,0
1489229982845,384,News Arabic,200,OK,Thread Group 1-4,text,true,,2812,228,2,2,384,0,0
1489229983112,389,News English,200,OK,Thread Group 1-3,text,true,,4085,228,2,2,389,0,3
1489229983230,389,Logon API Request,200,OK,Thread Group 1-4,text,true,,437,277,2,2,389,0,2
1489229983501,386,News Arabic,200,OK,Thread Group 1-3,text,true,,2812,228,2,2,386,0,0
1489229983619,385,PrivacyPolicy Service,200,OK,Thread Group 1-4,text,true,,967,229,2,2,385,0,0
1489229983888,387,Logon API Request,200,OK,Thread Group 1-3,text,true,,437,277,2,2,387,0,0
1489229984005,384,Contuctus Service,200,OK,Thread Group 1-4,text,true,,809,225,2,2,384,0,0
1489229984276,385,PrivacyPolicy Service,200,OK,Thread Group 1-3,text,true,,967,229,2,2,385,0,0
1489229984390,388,News English,200,OK,Thread Group 1-4,text,true,,4085,228,2,2,388,0,2
1489229984662,384,Contuctus Service,200,OK,Thread Group 1-3,text,true,,809,225,2,2,384,0,0
1489229984779,384,News Arabic,200,OK,Thread Group 1-4,text,true,,2812,228,2,2,384,0,0
1489229985047,384,News English,200,OK,Thread Group 1-3,text,true,,4085,228,2,2,384,0,0
1489229985164,386,Logon API Request,200,OK,Thread Group 1-4,text,true,,437,277,2,2,386,0,0
1489229985432,387,News Arabic,200,OK,Thread Group 1-3,text,true,,2812,228,2,2,387,0,2
1489229985551,385,PrivacyPolicy Service,200,OK,Thread Group 1-4,text,true,,967,229,2,2,385,0,0
1489229985820,389,Logon API Request,200,OK,Thread Group 1-3,text,true,,437,277,2,2,389,0,3
1489229985937,385,Contuctus Service,200,OK,Thread Group 1-4,text,true,,809,225,2,2,384,0,0
1489229986210,385,PrivacyPolicy Service,200,OK,Thread Group 1-3,text,true,,967,229,2,2,385,0,0
1489229986322,386,News English,200,OK,Thread Group 1-4,text,true,,4085,228,2,2,386,0,0
1489229986595,385,Contuctus Service,200,OK,Thread Group 1-3,text,true,,809,225,2,2,385,0,0
1489229986709,387,News Arabic,200,OK,Thread Group 1-4,text,true,,2812,228,2,2,387,0,2
1489229986981,385,News English,200,OK,Thread Group 1-3,text,true,,4085,228,2,2,385,0,0
1489229987096,388,Logon API Request,200,OK,Thread Group 1-4,text,true,,437,277,2,2,388,0,2
1489229987367,385,News Arabic,200,OK,Thread Group 1-3,text,true,,2812,228,2,2,385,0,0
1489229987484,385,PrivacyPolicy Service,200,OK,Thread Group 1-4,text,true,,967,229,2,2,385,0,0
1489229987753,386,Logon API Request,200,OK,Thread Group 1-3,text,true,,437,277,2,2,386,0,0
1489229987870,385,Contuctus Service,200,OK,Thread Group 1-4,text,true,,809,225,2,2,385,0,0
1489229988140,387,PrivacyPolicy Service,200,OK,Thread Group 1-3,text,true,,967,229,2,2,387,0,2
1489229988255,386,News English,200,OK,Thread Group 1-4,text,true,,4085,228,2,2,386,0,0
1489229988528,384,Contuctus Service,200,OK,Thread Group 1-3,text,true,,809,225,2,2,384,0,0
1489229988642,385,News Arabic,200,OK,Thread Group 1-4,text,true,,2812,228,2,2,385,0,0
1489229988913,385,News English,200,OK,Thread Group 1-3,text,true,,4085,228,2,2,385,0,0
1489229989027,387,Logon API Request,200,OK,Thread Group 1-4,text,true,,437,277,3,3,387,0,0
1489229989299,385,News Arabic,200,OK,Thread Group 1-3,text,true,,2812,228,3,3,385,0,0
1489229989363,389,Logon API Request,200,OK,Thread Group 1-5,text,true,,437,277,2,2,389,0,3
1489229989415,386,PrivacyPolicy Service,200,OK,Thread Group 1-4,text,true,,967,229,2,2,386,0,2
1489229989753,386,PrivacyPolicy Service,200,OK,Thread Group 1-5,text,true,,967,229,2,2,386,0,2
1489229989802,385,Contuctus Service,200,OK,Thread Group 1-4,text,true,,809,225,2,2,385,0,0
1489229990140,385,Contuctus Service,200,OK,Thread Group 1-5,text,true,,809,225,2,2,385,0,0
1489229990188,384,News English,200,OK,Thread Group 1-4,text,true,,4085,228,2,2,384,0,0
1489229990526,384,News English,200,OK,Thread Group 1-5,text,true,,4085,228,2,2,384,0,0
1489229990573,384,News Arabic,200,OK,Thread Group 1-4,text,true,,2812,228,2,2,384,0,0
1489229990911,386,News Arabic,200,OK,Thread Group 1-5,text,true,,2812,228,2,2,386,0,0
1489229990958,389,Logon API Request,200,OK,Thread Group 1-4,text,true,,437,277,2,2,389,0,2
1489229991298,387,Logon API Request,200,OK,Thread Group 1-5,text,true,,437,277,2,2,387,0,0
1489229991348,384,PrivacyPolicy Service,200,OK,Thread Group 1-4,text,true,,967,229,2,2,384,0,0
1489229991686,386,PrivacyPolicy Service,200,OK,Thread Group 1-5,text,true,,967,229,2,2,386,0,0
1489229991733,388,Contuctus Service,200,OK,Thread Group 1-4,text,true,,809,225,2,2,388,0,3
1489229992073,387,Contuctus Service,200,OK,Thread Group 1-5,text,true,,809,225,2,2,387,0,2
1489229992121,386,News English,200,OK,Thread Group 1-4,text,true,,4085,228,2,2,386,0,0
1489229992461,386,News English,200,OK,Thread Group 1-5,text,true,,4085,228,2,2,386,0,0
1489229992508,385,News Arabic,200,OK,Thread Group 1-4,text,true,,2812,228,2,2,385,0,0
1489229992847,385,News Arabic,200,OK,Thread Group 1-5,text,true,,2812,228,2,2,385,0,0
1489229992893,387,Logon API Request,200,OK,Thread Group 1-4,text,true,,437,277,2,2,387,0,0
1489229993233,389,Logon API Request,200,OK,Thread Group 1-5,text,true,,437,277,2,2,389,0,2
1489229993281,384,PrivacyPolicy Service,200,OK,Thread Group 1-4,text,true,,967,229,2,2,384,0,0
1489229993622,385,PrivacyPolicy Service,200,OK,Thread Group 1-5,text,true,,967,229,2,2,385,0,0
1489229993666,384,Contuctus Service,200,OK,Thread Group 1-4,text,true,,809,225,2,2,384,0,0
1489229994007,385,Contuctus Service,200,OK,Thread Group 1-5,text,true,,809,225,2,2,385,0,0
1489229994051,387,News English,200,OK,Thread Group 1-4,text,true,,4085,228,2,2,387,0,2
1489229994392,388,News English,200,OK,Thread Group 1-5,text,true,,4085,228,2,2,388,0,3
1489229994438,385,News Arabic,200,OK,Thread Group 1-4,text,true,,2812,228,2,2,385,0,0
1489229994780,385,News Arabic,200,OK,Thread Group 1-5,text,true,,2812,228,2,2,385,0,0
1489229994824,390,Logon API Request,200,OK,Thread Group 1-4,text,true,,437,277,2,2,389,0,2
1489229995166,386,Logon API Request,200,OK,Thread Group 1-5,text,true,,437,277,2,2,386,0,0
1489229995214,385,PrivacyPolicy Service,200,OK,Thread Group 1-4,text,true,,967,229,2,2,385,0,0
1489229995553,385,PrivacyPolicy Service,200,OK,Thread Group 1-5,text,true,,967,229,2,2,385,0,0
1489229995600,385,Contuctus Service,200,OK,Thread Group 1-4,text,true,,809,225,2,2,385,0,0
1489229995939,384,Contuctus Service,200,OK,Thread Group 1-5,text,true,,809,225,2,2,384,0,0
1489229995985,385,News English,200,OK,Thread Group 1-4,text,true,,4085,228,2,2,385,0,0
1489229996324,385,News English,200,OK,Thread Group 1-5,text,true,,4085,228,2,2,385,0,0
1489229996371,387,News Arabic,200,OK,Thread Group 1-4,text,true,,2812,228,2,2,387,0,2
1489229996710,387,News Arabic,200,OK,Thread Group 1-5,text,true,,2812,228,2,2,387,0,2
1489229996759,386,Logon API Request,200,OK,Thread Group 1-4,text,true,,437,277,2,2,386,0,0
1489229997098,389,Logon API Request,200,OK,Thread Group 1-5,text,true,,437,277,2,2,389,0,2
1489229997146,386,PrivacyPolicy Service,200,OK,Thread Group 1-4,text,true,,967,229,2,2,385,0,0
1489229997488,385,PrivacyPolicy Service,200,OK,Thread Group 1-5,text,true,,967,229,2,2,385,0,0
1489229997532,385,Contuctus Service,200,OK,Thread Group 1-4,text,true,,809,225,2,2,384,0,0
1489229997874,385,Contuctus Service,200,OK,Thread Group 1-5,text,true,,809,225,2,2,385,0,0
1489229997917,385,News English,200,OK,Thread Group 1-4,text,true,,4085,228,2,2,385,0,0
1489229998260,384,News English,200,OK,Thread Group 1-5,text,true,,4085,228,2,2,384,0,0
1489229998303,385,News Arabic,200,OK,Thread Group 1-4,text,true,,2812,228,2,2,385,0,0
1489229998645,385,News Arabic,200,OK,Thread Group 1-5,text,true,,2812,228,1,1,385,0,0
1489229999031,387,Logon API Request,200,OK,Thread Group 1-5,text,true,,437,277,2,2,387,0,0
1489229999363,389,Logon API Request,200,OK,Thread Group 1-6,text,true,,437,277,2,2,389,0,3
1489229999419,387,PrivacyPolicy Service,200,OK,Thread Group 1-5,text,true,,967,229,2,2,387,0,2
1489229999753,387,PrivacyPolicy Service,200,OK,Thread Group 1-6,text,true,,967,229,2,2,387,0,2
1489229999807,385,Contuctus Service,200,OK,Thread Group 1-5,text,true,,809,225,2,2,385,0,0
1489230000143,386,Contuctus Service,200,OK,Thread Group 1-6,text,true,,809,225,2,2,386,0,0
1489230000193,385,News English,200,OK,Thread Group 1-5,text,true,,4085,228,2,2,385,0,0
1489230000529,386,News English,200,OK,Thread Group 1-6,text,true,,4085,228,2,2,386,0,0
1489230000579,384,News Arabic,200,OK,Thread Group 1-5,text,true,,2812,228,2,2,384,0,0
1489230000915,385,News Arabic,200,OK,Thread Group 1-6,text,true,,2812,228,2,2,385,0,0
1489230000964,389,Logon API Request,200,OK,Thread Group 1-5,text,true,,437,277,2,2,389,0,2
1489230001301,387,Logon API Request,200,OK,Thread Group 1-6,text,true,,437,277,2,2,387,0,0
1489230001353,386,PrivacyPolicy Service,200,OK,Thread Group 1-5,text,true,,967,229,2,2,386,0,0
1489230001689,385,PrivacyPolicy Service,200,OK,Thread Group 1-6,text,true,,967,229,2,2,385,0,0
1489230001740,402,Contuctus Service,200,OK,Thread Group 1-5,text,true,,809,225,2,2,402,0,17
1489230002074,387,Contuctus Service,200,OK,Thread Group 1-6,text,true,,809,225,2,2,387,0,3
1489230002142,386,News English,200,OK,Thread Group 1-5,text,true,,4085,228,2,2,386,0,0
1489230002462,385,News English,200,OK,Thread Group 1-6,text,true,,4085,228,2,2,385,0,0
1489230002528,385,News Arabic,200,OK,Thread Group 1-5,text,true,,2812,228,2,2,385,0,0
1489230002847,385,News Arabic,200,OK,Thread Group 1-6,text,true,,2812,228,2,2,385,0,0
1489230002914,387,Logon API Request,200,OK,Thread Group 1-5,text,true,,437,277,2,2,387,0,0
1489230003233,389,Logon API Request,200,OK,Thread Group 1-6,text,true,,437,277,2,2,389,0,2
1489230003302,385,PrivacyPolicy Service,200,OK,Thread Group 1-5,text,true,,967,229,2,2,385,0,0
1489230003623,385,PrivacyPolicy Service,200,OK,Thread Group 1-6,text,true,,967,229,2,2,385,0,0
1489230003688,385,Contuctus Service,200,OK,Thread Group 1-5,text,true,,809,225,2,2,385,0,0
1489230004009,386,Contuctus Service,200,OK,Thread Group 1-6,text,true,,809,225,2,2,386,0,0
1489230004074,386,News English,200,OK,Thread Group 1-5,text,true,,4085,228,2,2,386,0,2
1489230004396,387,News English,200,OK,Thread Group 1-6,text,true,,4085,228,2,2,387,0,2
1489230004461,385,News Arabic,200,OK,Thread Group 1-5,text,true,,2812,228,2,2,385,0,0
1489230004784,385,News Arabic,200,OK,Thread Group 1-6,text,true,,2812,228,2,2,385,0,0
1489230004847,391,Logon API Request,200,OK,Thread Group 1-5,text,true,,437,277,2,2,390,0,2
1489230005170,387,Logon API Request,200,OK,Thread Group 1-6,text,true,,437,277,2,2,386,0,0
1489230005238,384,PrivacyPolicy Service,200,OK,Thread Group 1-5,text,true,,967,229,2,2,384,0,0
1489230005557,385,PrivacyPolicy Service,200,OK,Thread Group 1-6,text,true,,967,229,2,2,385,0,0
1489230005623,384,Contuctus Service,200,OK,Thread Group 1-5,text,true,,809,225,2,2,384,0,0
1489230005942,385,Contuctus Service,200,OK,Thread Group 1-6,text,true,,809,225,2,2,385,0,0
1489230006008,384,News English,200,OK,Thread Group 1-5,text,true,,4085,228,2,2,384,0,0
1489230006328,385,News English,200,OK,Thread Group 1-6,text,true,,4085,228,2,2,385,0,0
1489230006393,387,News Arabic,200,OK,Thread Group 1-5,text,true,,2812,228,2,2,387,0,2
1489230006714,386,News Arabic,200,OK,Thread Group 1-6,text,true,,2812,228,2,2,386,0,1
1489230006780,387,Logon API Request,200,OK,Thread Group 1-5,text,true,,437,277,2,2,387,0,0
1489230007100,389,Logon API Request,200,OK,Thread Group 1-6,text,true,,437,277,2,2,389,0,2
1489230007167,386,PrivacyPolicy Service,200,OK,Thread Group 1-5,text,true,,967,229,2,2,386,0,0
1489230007490,385,PrivacyPolicy Service,200,OK,Thread Group 1-6,text,true,,967,229,2,2,385,0,0
1489230007554,385,Contuctus Service,200,OK,Thread Group 1-5,text,true,,809,225,2,2,385,0,0
1489230007875,385,Contuctus Service,200,OK,Thread Group 1-6,text,true,,809,225,2,2,385,0,0
1489230007939,385,News English,200,OK,Thread Group 1-5,text,true,,4085,228,2,2,385,0,0
1489230008261,385,News English,200,OK,Thread Group 1-6,text,true,,4085,228,2,2,385,0,0
1489230008324,385,News Arabic,200,OK,Thread Group 1-5,text,true,,2812,228,2,2,385,0,0
1489230008647,385,News Arabic,200,OK,Thread Group 1-6,text,true,,2812,228,1,1,385,0,0
1489230009032,388,Logon API Request,200,OK,Thread Group 1-6,text,true,,437,277,2,2,388,0,0
1489230009363,390,Logon API Request,200,OK,Thread Group 1-7,text,true,,437,277,2,2,390,0,3
1489230009420,388,PrivacyPolicy Service,200,OK,Thread Group 1-6,text,true,,967,229,2,2,388,0,2
1489230009754,386,PrivacyPolicy Service,200,OK,Thread Group 1-7,text,true,,967,229,2,2,386,0,2
1489230009809,384,Contuctus Service,200,OK,Thread Group 1-6,text,true,,809,225,2,2,384,0,0
1489230010140,386,Contuctus Service,200,OK,Thread Group 1-7,text,true,,809,225,2,2,386,0,0
1489230010193,385,News English,200,OK,Thread Group 1-6,text,true,,4085,228,2,2,385,0,0
1489230010526,385,News English,200,OK,Thread Group 1-7,text,true,,4085,228,2,2,385,0,0
1489230010578,384,News Arabic,200,OK,Thread Group 1-6,text,true,,2812,228,2,2,384,0,0
1489230010911,385,News Arabic,200,OK,Thread Group 1-7,text,true,,2812,228,2,2,385,0,0
1489230010963,389,Logon API Request,200,OK,Thread Group 1-6,text,true,,437,277,2,2,389,0,2
1489230011297,387,Logon API Request,200,OK,Thread Group 1-7,text,true,,437,277,2,2,387,0,0
1489230011353,385,PrivacyPolicy Service,200,OK,Thread Group 1-6,text,true,,967,229,2,2,385,0,0
1489230011685,385,PrivacyPolicy Service,200,OK,Thread Group 1-7,text,true,,967,229,2,2,385,0,0
1489230011738,388,Contuctus Service,200,OK,Thread Group 1-6,text,true,,809,225,2,2,388,0,3
1489230012070,387,Contuctus Service,200,OK,Thread Group 1-7,text,true,,809,225,2,2,387,0,3
1489230012126,385,News English,200,OK,Thread Group 1-6,text,true,,4085,228,2,2,385,0,0
1489230012457,385,News English,200,OK,Thread Group 1-7,text,true,,4085,228,2,2,385,0,0
1489230012511,385,News Arabic,200,OK,Thread Group 1-6,text,true,,2812,228,2,2,385,0,0
1489230012842,385,News Arabic,200,OK,Thread Group 1-7,text,true,,2812,228,2,2,385,0,0
1489230012897,386,Logon API Request,200,OK,Thread Group 1-6,text,true,,437,277,2,2,386,0,0
1489230013228,387,Logon API Request,200,OK,Thread Group 1-7,text,true,,437,277,2,2,387,0,2
1489230013284,385,PrivacyPolicy Service,200,OK,Thread Group 1-6,text,true,,967,229,2,2,385,0,0
1489230013616,385,PrivacyPolicy Service,200,OK,Thread Group 1-7,text,true,,967,229,2,2,385,0,0
1489230013670,384,Contuctus Service,200,OK,Thread Group 1-6,text,true,,809,225,2,2,384,0,0
1489230014002,385,Contuctus Service,200,OK,Thread Group 1-7,text,true,,809,225,2,2,385,0,0
1489230014055,387,News English,200,OK,Thread Group 1-6,text,true,,4085,228,2,2,386,0,2
1489230014388,386,News English,200,OK,Thread Group 1-7,text,true,,4085,228,2,2,386,0,2
1489230014442,385,News Arabic,200,OK,Thread Group 1-6,text,true,,2812,228,2,2,384,0,0
1489230014775,385,News Arabic,200,OK,Thread Group 1-7,text,true,,2812,228,2,2,385,0,0
1489230014827,388,Logon API Request,200,OK,Thread Group 1-6,text,true,,437,277,2,2,388,0,2
1489230015160,387,Logon API Request,200,OK,Thread Group 1-7,text,true,,437,277,2,2,387,0,0
1489230015215,386,PrivacyPolicy Service,200,OK,Thread Group 1-6,text,true,,967,229,2,2,386,0,0
1489230015547,385,PrivacyPolicy Service,200,OK,Thread Group 1-7,text,true,,967,229,2,2,385,0,0
1489230015601,385,Contuctus Service,200,OK,Thread Group 1-6,text,true,,809,225,2,2,385,0,0
1489230015933,384,Contuctus Service,200,OK,Thread Group 1-7,text,true,,809,225,2,2,384,0,0
1489230015987,385,News English,200,OK,Thread Group 1-6,text,true,,4085,228,2,2,385,0,0
1489230016318,386,News English,200,OK,Thread Group 1-7,text,true,,4085,228,2,2,386,0,0
1489230016372,387,News Arabic,200,OK,Thread Group 1-6,text,true,,2812,228,2,2,387,0,2
1489230016704,386,News Arabic,200,OK,Thread Group 1-7,text,true,,2812,228,2,2,386,0,2
1489230016759,387,Logon API Request,200,OK,Thread Group 1-6,text,true,,437,277,2,2,387,0,0
1489230017090,390,Logon API Request,200,OK,Thread Group 1-7,text,true,,437,277,2,2,390,0,3
1489230017146,385,PrivacyPolicy Service,200,OK,Thread Group 1-6,text,true,,967,229,2,2,385,0,0
1489230017480,385,PrivacyPolicy Service,200,OK,Thread Group 1-7,text,true,,967,229,2,2,385,0,0
1489230017532,384,Contuctus Service,200,OK,Thread Group 1-6,text,true,,809,225,2,2,384,0,0
1489230017866,385,Contuctus Service,200,OK,Thread Group 1-7,text,true,,809,225,2,2,384,0,0
1489230017917,385,News English,200,OK,Thread Group 1-6,text,true,,4085,228,2,2,385,0,0
1489230018251,385,News English,200,OK,Thread Group 1-7,text,true,,4085,228,2,2,385,0,0
1489230018302,386,News Arabic,200,OK,Thread Group 1-6,text,true,,2812,228,2,2,386,0,0
1489230018637,385,News Arabic,200,OK,Thread Group 1-7,text,true,,2812,228,1,1,385,0,0
1489230019022,388,Logon API Request,200,OK,Thread Group 1-7,text,true,,437,277,2,2,388,0,0
1489230019363,389,Logon API Request,200,OK,Thread Group 1-8,text,true,,437,277,2,2,389,0,3
1489230019410,388,PrivacyPolicy Service,200,OK,Thread Group 1-7,text,true,,967,229,2,2,388,0,2
1489230019751,388,PrivacyPolicy Service,200,OK,Thread Group 1-8,text,true,,967,229,2,2,388,0,2
1489230019797,385,Contuctus Service,200,OK,Thread Group 1-7,text,true,,809,225,2,2,385,0,0
1489230020140,384,Contuctus Service,200,OK,Thread Group 1-8,text,true,,809,225,2,2,384,0,0
1489230020182,385,News English,200,OK,Thread Group 1-7,text,true,,4085,228,2,2,385,0,0
1489230020525,386,News English,200,OK,Thread Group 1-8,text,true,,4085,228,2,2,386,0,0
1489230020568,385,News Arabic,200,OK,Thread Group 1-7,text,true,,2812,228,2,2,385,0,0
1489230020912,385,News Arabic,200,OK,Thread Group 1-8,text,true,,2812,228,2,2,385,0,0
1489230020953,389,Logon API Request,200,OK,Thread Group 1-7,text,true,,437,277,2,2,389,0,2
1489230021297,387,Logon API Request,200,OK,Thread Group 1-8,text,true,,437,277,2,2,387,0,0
1489230021342,385,PrivacyPolicy Service,200,OK,Thread Group 1-7,text,true,,967,229,2,2,385,0,0
1489230021685,385,PrivacyPolicy Service,200,OK,Thread Group 1-8,text,true,,967,229,2,2,385,0,0
1489230021727,388,Contuctus Service,200,OK,Thread Group 1-7,text,true,,809,225,2,2,388,0,2
1489230022071,386,Contuctus Service,200,OK,Thread Group 1-8,text,true,,809,225,2,2,386,0,2
1489230022115,385,News English,200,OK,Thread Group 1-7,text,true,,4085,228,2,2,385,0,0
1489230022458,384,News English,200,OK,Thread Group 1-8,text,true,,4085,228,2,2,384,0,0
1489230022500,385,News Arabic,200,OK,Thread Group 1-7,text,true,,2812,228,2,2,385,0,0
1489230022843,384,News Arabic,200,OK,Thread Group 1-8,text,true,,2812,228,2,2,384,0,0
1489230022885,387,Logon API Request,200,OK,Thread Group 1-7,text,true,,437,277,2,2,387,0,0
1489230023228,388,Logon API Request,200,OK,Thread Group 1-8,text,true,,437,277,2,2,388,0,2
1489230023273,385,PrivacyPolicy Service,200,OK,Thread Group 1-7,text,true,,967,229,2,2,385,0,0
1489230023617,385,PrivacyPolicy Service,200,OK,Thread Group 1-8,text,true,,967,229,2,2,385,0,0
1489230023658,384,Contuctus Service,200,OK,Thread Group 1-7,text,true,,809,225,2,2,384,0,0
1489230024002,385,Contuctus Service,200,OK,Thread Group 1-8,text,true,,809,225,2,2,385,0,0
1489230024043,387,News English,200,OK,Thread Group 1-7,text,true,,4085,228,2,2,387,0,2
1489230024387,388,News English,200,OK,Thread Group 1-8,text,true,,4085,228,2,2,388,0,2
1489230024430,386,News Arabic,200,OK,Thread Group 1-7,text,true,,2812,228,2,2,386,0,0
1489230024775,385,News Arabic,200,OK,Thread Group 1-8,text,true,,2812,228,2,2,385,0,0
1489230024816,389,Logon API Request,200,OK,Thread Group 1-7,text,true,,437,277,2,2,389,0,3
1489230025161,386,Logon API Request,200,OK,Thread Group 1-8,text,true,,437,277,2,2,386,0,0
1489230025205,385,PrivacyPolicy Service,200,OK,Thread Group 1-7,text,true,,967,229,2,2,385,0,0
1489230025548,385,PrivacyPolicy Service,200,OK,Thread Group 1-8,text,true,,967,229,2,2,385,0,0
1489230025590,385,Contuctus Service,200,OK,Thread Group 1-7,text,true,,809,225,2,2,385,0,0
1489230025934,385,Contuctus Service,200,OK,Thread Group 1-8,text,true,,809,225,2,2,385,0,0
1489230025975,386,News English,200,OK,Thread Group 1-7,text,true,,4085,228,2,2,386,0,0
1489230026319,384,News English,200,OK,Thread Group 1-8,text,true,,4085,228,2,2,384,0,0
1489230026361,387,News Arabic,200,OK,Thread Group 1-7,text,true,,2812,228,2,2,387,0,2
1489230026703,388,News Arabic,200,OK,Thread Group 1-8,text,true,,2812,228,2,2,388,0,3
1489230026748,388,Logon API Request,200,OK,Thread Group 1-7,text,true,,437,277,2,2,388,0,0
1489230027091,389,Logon API Request,200,OK,Thread Group 1-8,text,true,,437,277,2,2,389,0,3
1489230027136,385,PrivacyPolicy Service,200,OK,Thread Group 1-7,text,true,,967,229,2,2,385,0,0
1489230027481,385,PrivacyPolicy Service,200,OK,Thread Group 1-8,text,true,,967,229,2,2,385,0,0
1489230027521,387,Contuctus Service,200,OK,Thread Group 1-7,text,true,,809,225,2,2,387,0,0
1489230027866,385,Contuctus Service,200,OK,Thread Group 1-8,text,true,,809,225,2,2,385,0,0
1489230027908,386,News English,200,OK,Thread Group 1-7,text,true,,4085,228,2,2,386,0,0
1489230028251,386,News English,200,OK,Thread Group 1-8,text,true,,4085,228,2,2,386,0,0
1489230028294,385,News Arabic,200,OK,Thread Group 1-7,text,true,,2812,228,2,2,385,0,0
1489230028637,385,News Arabic,200,OK,Thread Group 1-8,text,true,,2812,228,1,1,385,0,0
1489230029022,387,Logon API Request,200,OK,Thread Group 1-8,text,true,,437,277,2,2,387,0,0
1489230029363,388,Logon API Request,200,OK,Thread Group 1-9,text,true,,437,277,2,2,388,0,2
1489230029409,387,PrivacyPolicy Service,200,OK,Thread Group 1-8,text,true,,967,229,2,2,387,0,2
1489230029752,386,PrivacyPolicy Service,200,OK,Thread Group 1-9,text,true,,967,229,2,2,386,0,2
1489230029796,386,Contuctus Service,200,OK,Thread Group 1-8,text,true,,809,225,2,2,386,0,0
1489230030141,384,Contuctus Service,200,OK,Thread Group 1-9,text,true,,809,225,2,2,384,0,0
1489230030182,385,News English,200,OK,Thread Group 1-8,text,true,,4085,228,2,2,385,0,0
1489230030526,385,News English,200,OK,Thread Group 1-9,text,true,,4085,228,2,2,385,0,0
1489230030567,385,News Arabic,200,OK,Thread Group 1-8,text,true,,2812,228,2,2,385,0,0
1489230030911,385,News Arabic,200,OK,Thread Group 1-9,text,true,,2812,228,2,2,385,0,0
1489230030953,389,Logon API Request,200,OK,Thread Group 1-8,text,true,,437,277,2,2,389,0,2
1489230031297,386,Logon API Request,200,OK,Thread Group 1-9,text,true,,437,277,2,2,386,0,0
1489230031342,385,PrivacyPolicy Service,200,OK,Thread Group 1-8,text,true,,967,229,2,2,385,0,0
1489230031683,386,PrivacyPolicy Service,200,OK,Thread Group 1-9,text,true,,967,229,2,2,386,0,0
1489230031728,387,Contuctus Service,200,OK,Thread Group 1-8,text,true,,809,225,2,2,387,0,2
1489230032069,387,Contuctus Service,200,OK,Thread Group 1-9,text,true,,809,225,2,2,387,0,3
1489230032115,386,News English,200,OK,Thread Group 1-8,text,true,,4085,228,2,2,386,0,0
1489230032456,386,News English,200,OK,Thread Group 1-9,text,true,,4085,228,2,2,386,0,0
1489230032501,384,News Arabic,200,OK,Thread Group 1-8,text,true,,2812,228,2,2,384,0,0
1489230032842,385,News Arabic,200,OK,Thread Group 1-9,text,true,,2812,228,2,2,385,0,0
1489230032885,388,Logon API Request,200,OK,Thread Group 1-8,text,true,,437,277,2,2,388,0,0
1489230033228,389,Logon API Request,200,OK,Thread Group 1-9,text,true,,437,277,2,2,389,0,2
1489230033273,385,PrivacyPolicy Service,200,OK,Thread Group 1-8,text,true,,967,229,2,2,385,0,0
1489230033618,385,PrivacyPolicy Service,200,OK,Thread Group 1-9,text,true,,967,229,2,2,385,0,0
1489230033659,385,Contuctus Service,200,OK,Thread Group 1-8,text,true,,809,225,2,2,385,0,0
1489230034004,385,Contuctus Service,200,OK,Thread Group 1-9,text,true,,809,225,2,2,385,0,0
1489230034045,387,News English,200,OK,Thread Group 1-8,text,true,,4085,228,2,2,387,0,2
1489230034389,387,News English,200,OK,Thread Group 1-9,text,true,,4085,228,2,2,387,0,2
1489230034432,386,News Arabic,200,OK,Thread Group 1-8,text,true,,2812,228,2,2,386,0,0
1489230034776,385,News Arabic,200,OK,Thread Group 1-9,text,true,,2812,228,2,2,385,0,0
1489230034818,389,Logon API Request,200,OK,Thread Group 1-8,text,true,,437,277,2,2,389,0,2
1489230035161,388,Logon API Request,200,OK,Thread Group 1-9,text,true,,437,277,2,2,388,0,0
1489230035207,385,PrivacyPolicy Service,200,OK,Thread Group 1-8,text,true,,967,229,2,2,385,0,0
1489230035549,387,PrivacyPolicy Service,200,OK,Thread Group 1-9,text,true,,967,229,2,2,387,0,0
1489230035592,386,Contuctus Service,200,OK,Thread Group 1-8,text,true,,809,225,2,2,386,0,0
1489230035936,386,Contuctus Service,200,OK,Thread Group 1-9,text,true,,809,225,2,2,386,0,0
1489230035978,385,News English,200,OK,Thread Group 1-8,text,true,,4085,228,2,2,385,0,0
1489230036323,385,News English,200,OK,Thread Group 1-9,text,true,,4085,228,2,2,385,0,0
1489230036364,387,News Arabic,200,OK,Thread Group 1-8,text,true,,2812,228,2,2,387,0,2
1489230036709,387,News Arabic,200,OK,Thread Group 1-9,text,true,,2812,228,2,2,386,0,2
1489230036751,388,Logon API Request,200,OK,Thread Group 1-8,text,true,,437,277,2,2,387,0,0
1489230037096,389,Logon API Request,200,OK,Thread Group 1-9,text,true,,437,277,2,2,389,0,2
1489230037139,384,PrivacyPolicy Service,200,OK,Thread Group 1-8,text,true,,967,229,2,2,384,0,0
1489230037485,386,PrivacyPolicy Service,200,OK,Thread Group 1-9,text,true,,967,229,2,2,386,0,0
1489230037524,384,Contuctus Service,200,OK,Thread Group 1-8,text,true,,809,225,2,2,384,0,0
1489230037871,385,Contuctus Service,200,OK,Thread Group 1-9,text,true,,809,225,2,2,385,0,0
1489230037908,384,News English,200,OK,Thread Group 1-8,text,true,,4085,228,2,2,384,0,0
1489230038256,1453,News English,200,OK,Thread Group 1-9,text,true,,4085,228,3,3,1453,0,0
1489230039363,392,Logon API Request,200,OK,Thread Group 1-10,text,true,,437,277,3,3,392,0,4
1489230038292,1726,News Arabic,200,OK,Thread Group 1-8,text,true,,2812,228,3,3,1726,0,0
1489230039756,871,PrivacyPolicy Service,200,OK,Thread Group 1-10,text,true,,967,229,2,2,871,0,3
1489230039711,1111,News Arabic,200,OK,Thread Group 1-9,text,true,,2812,228,2,2,1111,0,1
1489230040823,389,Logon API Request,200,OK,Thread Group 1-9,text,true,,437,277,2,2,389,0,3
1489230040628,1015,Contuctus Service,200,OK,Thread Group 1-10,text,true,,809,225,2,2,1015,0,0
1489230041212,978,PrivacyPolicy Service,200,OK,Thread Group 1-9,text,true,,967,229,2,2,978,0,0
1489230041644,698,News English,200,OK,Thread Group 1-10,text,true,,4085,228,2,2,698,0,0
1489230042342,415,News Arabic,200,OK,Thread Group 1-10,text,true,,2812,228,2,2,415,0,4
1489230042190,569,Contuctus Service,200,OK,Thread Group 1-9,text,true,,809,225,2,2,569,0,4
1489230042758,392,Logon API Request,200,OK,Thread Group 1-10,text,true,,437,277,2,2,392,0,5
1489230043150,697,PrivacyPolicy Service,200,OK,Thread Group 1-10,text,true,,967,229,2,2,697,0,0
1489230042759,1205,News English,200,OK,Thread Group 1-9,text,true,,4085,228,2,2,1205,0,0
1489230043847,391,Contuctus Service,200,OK,Thread Group 1-10,text,true,,809,225,2,2,391,0,0
1489230043964,385,News Arabic,200,OK,Thread Group 1-9,text,true,,2812,228,2,2,385,0,0
1489230044238,385,News English,200,OK,Thread Group 1-10,text,true,,4085,228,2,2,385,0,0
1489230044350,389,Logon API Request,200,OK,Thread Group 1-9,text,true,,437,277,2,2,388,0,2
1489230044623,387,News Arabic,200,OK,Thread Group 1-10,text,true,,2812,228,2,2,387,0,2
1489230044738,388,PrivacyPolicy Service,200,OK,Thread Group 1-9,text,true,,967,229,2,2,388,0,3
1489230045010,389,Logon API Request,200,OK,Thread Group 1-10,text,true,,437,277,2,2,389,0,3
1489230045126,385,Contuctus Service,200,OK,Thread Group 1-9,text,true,,809,225,2,2,385,0,0
1489230045399,386,PrivacyPolicy Service,200,OK,Thread Group 1-10,text,true,,967,229,2,2,386,0,0
1489230045512,385,News English,200,OK,Thread Group 1-9,text,true,,4085,228,2,2,385,0,0
1489230045786,385,Contuctus Service,200,OK,Thread Group 1-10,text,true,,809,225,2,2,385,0,0
1489230045898,385,News Arabic,200,OK,Thread Group 1-9,text,true,,2812,228,2,2,385,0,0
1489230046171,386,News English,200,OK,Thread Group 1-10,text,true,,4085,228,2,2,386,0,0
1489230046283,387,Logon API Request,200,OK,Thread Group 1-9,text,true,,437,277,2,2,387,0,0
1489230046557,385,News Arabic,200,OK,Thread Group 1-10,text,true,,2812,228,2,2,385,0,0
1489230046671,384,PrivacyPolicy Service,200,OK,Thread Group 1-9,text,true,,967,229,2,2,384,0,0
1489230046943,387,Logon API Request,200,OK,Thread Group 1-10,text,true,,437,277,2,2,387,0,0
1489230047056,389,Contuctus Service,200,OK,Thread Group 1-9,text,true,,809,225,2,2,389,0,3
1489230047330,389,PrivacyPolicy Service,200,OK,Thread Group 1-10,text,true,,967,229,2,2,389,0,3
1489230047445,385,News English,200,OK,Thread Group 1-9,text,true,,4085,228,2,2,385,0,0
1489230047719,385,Contuctus Service,200,OK,Thread Group 1-10,text,true,,809,225,2,2,385,0,0
1489230047830,385,News Arabic,200,OK,Thread Group 1-9,text,true,,2812,228,2,2,385,0,0
1489230048105,384,News English,200,OK,Thread Group 1-10,text,true,,4085,228,2,2,384,0,0
1489230048215,389,Logon API Request,200,OK,Thread Group 1-9,text,true,,437,277,2,2,389,0,3
1489230048490,384,News Arabic,200,OK,Thread Group 1-10,text,true,,2812,228,2,2,384,0,0
1489230048605,385,PrivacyPolicy Service,200,OK,Thread Group 1-9,text,true,,967,229,2,2,385,0,0
1489230048874,388,Logon API Request,200,OK,Thread Group 1-10,text,true,,437,277,2,2,388,0,2
1489230048990,384,Contuctus Service,200,OK,Thread Group 1-9,text,true,,809,225,2,2,384,0,0
1489230049263,384,PrivacyPolicy Service,200,OK,Thread Group 1-10,text,true,,967,229,2,2,384,0,0
1489230049375,390,News English,200,OK,Thread Group 1-9,text,true,,4085,228,2,2,390,0,5
1489230049648,387,Contuctus Service,200,OK,Thread Group 1-10,text,true,,809,225,2,2,387,0,2
1489230049766,385,News Arabic,200,OK,Thread Group 1-9,text,true,,2812,228,2,2,385,0,0
1489230050036,384,News English,200,OK,Thread Group 1-10,text,true,,4085,228,2,2,384,0,0
1489230050151,387,Logon API Request,200,OK,Thread Group 1-9,text,true,,437,277,2,2,387,0,0
1489230050421,385,News Arabic,200,OK,Thread Group 1-10,text,true,,2812,228,2,2,384,0,0
1489230050538,386,PrivacyPolicy Service,200,OK,Thread Group 1-9,text,true,,967,229,2,2,386,0,0
1489230050806,387,Logon API Request,200,OK,Thread Group 1-10,text,true,,437,277,2,2,387,0,0
1489230050924,386,Contuctus Service,200,OK,Thread Group 1-9,text,true,,809,225,2,2,386,0,0
1489230051193,385,PrivacyPolicy Service,200,OK,Thread Group 1-10,text,true,,967,229,2,2,385,0,0
1489230051310,385,News English,200,OK,Thread Group 1-9,text,true,,4085,228,2,2,385,0,0
1489230051578,386,Contuctus Service,200,OK,Thread Group 1-10,text,true,,809,225,2,2,386,0,0
1489230051696,386,News Arabic,200,OK,Thread Group 1-9,text,true,,2812,228,2,2,386,0,2
1489230051965,386,News English,200,OK,Thread Group 1-10,text,true,,4085,228,1,1,386,0,2
1489230052352,384,News Arabic,200,OK,Thread Group 1-10,text,true,,2812,228,1,1,384,0,0
1489230052737,388,Logon API Request,200,OK,Thread Group 1-10,text,true,,437,277,1,1,388,0,2
1489230053125,391,PrivacyPolicy Service,200,OK,Thread Group 1-10,text,true,,967,229,1,1,391,0,0
1489230053516,390,Contuctus Service,200,OK,Thread Group 1-10,text,true,,809,225,1,1,390,0,0
1489230053906,391,News English,200,OK,Thread Group 1-10,text,true,,4085,228,1,1,391,0,0
1489230054297,390,News Arabic,200,OK,Thread Group 1-10,text,true,,2812,228,1,1,390,0,3
1489230054688,387,Logon API Request,200,OK,Thread Group 1-10,text,true,,437,277,1,1,387,0,0
1489230055075,396,PrivacyPolicy Service,200,OK,Thread Group 1-10,text,true,,967,229,1,1,396,0,0
1489230055472,390,Contuctus Service,200,OK,Thread Group 1-10,text,true,,809,225,1,1,390,0,0
1489230055862,391,News English,200,OK,Thread Group 1-10,text,true,,4085,228,1,1,391,0,0
1489230056253,390,News Arabic,200,OK,Thread Group 1-10,text,true,,2812,228,1,1,390,0,0
1489230056644,389,Logon API Request,200,OK,Thread Group 1-10,text,true,,437,277,1,1,389,0,2
1489230057034,385,PrivacyPolicy Service,200,OK,Thread Group 1-10,text,true,,967,229,1,1,385,0,2
1489230057420,390,Contuctus Service,200,OK,Thread Group 1-10,text,true,,809,225,1,1,390,0,0
1489230057810,390,News English,200,OK,Thread Group 1-10,text,true,,4085,228,1,1,390,0,0
1489230058201,390,News Arabic,200,OK,Thread Group 1-10,text,true,,2812,228,1,1,390,0,0
1489230058591,387,Logon API Request,200,OK,Thread Group 1-10,text,true,,437,277,1,1,387,0,0
1489230058979,390,PrivacyPolicy Service,200,OK,Thread Group 1-10,text,true,,967,229,1,1,390,0,0
1489230059369,390,Contuctus Service,200,OK,Thread Group 1-10,text,true,,809,225,1,1,390,0,2
1489230059760,390,News English,200,OK,Thread Group 1-10,text,true,,4085,228,1,1,389,0,0
1489230060152,388,News Arabic,200,OK,Thread Group 1-10,text,true,,2812,228,1,1,388,0,0
