timeStamp,elapsed,label,responseCode,responseMessage,threadName,dataType,success,failureMessage,bytes,sentBytes,grpThreads,allThreads,Latency,IdleTime,Connect
1489229022562,74,Logon API Request,200,OK,Thread Group 1-1,text,true,,437,277,1,1,74,0,49
1489229022643,43,PrivacyPolicy Service,200,OK,Thread Group 1-1,text,true,,967,229,1,1,42,0,2
1489229022687,77,Contuctus Service,200,OK,Thread Group 1-1,text,true,,809,225,1,1,77,0,0
1489229022765,102,News English,200,OK,Thread Group 1-1,text,true,,4085,228,1,1,102,0,0
1489229022868,38,News Arabic,200,OK,Thread Group 1-1,text,true,,2812,228,1,1,38,0,0
1489229022908,5,Logon API Request,200,OK,Thread Group 1-1,text,true,,437,277,1,1,5,0,0
1489229022914,33,PrivacyPolicy Service,200,OK,Thread Group 1-1,text,true,,967,229,1,1,32,0,0
1489229022947,30,Contuctus Service,200,OK,Thread Group 1-1,text,true,,809,225,1,1,30,0,0
1489229022978,26,News English,200,OK,Thread Group 1-1,text,true,,4085,228,1,1,26,0,0
1489229023005,30,News Arabic,200,OK,Thread Group 1-1,text,true,,2812,228,1,1,30,0,0
1489229023036,3,Logon API Request,200,OK,Thread Group 1-1,text,true,,437,277,1,1,3,0,0
1489229023040,29,PrivacyPolicy Service,200,OK,Thread Group 1-1,text,true,,967,229,1,1,29,0,0
1489229023070,31,Contuctus Service,200,OK,Thread Group 1-1,text,true,,809,225,1,1,31,0,0
1489229023102,27,News English,200,OK,Thread Group 1-1,text,true,,4085,228,1,1,27,0,0
1489229023130,26,News Arabic,200,OK,Thread Group 1-1,text,true,,2812,228,1,1,26,0,0
1489229023157,5,Logon API Request,200,OK,Thread Group 1-1,text,true,,437,277,1,1,5,0,0
1489229023163,29,PrivacyPolicy Service,200,OK,Thread Group 1-1,text,true,,967,229,1,1,29,0,0
1489229023193,81,Contuctus Service,200,OK,Thread Group 1-1,text,true,,809,225,1,1,81,0,0
1489229023275,27,News English,200,OK,Thread Group 1-1,text,true,,4085,228,1,1,27,0,0
1489229023302,28,News Arabic,200,OK,Thread Group 1-1,text,true,,2812,228,1,1,28,0,0
1489229023331,4,Logon API Request,200,OK,Thread Group 1-1,text,true,,437,277,1,1,4,0,0
1489229023336,28,PrivacyPolicy Service,200,OK,Thread Group 1-1,text,true,,967,229,1,1,28,0,0
1489229023365,32,Contuctus Service,200,OK,Thread Group 1-1,text,true,,809,225,1,1,32,0,0
1489229023398,35,News English,200,OK,Thread Group 1-1,text,true,,4085,228,1,1,34,0,0
1489229023433,27,News Arabic,200,OK,Thread Group 1-1,text,true,,2812,228,1,1,27,0,0
1489229023461,5,Logon API Request,200,OK,Thread Group 1-1,text,true,,437,277,1,1,5,0,0
1489229023467,29,PrivacyPolicy Service,200,OK,Thread Group 1-1,text,true,,967,229,1,1,29,0,0
1489229023497,29,Contuctus Service,200,OK,Thread Group 1-1,text,true,,809,225,1,1,29,0,0
1489229023527,28,News English,200,OK,Thread Group 1-1,text,true,,4085,228,1,1,28,0,0
1489229023556,26,News Arabic,200,OK,Thread Group 1-1,text,true,,2812,228,1,1,26,0,0
1489229023583,5,Logon API Request,200,OK,Thread Group 1-1,text,true,,437,277,1,1,5,0,0
1489229023588,31,PrivacyPolicy Service,200,OK,Thread Group 1-1,text,true,,967,229,1,1,31,0,0
1489229023620,29,Contuctus Service,200,OK,Thread Group 1-1,text,true,,809,225,1,1,29,0,0
1489229023650,26,News English,200,OK,Thread Group 1-1,text,true,,4085,228,1,1,26,0,0
1489229023676,27,News Arabic,200,OK,Thread Group 1-1,text,true,,2812,228,1,1,27,0,0
1489229023704,4,Logon API Request,200,OK,Thread Group 1-1,text,true,,437,277,1,1,4,0,0
1489229023709,28,PrivacyPolicy Service,200,OK,Thread Group 1-1,text,true,,967,229,1,1,28,0,0
1489229023738,29,Contuctus Service,200,OK,Thread Group 1-1,text,true,,809,225,1,1,29,0,0
1489229023768,24,News English,200,OK,Thread Group 1-1,text,true,,4085,228,1,1,24,0,0
1489229023793,23,News Arabic,200,OK,Thread Group 1-1,text,true,,2812,228,1,1,23,0,0
1489229023817,4,Logon API Request,200,OK,Thread Group 1-1,text,true,,437,277,1,1,4,0,0
1489229023822,26,PrivacyPolicy Service,200,OK,Thread Group 1-1,text,true,,967,229,1,1,26,0,0
1489229023849,28,Contuctus Service,200,OK,Thread Group 1-1,text,true,,809,225,1,1,28,0,0
1489229023878,27,News English,200,OK,Thread Group 1-1,text,true,,4085,228,1,1,27,0,0
1489229023905,27,News Arabic,200,OK,Thread Group 1-1,text,true,,2812,228,1,1,27,0,0
1489229023932,5,Logon API Request,200,OK,Thread Group 1-1,text,true,,437,277,1,1,5,0,0
1489229023938,28,PrivacyPolicy Service,200,OK,Thread Group 1-1,text,true,,967,229,1,1,28,0,0
1489229023967,31,Contuctus Service,200,OK,Thread Group 1-1,text,true,,809,225,1,1,31,0,0
1489229023999,27,News English,200,OK,Thread Group 1-1,text,true,,4085,228,1,1,27,0,0
1489229024026,27,News Arabic,200,OK,Thread Group 1-1,text,true,,2812,228,1,1,27,0,0
1489229032490,8,Logon API Request,200,OK,Thread Group 1-2,text,true,,437,277,1,1,8,0,2
1489229032499,33,PrivacyPolicy Service,200,OK,Thread Group 1-2,text,true,,967,229,1,1,33,0,2
1489229032532,29,Contuctus Service,200,OK,Thread Group 1-2,text,true,,809,225,1,1,29,0,0
1489229032562,26,News English,200,OK,Thread Group 1-2,text,true,,4085,228,1,1,26,0,0
1489229032588,26,News Arabic,200,OK,Thread Group 1-2,text,true,,2812,228,1,1,26,0,0
1489229032615,4,Logon API Request,200,OK,Thread Group 1-2,text,true,,437,277,1,1,4,0,0
1489229032619,27,PrivacyPolicy Service,200,OK,Thread Group 1-2,text,true,,967,229,1,1,27,0,0
1489229032647,28,Contuctus Service,200,OK,Thread Group 1-2,text,true,,809,225,1,1,28,0,0
1489229032676,24,News English,200,OK,Thread Group 1-2,text,true,,4085,228,1,1,24,0,0
1489229032701,25,News Arabic,200,OK,Thread Group 1-2,text,true,,2812,228,1,1,25,0,0
1489229032726,5,Logon API Request,200,OK,Thread Group 1-2,text,true,,437,277,1,1,5,0,0
1489229032731,30,PrivacyPolicy Service,200,OK,Thread Group 1-2,text,true,,967,229,1,1,30,0,0
1489229032761,31,Contuctus Service,200,OK,Thread Group 1-2,text,true,,809,225,1,1,31,0,0
1489229032792,27,News English,200,OK,Thread Group 1-2,text,true,,4085,228,1,1,27,0,0
1489229032820,26,News Arabic,200,OK,Thread Group 1-2,text,true,,2812,228,1,1,26,0,0
1489229032846,4,Logon API Request,200,OK,Thread Group 1-2,text,true,,437,277,1,1,4,0,0
1489229032851,28,PrivacyPolicy Service,200,OK,Thread Group 1-2,text,true,,967,229,1,1,27,0,0
1489229032879,31,Contuctus Service,200,OK,Thread Group 1-2,text,true,,809,225,1,1,31,0,0
1489229032910,26,News English,200,OK,Thread Group 1-2,text,true,,4085,228,1,1,26,0,0
1489229032937,26,News Arabic,200,OK,Thread Group 1-2,text,true,,2812,228,1,1,26,0,0
1489229032963,5,Logon API Request,200,OK,Thread Group 1-2,text,true,,437,277,1,1,5,0,0
1489229032968,28,PrivacyPolicy Service,200,OK,Thread Group 1-2,text,true,,967,229,1,1,28,0,0
1489229032997,29,Contuctus Service,200,OK,Thread Group 1-2,text,true,,809,225,1,1,29,0,0
1489229033027,25,News English,200,OK,Thread Group 1-2,text,true,,4085,228,1,1,25,0,0
1489229033052,25,News Arabic,200,OK,Thread Group 1-2,text,true,,2812,228,1,1,25,0,0
1489229033078,4,Logon API Request,200,OK,Thread Group 1-2,text,true,,437,277,1,1,4,0,0
1489229033082,28,PrivacyPolicy Service,200,OK,Thread Group 1-2,text,true,,967,229,1,1,28,0,0
1489229033110,28,Contuctus Service,200,OK,Thread Group 1-2,text,true,,809,225,1,1,28,0,0
1489229033139,24,News English,200,OK,Thread Group 1-2,text,true,,4085,228,1,1,24,0,0
1489229033163,26,News Arabic,200,OK,Thread Group 1-2,text,true,,2812,228,1,1,26,0,0
1489229033190,4,Logon API Request,200,OK,Thread Group 1-2,text,true,,437,277,1,1,4,0,0
1489229033194,26,PrivacyPolicy Service,200,OK,Thread Group 1-2,text,true,,967,229,1,1,26,0,0
1489229033221,29,Contuctus Service,200,OK,Thread Group 1-2,text,true,,809,225,1,1,29,0,0
1489229033250,24,News English,200,OK,Thread Group 1-2,text,true,,4085,228,1,1,24,0,0
1489229033275,23,News Arabic,200,OK,Thread Group 1-2,text,true,,2812,228,1,1,23,0,0
1489229033299,4,Logon API Request,200,OK,Thread Group 1-2,text,true,,437,277,1,1,4,0,0
1489229033304,27,PrivacyPolicy Service,200,OK,Thread Group 1-2,text,true,,967,229,1,1,27,0,0
1489229033332,27,Contuctus Service,200,OK,Thread Group 1-2,text,true,,809,225,1,1,27,0,0
1489229033359,24,News English,200,OK,Thread Group 1-2,text,true,,4085,228,1,1,24,0,0
1489229033383,24,News Arabic,200,OK,Thread Group 1-2,text,true,,2812,228,1,1,24,0,0
1489229033407,3,Logon API Request,200,OK,Thread Group 1-2,text,true,,437,277,1,1,3,0,0
1489229033411,27,PrivacyPolicy Service,200,OK,Thread Group 1-2,text,true,,967,229,1,1,27,0,0
1489229033438,35,Contuctus Service,200,OK,Thread Group 1-2,text,true,,809,225,1,1,35,0,0
1489229033474,25,News English,200,OK,Thread Group 1-2,text,true,,4085,228,1,1,25,0,0
1489229033500,24,News Arabic,200,OK,Thread Group 1-2,text,true,,2812,228,1,1,24,0,0
1489229033524,4,Logon API Request,200,OK,Thread Group 1-2,text,true,,437,277,1,1,4,0,0
1489229033529,28,PrivacyPolicy Service,200,OK,Thread Group 1-2,text,true,,967,229,1,1,28,0,0
1489229033558,30,Contuctus Service,200,OK,Thread Group 1-2,text,true,,809,225,1,1,29,0,0
1489229033588,26,News English,200,OK,Thread Group 1-2,text,true,,4085,228,1,1,26,0,0
1489229033614,24,News Arabic,200,OK,Thread Group 1-2,text,true,,2812,228,1,1,24,0,0
1489229042506,7,Logon API Request,200,OK,Thread Group 1-3,text,true,,437,277,1,1,7,0,2
1489229042517,31,PrivacyPolicy Service,200,OK,Thread Group 1-3,text,true,,967,229,1,1,31,0,2
1489229042549,28,Contuctus Service,200,OK,Thread Group 1-3,text,true,,809,225,1,1,28,0,0
1489229042578,26,News English,200,OK,Thread Group 1-3,text,true,,4085,228,1,1,25,0,0
1489229042604,25,News Arabic,200,OK,Thread Group 1-3,text,true,,2812,228,1,1,25,0,0
1489229042630,3,Logon API Request,200,OK,Thread Group 1-3,text,true,,437,277,1,1,3,0,0
1489229042634,26,PrivacyPolicy Service,200,OK,Thread Group 1-3,text,true,,967,229,1,1,26,0,0
1489229042661,28,Contuctus Service,200,OK,Thread Group 1-3,text,true,,809,225,1,1,28,0,0
1489229042689,24,News English,200,OK,Thread Group 1-3,text,true,,4085,228,1,1,24,0,0
1489229042714,24,News Arabic,200,OK,Thread Group 1-3,text,true,,2812,228,1,1,24,0,0
1489229042739,4,Logon API Request,200,OK,Thread Group 1-3,text,true,,437,277,1,1,4,0,0
1489229042743,28,PrivacyPolicy Service,200,OK,Thread Group 1-3,text,true,,967,229,1,1,28,0,0
1489229042771,28,Contuctus Service,200,OK,Thread Group 1-3,text,true,,809,225,1,1,28,0,0
1489229042799,24,News English,200,OK,Thread Group 1-3,text,true,,4085,228,1,1,24,0,0
1489229042824,23,News Arabic,200,OK,Thread Group 1-3,text,true,,2812,228,1,1,23,0,0
1489229042847,4,Logon API Request,200,OK,Thread Group 1-3,text,true,,437,277,1,1,4,0,0
1489229042852,27,PrivacyPolicy Service,200,OK,Thread Group 1-3,text,true,,967,229,1,1,27,0,0
1489229042879,30,Contuctus Service,200,OK,Thread Group 1-3,text,true,,809,225,1,1,30,0,0
1489229042910,50,News English,200,OK,Thread Group 1-3,text,true,,4085,228,1,1,50,0,0
1489229042960,26,News Arabic,200,OK,Thread Group 1-3,text,true,,2812,228,1,1,26,0,0
1489229042987,4,Logon API Request,200,OK,Thread Group 1-3,text,true,,437,277,1,1,4,0,0
1489229042991,29,PrivacyPolicy Service,200,OK,Thread Group 1-3,text,true,,967,229,1,1,28,0,0
1489229043020,31,Contuctus Service,200,OK,Thread Group 1-3,text,true,,809,225,1,1,31,0,0
1489229043052,28,News English,200,OK,Thread Group 1-3,text,true,,4085,228,1,1,27,0,0
1489229043080,28,News Arabic,200,OK,Thread Group 1-3,text,true,,2812,228,1,1,28,0,0
1489229043109,4,Logon API Request,200,OK,Thread Group 1-3,text,true,,437,277,1,1,4,0,0
1489229043113,29,PrivacyPolicy Service,200,OK,Thread Group 1-3,text,true,,967,229,1,1,29,0,0
1489229043142,31,Contuctus Service,200,OK,Thread Group 1-3,text,true,,809,225,1,1,31,0,0
1489229043174,25,News English,200,OK,Thread Group 1-3,text,true,,4085,228,1,1,25,0,0
1489229043199,25,News Arabic,200,OK,Thread Group 1-3,text,true,,2812,228,1,1,25,0,0
1489229043225,3,Logon API Request,200,OK,Thread Group 1-3,text,true,,437,277,1,1,3,0,0
1489229043229,28,PrivacyPolicy Service,200,OK,Thread Group 1-3,text,true,,967,229,1,1,28,0,0
1489229043257,29,Contuctus Service,200,OK,Thread Group 1-3,text,true,,809,225,1,1,29,0,0
1489229043287,25,News English,200,OK,Thread Group 1-3,text,true,,4085,228,1,1,25,0,0
1489229043313,24,News Arabic,200,OK,Thread Group 1-3,text,true,,2812,228,1,1,24,0,0
1489229043338,4,Logon API Request,200,OK,Thread Group 1-3,text,true,,437,277,1,1,4,0,0
1489229043342,28,PrivacyPolicy Service,200,OK,Thread Group 1-3,text,true,,967,229,1,1,28,0,0
1489229043371,29,Contuctus Service,200,OK,Thread Group 1-3,text,true,,809,225,1,1,29,0,0
1489229043400,26,News English,200,OK,Thread Group 1-3,text,true,,4085,228,1,1,26,0,0
1489229043427,26,News Arabic,200,OK,Thread Group 1-3,text,true,,2812,228,1,1,26,0,0
1489229043453,4,Logon API Request,200,OK,Thread Group 1-3,text,true,,437,277,1,1,4,0,0
1489229043458,34,PrivacyPolicy Service,200,OK,Thread Group 1-3,text,true,,967,229,1,1,34,0,0
1489229043493,28,Contuctus Service,200,OK,Thread Group 1-3,text,true,,809,225,1,1,28,0,0
1489229043521,25,News English,200,OK,Thread Group 1-3,text,true,,4085,228,1,1,25,0,0
1489229043546,26,News Arabic,200,OK,Thread Group 1-3,text,true,,2812,228,1,1,26,0,0
1489229043572,4,Logon API Request,200,OK,Thread Group 1-3,text,true,,437,277,1,1,4,0,0
1489229043577,42,PrivacyPolicy Service,200,OK,Thread Group 1-3,text,true,,967,229,1,1,42,0,0
1489229052508,8,Logon API Request,200,OK,Thread Group 1-4,text,true,,437,277,2,2,8,0,2
1489229052517,972,PrivacyPolicy Service,200,OK,Thread Group 1-4,text,true,,967,229,2,2,972,0,2
1489229053488,67,Contuctus Service,200,OK,Thread Group 1-4,text,true,,809,225,2,2,67,0,0
1489229053556,223,News English,200,OK,Thread Group 1-4,text,true,,4085,228,2,2,223,0,0
1489229053779,231,News Arabic,200,OK,Thread Group 1-4,text,true,,2812,228,2,2,231,0,0
1489229054011,4,Logon API Request,200,OK,Thread Group 1-4,text,true,,437,277,2,2,4,0,0
1489229054015,69,PrivacyPolicy Service,200,OK,Thread Group 1-4,text,true,,967,229,2,2,69,0,0
1489229054084,67,Contuctus Service,200,OK,Thread Group 1-4,text,true,,809,225,2,2,67,0,0
1489229054152,24,News English,200,OK,Thread Group 1-4,text,true,,4085,228,2,2,24,0,0
1489229054177,26,News Arabic,200,OK,Thread Group 1-4,text,true,,2812,228,2,2,26,0,0
1489229054203,4,Logon API Request,200,OK,Thread Group 1-4,text,true,,437,277,2,2,4,0,0
1489229054207,27,PrivacyPolicy Service,200,OK,Thread Group 1-4,text,true,,967,229,2,2,27,0,0
1489229054234,30,Contuctus Service,200,OK,Thread Group 1-4,text,true,,809,225,2,2,30,0,0
1489229054264,27,News English,200,OK,Thread Group 1-4,text,true,,4085,228,2,2,26,0,0
1489229054291,26,News Arabic,200,OK,Thread Group 1-4,text,true,,2812,228,2,2,26,0,0
1489229054318,4,Logon API Request,200,OK,Thread Group 1-4,text,true,,437,277,2,2,4,0,0
1489229054322,28,PrivacyPolicy Service,200,OK,Thread Group 1-4,text,true,,967,229,2,2,28,0,0
1489229054350,29,Contuctus Service,200,OK,Thread Group 1-4,text,true,,809,225,2,2,29,0,0
1489229054380,25,News English,200,OK,Thread Group 1-4,text,true,,4085,228,2,2,25,0,0
1489229054406,25,News Arabic,200,OK,Thread Group 1-4,text,true,,2812,228,2,2,25,0,0
1489229054431,4,Logon API Request,200,OK,Thread Group 1-4,text,true,,437,277,2,2,4,0,0
1489229054436,29,PrivacyPolicy Service,200,OK,Thread Group 1-4,text,true,,967,229,2,2,29,0,0
1489229054465,31,Contuctus Service,200,OK,Thread Group 1-4,text,true,,809,225,2,2,30,0,0
1489229054496,26,News English,200,OK,Thread Group 1-4,text,true,,4085,228,2,2,26,0,0
1489229054522,29,News Arabic,200,OK,Thread Group 1-4,text,true,,2812,228,2,2,29,0,3
1489229054551,6,Logon API Request,200,OK,Thread Group 1-4,text,true,,437,277,2,2,6,0,3
1489229054558,28,PrivacyPolicy Service,200,OK,Thread Group 1-4,text,true,,967,229,2,2,28,0,0
1489229054586,31,Contuctus Service,200,OK,Thread Group 1-4,text,true,,809,225,2,2,31,0,0
1489229054617,26,News English,200,OK,Thread Group 1-4,text,true,,4085,228,2,2,26,0,0
1489229054643,25,News Arabic,200,OK,Thread Group 1-4,text,true,,2812,228,2,2,25,0,0
1489229054668,5,Logon API Request,200,OK,Thread Group 1-4,text,true,,437,277,2,2,5,0,0
1489229054673,27,PrivacyPolicy Service,200,OK,Thread Group 1-4,text,true,,967,229,2,2,27,0,0
1489229054701,28,Contuctus Service,200,OK,Thread Group 1-4,text,true,,809,225,2,2,28,0,0
1489229054729,27,News English,200,OK,Thread Group 1-4,text,true,,4085,228,2,2,27,0,0
1489229054757,25,News Arabic,200,OK,Thread Group 1-4,text,true,,2812,228,2,2,25,0,0
1489229054782,4,Logon API Request,200,OK,Thread Group 1-4,text,true,,437,277,2,2,4,0,0
1489229054786,27,PrivacyPolicy Service,200,OK,Thread Group 1-4,text,true,,967,229,2,2,27,0,0
1489229054814,29,Contuctus Service,200,OK,Thread Group 1-4,text,true,,809,225,2,2,29,0,0
1489229054844,24,News English,200,OK,Thread Group 1-4,text,true,,4085,228,2,2,24,0,0
1489229054869,24,News Arabic,200,OK,Thread Group 1-4,text,true,,2812,228,2,2,24,0,0
1489229054893,4,Logon API Request,200,OK,Thread Group 1-4,text,true,,437,277,2,2,4,0,0
1489229054897,28,PrivacyPolicy Service,200,OK,Thread Group 1-4,text,true,,967,229,2,2,28,0,0
1489229054925,29,Contuctus Service,200,OK,Thread Group 1-4,text,true,,809,225,2,2,29,0,0
1489229054955,25,News English,200,OK,Thread Group 1-4,text,true,,4085,228,2,2,25,0,0
1489229054980,26,News Arabic,200,OK,Thread Group 1-4,text,true,,2812,228,2,2,26,0,0
1489229055007,5,Logon API Request,200,OK,Thread Group 1-4,text,true,,437,277,2,2,5,0,0
1489229055012,28,PrivacyPolicy Service,200,OK,Thread Group 1-4,text,true,,967,229,2,2,28,0,0
1489229055040,29,Contuctus Service,200,OK,Thread Group 1-4,text,true,,809,225,2,2,29,0,0
1489229055070,26,News English,200,OK,Thread Group 1-4,text,true,,4085,228,2,2,26,0,0
1489229055096,24,News Arabic,200,OK,Thread Group 1-4,text,true,,2812,228,2,2,24,0,0
1489229043620,13547,Contuctus Service,200,OK,Thread Group 1-3,text,true,,809,225,1,1,13547,0,0
1489229057168,28,News English,200,OK,Thread Group 1-3,text,true,,4085,228,1,1,28,0,2
1489229057197,25,News Arabic,200,OK,Thread Group 1-3,text,true,,2812,228,1,1,25,0,0
1489229062506,7,Logon API Request,200,OK,Thread Group 1-5,text,true,,437,277,1,1,7,0,3
1489229062513,567,PrivacyPolicy Service,200,OK,Thread Group 1-5,text,true,,967,229,1,1,567,0,2
1489229063080,534,Contuctus Service,200,OK,Thread Group 1-5,text,true,,809,225,1,1,534,0,0
1489229063614,435,News English,200,OK,Thread Group 1-5,text,true,,4085,228,1,1,435,0,0
1489229064050,35,News Arabic,200,OK,Thread Group 1-5,text,true,,2812,228,1,1,35,0,0
1489229064086,4,Logon API Request,200,OK,Thread Group 1-5,text,true,,437,277,1,1,4,0,0
1489229064090,69,PrivacyPolicy Service,200,OK,Thread Group 1-5,text,true,,967,229,1,1,69,0,0
1489229064160,63,Contuctus Service,200,OK,Thread Group 1-5,text,true,,809,225,1,1,63,0,0
1489229064224,27,News English,200,OK,Thread Group 1-5,text,true,,4085,228,1,1,27,0,0
1489229064251,27,News Arabic,200,OK,Thread Group 1-5,text,true,,2812,228,1,1,27,0,0
1489229064279,37,Logon API Request,200,OK,Thread Group 1-5,text,true,,437,277,1,1,37,0,0
1489229064317,29,PrivacyPolicy Service,200,OK,Thread Group 1-5,text,true,,967,229,1,1,29,0,0
1489229064346,29,Contuctus Service,200,OK,Thread Group 1-5,text,true,,809,225,1,1,29,0,0
1489229064376,44,News English,200,OK,Thread Group 1-5,text,true,,4085,228,1,1,44,0,0
1489229064420,26,News Arabic,200,OK,Thread Group 1-5,text,true,,2812,228,1,1,26,0,0
1489229064446,4,Logon API Request,200,OK,Thread Group 1-5,text,true,,437,277,1,1,4,0,0
1489229064451,27,PrivacyPolicy Service,200,OK,Thread Group 1-5,text,true,,967,229,1,1,27,0,0
1489229064478,29,Contuctus Service,200,OK,Thread Group 1-5,text,true,,809,225,1,1,29,0,0
1489229064507,24,News English,200,OK,Thread Group 1-5,text,true,,4085,228,1,1,24,0,0
1489229064531,27,News Arabic,200,OK,Thread Group 1-5,text,true,,2812,228,1,1,27,0,2
1489229064558,6,Logon API Request,200,OK,Thread Group 1-5,text,true,,437,277,1,1,6,0,2
1489229064564,28,PrivacyPolicy Service,200,OK,Thread Group 1-5,text,true,,967,229,1,1,28,0,0
1489229064592,30,Contuctus Service,200,OK,Thread Group 1-5,text,true,,809,225,1,1,30,0,0
1489229064622,64,News English,200,OK,Thread Group 1-5,text,true,,4085,228,1,1,64,0,0
1489229064686,25,News Arabic,200,OK,Thread Group 1-5,text,true,,2812,228,1,1,25,0,0
1489229064712,4,Logon API Request,200,OK,Thread Group 1-5,text,true,,437,277,1,1,4,0,0
1489229064716,28,PrivacyPolicy Service,200,OK,Thread Group 1-5,text,true,,967,229,1,1,28,0,0
1489229064745,30,Contuctus Service,200,OK,Thread Group 1-5,text,true,,809,225,1,1,30,0,0
1489229064776,26,News English,200,OK,Thread Group 1-5,text,true,,4085,228,1,1,26,0,0
1489229064802,26,News Arabic,200,OK,Thread Group 1-5,text,true,,2812,228,1,1,26,0,0
1489229064828,4,Logon API Request,200,OK,Thread Group 1-5,text,true,,437,277,1,1,4,0,0
1489229064833,28,PrivacyPolicy Service,200,OK,Thread Group 1-5,text,true,,967,229,1,1,28,0,0
1489229064861,29,Contuctus Service,200,OK,Thread Group 1-5,text,true,,809,225,1,1,29,0,0
1489229064890,27,News English,200,OK,Thread Group 1-5,text,true,,4085,228,1,1,27,0,0
1489229064918,26,News Arabic,200,OK,Thread Group 1-5,text,true,,2812,228,1,1,26,0,0
1489229064944,5,Logon API Request,200,OK,Thread Group 1-5,text,true,,437,277,1,1,5,0,0
1489229064949,30,PrivacyPolicy Service,200,OK,Thread Group 1-5,text,true,,967,229,1,1,30,0,0
1489229064979,29,Contuctus Service,200,OK,Thread Group 1-5,text,true,,809,225,1,1,29,0,0
1489229065008,24,News English,200,OK,Thread Group 1-5,text,true,,4085,228,1,1,24,0,0
1489229065032,24,News Arabic,200,OK,Thread Group 1-5,text,true,,2812,228,1,1,24,0,0
1489229065057,4,Logon API Request,200,OK,Thread Group 1-5,text,true,,437,277,1,1,4,0,0
1489229065061,28,PrivacyPolicy Service,200,OK,Thread Group 1-5,text,true,,967,229,1,1,27,0,0
1489229065089,29,Contuctus Service,200,OK,Thread Group 1-5,text,true,,809,225,1,1,29,0,0
1489229065118,25,News English,200,OK,Thread Group 1-5,text,true,,4085,228,1,1,25,0,0
1489229065143,25,News Arabic,200,OK,Thread Group 1-5,text,true,,2812,228,1,1,25,0,0
1489229065169,4,Logon API Request,200,OK,Thread Group 1-5,text,true,,437,277,1,1,4,0,0
1489229065174,28,PrivacyPolicy Service,200,OK,Thread Group 1-5,text,true,,967,229,1,1,27,0,0
1489229065202,29,Contuctus Service,200,OK,Thread Group 1-5,text,true,,809,225,1,1,29,0,0
1489229065231,36,News English,200,OK,Thread Group 1-5,text,true,,4085,228,1,1,36,0,0
1489229065268,29,News Arabic,200,OK,Thread Group 1-5,text,true,,2812,228,1,1,29,0,0
1489229072508,6,Logon API Request,200,OK,Thread Group 1-6,text,true,,437,277,1,1,6,0,2
1489229072520,33,PrivacyPolicy Service,200,OK,Thread Group 1-6,text,true,,967,229,1,1,32,0,2
1489229072553,29,Contuctus Service,200,OK,Thread Group 1-6,text,true,,809,225,1,1,29,0,0
1489229072583,26,News English,200,OK,Thread Group 1-6,text,true,,4085,228,1,1,26,0,0
1489229072609,24,News Arabic,200,OK,Thread Group 1-6,text,true,,2812,228,1,1,24,0,0
1489229072634,4,Logon API Request,200,OK,Thread Group 1-6,text,true,,437,277,1,1,4,0,0
1489229072639,27,PrivacyPolicy Service,200,OK,Thread Group 1-6,text,true,,967,229,1,1,26,0,0
1489229072666,27,Contuctus Service,200,OK,Thread Group 1-6,text,true,,809,225,1,1,27,0,0
1489229072694,23,News English,200,OK,Thread Group 1-6,text,true,,4085,228,1,1,23,0,0
1489229072718,23,News Arabic,200,OK,Thread Group 1-6,text,true,,2812,228,1,1,23,0,0
1489229072742,4,Logon API Request,200,OK,Thread Group 1-6,text,true,,437,277,1,1,3,0,0
1489229072746,27,PrivacyPolicy Service,200,OK,Thread Group 1-6,text,true,,967,229,1,1,27,0,0
1489229072774,28,Contuctus Service,200,OK,Thread Group 1-6,text,true,,809,225,1,1,28,0,0
1489229072802,24,News English,200,OK,Thread Group 1-6,text,true,,4085,228,1,1,24,0,0
1489229072826,23,News Arabic,200,OK,Thread Group 1-6,text,true,,2812,228,1,1,23,0,0
1489229072849,4,Logon API Request,200,OK,Thread Group 1-6,text,true,,437,277,1,1,4,0,0
1489229072853,26,PrivacyPolicy Service,200,OK,Thread Group 1-6,text,true,,967,229,1,1,26,0,0
1489229072880,28,Contuctus Service,200,OK,Thread Group 1-6,text,true,,809,225,1,1,28,0,0
1489229072908,26,News English,200,OK,Thread Group 1-6,text,true,,4085,228,1,1,26,0,0
1489229072934,24,News Arabic,200,OK,Thread Group 1-6,text,true,,2812,228,1,1,24,0,0
1489229072958,3,Logon API Request,200,OK,Thread Group 1-6,text,true,,437,277,1,1,3,0,0
1489229072962,25,PrivacyPolicy Service,200,OK,Thread Group 1-6,text,true,,967,229,1,1,25,0,0
1489229072988,27,Contuctus Service,200,OK,Thread Group 1-6,text,true,,809,225,1,1,27,0,0
1489229073016,24,News English,200,OK,Thread Group 1-6,text,true,,4085,228,1,1,24,0,0
1489229073040,25,News Arabic,200,OK,Thread Group 1-6,text,true,,2812,228,1,1,25,0,0
1489229073065,4,Logon API Request,200,OK,Thread Group 1-6,text,true,,437,277,1,1,4,0,0
1489229073070,28,PrivacyPolicy Service,200,OK,Thread Group 1-6,text,true,,967,229,1,1,27,0,0
1489229073098,32,Contuctus Service,200,OK,Thread Group 1-6,text,true,,809,225,1,1,32,0,0
1489229073131,24,News English,200,OK,Thread Group 1-6,text,true,,4085,228,1,1,24,0,0
1489229073156,24,News Arabic,200,OK,Thread Group 1-6,text,true,,2812,228,1,1,24,0,0
1489229073180,4,Logon API Request,200,OK,Thread Group 1-6,text,true,,437,277,1,1,4,0,0
1489229073185,29,PrivacyPolicy Service,200,OK,Thread Group 1-6,text,true,,967,229,1,1,29,0,0
1489229073214,30,Contuctus Service,200,OK,Thread Group 1-6,text,true,,809,225,1,1,30,0,0
1489229073245,26,News English,200,OK,Thread Group 1-6,text,true,,4085,228,1,1,26,0,0
1489229073271,29,News Arabic,200,OK,Thread Group 1-6,text,true,,2812,228,1,1,29,0,0
1489229073300,4,Logon API Request,200,OK,Thread Group 1-6,text,true,,437,277,1,1,4,0,0
1489229073304,30,PrivacyPolicy Service,200,OK,Thread Group 1-6,text,true,,967,229,1,1,30,0,0
1489229073334,27,Contuctus Service,200,OK,Thread Group 1-6,text,true,,809,225,1,1,27,0,0
1489229073362,24,News English,200,OK,Thread Group 1-6,text,true,,4085,228,1,1,24,0,0
1489229073387,26,News Arabic,200,OK,Thread Group 1-6,text,true,,2812,228,1,1,26,0,0
1489229073413,4,Logon API Request,200,OK,Thread Group 1-6,text,true,,437,277,1,1,4,0,0
1489229073418,31,PrivacyPolicy Service,200,OK,Thread Group 1-6,text,true,,967,229,1,1,31,0,0
1489229073449,29,Contuctus Service,200,OK,Thread Group 1-6,text,true,,809,225,1,1,29,0,0
1489229073479,25,News English,200,OK,Thread Group 1-6,text,true,,4085,228,1,1,25,0,0
1489229073504,28,News Arabic,200,OK,Thread Group 1-6,text,true,,2812,228,1,1,28,0,0
1489229073533,3,Logon API Request,200,OK,Thread Group 1-6,text,true,,437,277,1,1,3,0,0
1489229073537,29,PrivacyPolicy Service,200,OK,Thread Group 1-6,text,true,,967,229,1,1,29,0,0
1489229073567,30,Contuctus Service,200,OK,Thread Group 1-6,text,true,,809,225,1,1,30,0,0
1489229073597,27,News English,200,OK,Thread Group 1-6,text,true,,4085,228,1,1,27,0,0
1489229073625,24,News Arabic,200,OK,Thread Group 1-6,text,true,,2812,228,1,1,24,0,0
1489229082506,7,Logon API Request,200,OK,Thread Group 1-7,text,true,,437,277,1,1,7,0,2
1489229082513,31,PrivacyPolicy Service,200,OK,Thread Group 1-7,text,true,,967,229,1,1,31,0,2
1489229082545,28,Contuctus Service,200,OK,Thread Group 1-7,text,true,,809,225,1,1,28,0,0
1489229082575,24,News English,200,OK,Thread Group 1-7,text,true,,4085,228,1,1,24,0,0
1489229082600,24,News Arabic,200,OK,Thread Group 1-7,text,true,,2812,228,1,1,24,0,0
1489229082624,5,Logon API Request,200,OK,Thread Group 1-7,text,true,,437,277,1,1,5,0,0
1489229082629,27,PrivacyPolicy Service,200,OK,Thread Group 1-7,text,true,,967,229,1,1,27,0,0
1489229082657,30,Contuctus Service,200,OK,Thread Group 1-7,text,true,,809,225,1,1,30,0,0
1489229082688,26,News English,200,OK,Thread Group 1-7,text,true,,4085,228,1,1,26,0,0
1489229082715,27,News Arabic,200,OK,Thread Group 1-7,text,true,,2812,228,1,1,27,0,0
1489229082743,4,Logon API Request,200,OK,Thread Group 1-7,text,true,,437,277,1,1,4,0,0
1489229082747,30,PrivacyPolicy Service,200,OK,Thread Group 1-7,text,true,,967,229,1,1,30,0,0
1489229082778,28,Contuctus Service,200,OK,Thread Group 1-7,text,true,,809,225,1,1,28,0,0
1489229082806,24,News English,200,OK,Thread Group 1-7,text,true,,4085,228,1,1,24,0,0
1489229082830,24,News Arabic,200,OK,Thread Group 1-7,text,true,,2812,228,1,1,24,0,0
1489229082854,4,Logon API Request,200,OK,Thread Group 1-7,text,true,,437,277,1,1,4,0,0
1489229082858,85,PrivacyPolicy Service,200,OK,Thread Group 1-7,text,true,,967,229,1,1,85,0,0
1489229082944,29,Contuctus Service,200,OK,Thread Group 1-7,text,true,,809,225,1,1,29,0,0
1489229082973,25,News English,200,OK,Thread Group 1-7,text,true,,4085,228,1,1,25,0,0
1489229082999,24,News Arabic,200,OK,Thread Group 1-7,text,true,,2812,228,1,1,24,0,0
1489229083024,3,Logon API Request,200,OK,Thread Group 1-7,text,true,,437,277,1,1,3,0,0
1489229083028,27,PrivacyPolicy Service,200,OK,Thread Group 1-7,text,true,,967,229,1,1,27,0,0
1489229083055,29,Contuctus Service,200,OK,Thread Group 1-7,text,true,,809,225,1,1,29,0,0
1489229083084,25,News English,200,OK,Thread Group 1-7,text,true,,4085,228,1,1,25,0,0
1489229083109,26,News Arabic,200,OK,Thread Group 1-7,text,true,,2812,228,1,1,26,0,0
1489229083136,4,Logon API Request,200,OK,Thread Group 1-7,text,true,,437,277,1,1,4,0,0
1489229083140,28,PrivacyPolicy Service,200,OK,Thread Group 1-7,text,true,,967,229,1,1,28,0,0
1489229083169,29,Contuctus Service,200,OK,Thread Group 1-7,text,true,,809,225,1,1,29,0,0
1489229083198,27,News English,200,OK,Thread Group 1-7,text,true,,4085,228,1,1,27,0,0
1489229083225,26,News Arabic,200,OK,Thread Group 1-7,text,true,,2812,228,1,1,26,0,0
1489229083252,3,Logon API Request,200,OK,Thread Group 1-7,text,true,,437,277,1,1,3,0,0
1489229083256,29,PrivacyPolicy Service,200,OK,Thread Group 1-7,text,true,,967,229,1,1,29,0,0
1489229083286,33,Contuctus Service,200,OK,Thread Group 1-7,text,true,,809,225,1,1,33,0,0
1489229083319,27,News English,200,OK,Thread Group 1-7,text,true,,4085,228,1,1,27,0,0
1489229083347,29,News Arabic,200,OK,Thread Group 1-7,text,true,,2812,228,1,1,29,0,0
1489229083377,4,Logon API Request,200,OK,Thread Group 1-7,text,true,,437,277,1,1,4,0,0
1489229083381,30,PrivacyPolicy Service,200,OK,Thread Group 1-7,text,true,,967,229,1,1,30,0,0
1489229083412,31,Contuctus Service,200,OK,Thread Group 1-7,text,true,,809,225,1,1,31,0,0
1489229083443,27,News English,200,OK,Thread Group 1-7,text,true,,4085,228,1,1,27,0,0
1489229083471,26,News Arabic,200,OK,Thread Group 1-7,text,true,,2812,228,1,1,26,0,0
1489229083498,4,Logon API Request,200,OK,Thread Group 1-7,text,true,,437,277,1,1,4,0,0
1489229083502,29,PrivacyPolicy Service,200,OK,Thread Group 1-7,text,true,,967,229,1,1,29,0,0
1489229083532,34,Contuctus Service,200,OK,Thread Group 1-7,text,true,,809,225,1,1,34,0,0
1489229083566,31,News English,200,OK,Thread Group 1-7,text,true,,4085,228,1,1,31,0,0
1489229083598,28,News Arabic,200,OK,Thread Group 1-7,text,true,,2812,228,1,1,28,0,0
1489229083627,4,Logon API Request,200,OK,Thread Group 1-7,text,true,,437,277,1,1,4,0,0
1489229083631,31,PrivacyPolicy Service,200,OK,Thread Group 1-7,text,true,,967,229,1,1,31,0,0
1489229083662,32,Contuctus Service,200,OK,Thread Group 1-7,text,true,,809,225,1,1,32,0,0
1489229083694,28,News English,200,OK,Thread Group 1-7,text,true,,4085,228,1,1,28,0,0
1489229083722,28,News Arabic,200,OK,Thread Group 1-7,text,true,,2812,228,1,1,28,0,0
1489229092506,8,Logon API Request,200,OK,Thread Group 1-8,text,true,,437,277,1,1,8,0,3
1489229092514,32,PrivacyPolicy Service,200,OK,Thread Group 1-8,text,true,,967,229,1,1,32,0,3
1489229092547,30,Contuctus Service,200,OK,Thread Group 1-8,text,true,,809,225,1,1,30,0,0
1489229092577,28,News English,200,OK,Thread Group 1-8,text,true,,4085,228,1,1,28,0,0
1489229092605,24,News Arabic,200,OK,Thread Group 1-8,text,true,,2812,228,1,1,24,0,0
1489229092630,3,Logon API Request,200,OK,Thread Group 1-8,text,true,,437,277,1,1,3,0,0
1489229092634,27,PrivacyPolicy Service,200,OK,Thread Group 1-8,text,true,,967,229,1,1,27,0,0
1489229092662,28,Contuctus Service,200,OK,Thread Group 1-8,text,true,,809,225,1,1,28,0,0
1489229092691,26,News English,200,OK,Thread Group 1-8,text,true,,4085,228,1,1,26,0,0
1489229092717,25,News Arabic,200,OK,Thread Group 1-8,text,true,,2812,228,1,1,25,0,0
1489229092743,4,Logon API Request,200,OK,Thread Group 1-8,text,true,,437,277,1,1,4,0,0
1489229092747,29,PrivacyPolicy Service,200,OK,Thread Group 1-8,text,true,,967,229,1,1,29,0,0
1489229092776,28,Contuctus Service,200,OK,Thread Group 1-8,text,true,,809,225,1,1,28,0,0
1489229092804,24,News English,200,OK,Thread Group 1-8,text,true,,4085,228,1,1,24,0,0
1489229092828,23,News Arabic,200,OK,Thread Group 1-8,text,true,,2812,228,1,1,23,0,0
1489229092852,4,Logon API Request,200,OK,Thread Group 1-8,text,true,,437,277,1,1,4,0,0
1489229092856,26,PrivacyPolicy Service,200,OK,Thread Group 1-8,text,true,,967,229,1,1,26,0,0
1489229092883,28,Contuctus Service,200,OK,Thread Group 1-8,text,true,,809,225,1,1,28,0,0
1489229092912,25,News English,200,OK,Thread Group 1-8,text,true,,4085,228,1,1,25,0,0
1489229092937,25,News Arabic,200,OK,Thread Group 1-8,text,true,,2812,228,1,1,24,0,0
1489229092962,4,Logon API Request,200,OK,Thread Group 1-8,text,true,,437,277,1,1,4,0,0
1489229092966,26,PrivacyPolicy Service,200,OK,Thread Group 1-8,text,true,,967,229,1,1,26,0,0
1489229092993,27,Contuctus Service,200,OK,Thread Group 1-8,text,true,,809,225,1,1,27,0,0
1489229093021,25,News English,200,OK,Thread Group 1-8,text,true,,4085,228,1,1,25,0,0
1489229093046,26,News Arabic,200,OK,Thread Group 1-8,text,true,,2812,228,1,1,26,0,0
1489229093073,4,Logon API Request,200,OK,Thread Group 1-8,text,true,,437,277,1,1,4,0,0
1489229093077,29,PrivacyPolicy Service,200,OK,Thread Group 1-8,text,true,,967,229,1,1,29,0,0
1489229093107,28,Contuctus Service,200,OK,Thread Group 1-8,text,true,,809,225,1,1,28,0,0
1489229093136,26,News English,200,OK,Thread Group 1-8,text,true,,4085,228,1,1,26,0,0
1489229093162,24,News Arabic,200,OK,Thread Group 1-8,text,true,,2812,228,1,1,24,0,0
1489229093187,3,Logon API Request,200,OK,Thread Group 1-8,text,true,,437,277,1,1,3,0,0
1489229093190,26,PrivacyPolicy Service,200,OK,Thread Group 1-8,text,true,,967,229,1,1,26,0,0
1489229093217,29,Contuctus Service,200,OK,Thread Group 1-8,text,true,,809,225,1,1,29,0,0
1489229093246,26,News English,200,OK,Thread Group 1-8,text,true,,4085,228,1,1,26,0,0
1489229093273,26,News Arabic,200,OK,Thread Group 1-8,text,true,,2812,228,1,1,26,0,0
1489229093300,3,Logon API Request,200,OK,Thread Group 1-8,text,true,,437,277,1,1,3,0,0
1489229093304,28,PrivacyPolicy Service,200,OK,Thread Group 1-8,text,true,,967,229,1,1,28,0,0
1489229093333,28,Contuctus Service,200,OK,Thread Group 1-8,text,true,,809,225,1,1,28,0,0
1489229093361,25,News English,200,OK,Thread Group 1-8,text,true,,4085,228,1,1,25,0,0
1489229093386,26,News Arabic,200,OK,Thread Group 1-8,text,true,,2812,228,1,1,26,0,0
1489229093412,4,Logon API Request,200,OK,Thread Group 1-8,text,true,,437,277,1,1,4,0,0
1489229093416,28,PrivacyPolicy Service,200,OK,Thread Group 1-8,text,true,,967,229,1,1,28,0,0
1489229093445,29,Contuctus Service,200,OK,Thread Group 1-8,text,true,,809,225,1,1,29,0,0
1489229093474,27,News English,200,OK,Thread Group 1-8,text,true,,4085,228,1,1,27,0,0
1489229093502,25,News Arabic,200,OK,Thread Group 1-8,text,true,,2812,228,1,1,25,0,0
1489229093527,4,Logon API Request,200,OK,Thread Group 1-8,text,true,,437,277,1,1,4,0,0
1489229093532,28,PrivacyPolicy Service,200,OK,Thread Group 1-8,text,true,,967,229,1,1,28,0,0
1489229093560,30,Contuctus Service,200,OK,Thread Group 1-8,text,true,,809,225,1,1,30,0,0
1489229093590,27,News English,200,OK,Thread Group 1-8,text,true,,4085,228,1,1,26,0,0
1489229093617,23,News Arabic,200,OK,Thread Group 1-8,text,true,,2812,228,1,1,23,0,0
1489229102507,7,Logon API Request,200,OK,Thread Group 1-9,text,true,,437,277,1,1,7,0,2
1489229102519,31,PrivacyPolicy Service,200,OK,Thread Group 1-9,text,true,,967,229,1,1,31,0,2
1489229102550,32,Contuctus Service,200,OK,Thread Group 1-9,text,true,,809,225,1,1,32,0,0
1489229102582,27,News English,200,OK,Thread Group 1-9,text,true,,4085,228,1,1,27,0,0
1489229102610,24,News Arabic,200,OK,Thread Group 1-9,text,true,,2812,228,1,1,24,0,0
1489229102634,4,Logon API Request,200,OK,Thread Group 1-9,text,true,,437,277,1,1,4,0,0
1489229102638,26,PrivacyPolicy Service,200,OK,Thread Group 1-9,text,true,,967,229,1,1,26,0,0
1489229102665,27,Contuctus Service,200,OK,Thread Group 1-9,text,true,,809,225,1,1,27,0,0
1489229102693,24,News English,200,OK,Thread Group 1-9,text,true,,4085,228,1,1,23,0,0
1489229102717,23,News Arabic,200,OK,Thread Group 1-9,text,true,,2812,228,1,1,23,0,0
1489229102741,3,Logon API Request,200,OK,Thread Group 1-9,text,true,,437,277,1,1,3,0,0
1489229102745,31,PrivacyPolicy Service,200,OK,Thread Group 1-9,text,true,,967,229,1,1,31,0,0
1489229102776,28,Contuctus Service,200,OK,Thread Group 1-9,text,true,,809,225,1,1,28,0,0
1489229102804,25,News English,200,OK,Thread Group 1-9,text,true,,4085,228,1,1,25,0,0
1489229102829,24,News Arabic,200,OK,Thread Group 1-9,text,true,,2812,228,1,1,24,0,0
1489229102853,4,Logon API Request,200,OK,Thread Group 1-9,text,true,,437,277,1,1,4,0,0
1489229102858,26,PrivacyPolicy Service,200,OK,Thread Group 1-9,text,true,,967,229,1,1,26,0,0
1489229102885,39,Contuctus Service,200,OK,Thread Group 1-9,text,true,,809,225,1,1,39,0,0
1489229102925,25,News English,200,OK,Thread Group 1-9,text,true,,4085,228,1,1,24,0,0
1489229102950,24,News Arabic,200,OK,Thread Group 1-9,text,true,,2812,228,1,1,24,0,0
1489229102975,3,Logon API Request,200,OK,Thread Group 1-9,text,true,,437,277,1,1,3,0,0
1489229102978,26,PrivacyPolicy Service,200,OK,Thread Group 1-9,text,true,,967,229,1,1,26,0,0
1489229103004,27,Contuctus Service,200,OK,Thread Group 1-9,text,true,,809,225,1,1,27,0,0
1489229103032,24,News English,200,OK,Thread Group 1-9,text,true,,4085,228,1,1,24,0,0
1489229103056,24,News Arabic,200,OK,Thread Group 1-9,text,true,,2812,228,1,1,24,0,0
1489229103081,3,Logon API Request,200,OK,Thread Group 1-9,text,true,,437,277,1,1,3,0,0
1489229103085,27,PrivacyPolicy Service,200,OK,Thread Group 1-9,text,true,,967,229,1,1,27,0,0
1489229103112,28,Contuctus Service,200,OK,Thread Group 1-9,text,true,,809,225,1,1,28,0,0
1489229103141,24,News English,200,OK,Thread Group 1-9,text,true,,4085,228,1,1,24,0,0
1489229103166,23,News Arabic,200,OK,Thread Group 1-9,text,true,,2812,228,1,1,23,0,0
1489229103190,3,Logon API Request,200,OK,Thread Group 1-9,text,true,,437,277,1,1,3,0,0
1489229103193,27,PrivacyPolicy Service,200,OK,Thread Group 1-9,text,true,,967,229,1,1,27,0,0
1489229103220,29,Contuctus Service,200,OK,Thread Group 1-9,text,true,,809,225,1,1,29,0,0
1489229103249,29,News English,200,OK,Thread Group 1-9,text,true,,4085,228,1,1,29,0,0
1489229103278,26,News Arabic,200,OK,Thread Group 1-9,text,true,,2812,228,1,1,26,0,0
1489229103304,4,Logon API Request,200,OK,Thread Group 1-9,text,true,,437,277,1,1,4,0,0
1489229103308,30,PrivacyPolicy Service,200,OK,Thread Group 1-9,text,true,,967,229,1,1,30,0,0
1489229103338,31,Contuctus Service,200,OK,Thread Group 1-9,text,true,,809,225,1,1,31,0,0
1489229103370,24,News English,200,OK,Thread Group 1-9,text,true,,4085,228,1,1,24,0,0
1489229103395,24,News Arabic,200,OK,Thread Group 1-9,text,true,,2812,228,1,1,24,0,0
1489229103419,4,Logon API Request,200,OK,Thread Group 1-9,text,true,,437,277,1,1,4,0,0
1489229103423,28,PrivacyPolicy Service,200,OK,Thread Group 1-9,text,true,,967,229,1,1,28,0,0
1489229103451,30,Contuctus Service,200,OK,Thread Group 1-9,text,true,,809,225,1,1,30,0,0
1489229103481,52,News English,200,OK,Thread Group 1-9,text,true,,4085,228,1,1,52,0,0
1489229103534,25,News Arabic,200,OK,Thread Group 1-9,text,true,,2812,228,1,1,25,0,0
1489229103559,4,Logon API Request,200,OK,Thread Group 1-9,text,true,,437,277,1,1,4,0,0
1489229103563,28,PrivacyPolicy Service,200,OK,Thread Group 1-9,text,true,,967,229,1,1,28,0,0
1489229103591,29,Contuctus Service,200,OK,Thread Group 1-9,text,true,,809,225,1,1,29,0,0
1489229103621,23,News English,200,OK,Thread Group 1-9,text,true,,4085,228,1,1,23,0,0
1489229103645,23,News Arabic,200,OK,Thread Group 1-9,text,true,,2812,228,1,1,23,0,0
1489229112506,7,Logon API Request,200,OK,Thread Group 1-10,text,true,,437,277,1,1,6,0,2
1489229112513,370,PrivacyPolicy Service,200,OK,Thread Group 1-10,text,true,,967,229,1,1,370,0,2
1489229112883,66,Contuctus Service,200,OK,Thread Group 1-10,text,true,,809,225,1,1,66,0,0
1489229112950,91,News English,200,OK,Thread Group 1-10,text,true,,4085,228,1,1,91,0,0
1489229113041,26,News Arabic,200,OK,Thread Group 1-10,text,true,,2812,228,1,1,26,0,0
1489229113067,4,Logon API Request,200,OK,Thread Group 1-10,text,true,,437,277,1,1,4,0,0
1489229113071,29,PrivacyPolicy Service,200,OK,Thread Group 1-10,text,true,,967,229,1,1,29,0,0
1489229113100,29,Contuctus Service,200,OK,Thread Group 1-10,text,true,,809,225,1,1,29,0,0
1489229113129,155,News English,200,OK,Thread Group 1-10,text,true,,4085,228,1,1,155,0,0
1489229113284,669,News Arabic,200,OK,Thread Group 1-10,text,true,,2812,228,1,1,669,0,0
1489229113953,4,Logon API Request,200,OK,Thread Group 1-10,text,true,,437,277,1,1,4,0,0
1489229113958,459,PrivacyPolicy Service,200,OK,Thread Group 1-10,text,true,,967,229,1,1,459,0,0
1489229114417,109,Contuctus Service,200,OK,Thread Group 1-10,text,true,,809,225,1,1,109,0,0
1489229114527,95,News English,200,OK,Thread Group 1-10,text,true,,4085,228,1,1,95,0,2
1489229114622,24,News Arabic,200,OK,Thread Group 1-10,text,true,,2812,228,1,1,24,0,0
1489229114647,6,Logon API Request,200,OK,Thread Group 1-10,text,true,,437,277,1,1,6,0,2
1489229114653,26,PrivacyPolicy Service,200,OK,Thread Group 1-10,text,true,,967,229,1,1,26,0,0
1489229114680,27,Contuctus Service,200,OK,Thread Group 1-10,text,true,,809,225,1,1,27,0,0
1489229114707,23,News English,200,OK,Thread Group 1-10,text,true,,4085,228,1,1,23,0,0
1489229114731,25,News Arabic,200,OK,Thread Group 1-10,text,true,,2812,228,1,1,25,0,0
1489229114756,4,Logon API Request,200,OK,Thread Group 1-10,text,true,,437,277,1,1,4,0,0
1489229114760,27,PrivacyPolicy Service,200,OK,Thread Group 1-10,text,true,,967,229,1,1,27,0,0
1489229114788,27,Contuctus Service,200,OK,Thread Group 1-10,text,true,,809,225,1,1,27,0,0
1489229114815,24,News English,200,OK,Thread Group 1-10,text,true,,4085,228,1,1,24,0,0
1489229114839,24,News Arabic,200,OK,Thread Group 1-10,text,true,,2812,228,1,1,24,0,0
1489229114863,4,Logon API Request,200,OK,Thread Group 1-10,text,true,,437,277,1,1,4,0,0
1489229114867,26,PrivacyPolicy Service,200,OK,Thread Group 1-10,text,true,,967,229,1,1,26,0,0
1489229114893,27,Contuctus Service,200,OK,Thread Group 1-10,text,true,,809,225,1,1,27,0,0
1489229114921,24,News English,200,OK,Thread Group 1-10,text,true,,4085,228,1,1,24,0,0
1489229114946,25,News Arabic,200,OK,Thread Group 1-10,text,true,,2812,228,1,1,25,0,0
1489229114971,4,Logon API Request,200,OK,Thread Group 1-10,text,true,,437,277,1,1,4,0,0
1489229114975,27,PrivacyPolicy Service,200,OK,Thread Group 1-10,text,true,,967,229,1,1,27,0,0
1489229115002,27,Contuctus Service,200,OK,Thread Group 1-10,text,true,,809,225,1,1,27,0,0
1489229115030,24,News English,200,OK,Thread Group 1-10,text,true,,4085,228,1,1,24,0,0
1489229115054,24,News Arabic,200,OK,Thread Group 1-10,text,true,,2812,228,1,1,24,0,0
1489229115078,4,Logon API Request,200,OK,Thread Group 1-10,text,true,,437,277,1,1,4,0,0
1489229115082,27,PrivacyPolicy Service,200,OK,Thread Group 1-10,text,true,,967,229,1,1,27,0,0
1489229115110,27,Contuctus Service,200,OK,Thread Group 1-10,text,true,,809,225,1,1,27,0,0
1489229115137,24,News English,200,OK,Thread Group 1-10,text,true,,4085,228,1,1,24,0,0
1489229115161,23,News Arabic,200,OK,Thread Group 1-10,text,true,,2812,228,1,1,23,0,0
1489229115185,3,Logon API Request,200,OK,Thread Group 1-10,text,true,,437,277,1,1,3,0,0
1489229115189,25,PrivacyPolicy Service,200,OK,Thread Group 1-10,text,true,,967,229,1,1,25,0,0
1489229115215,27,Contuctus Service,200,OK,Thread Group 1-10,text,true,,809,225,1,1,27,0,0
1489229115242,26,News English,200,OK,Thread Group 1-10,text,true,,4085,228,1,1,25,0,0
1489229115268,35,News Arabic,200,OK,Thread Group 1-10,text,true,,2812,228,1,1,35,0,0
1489229115303,4,Logon API Request,200,OK,Thread Group 1-10,text,true,,437,277,1,1,4,0,0
1489229115307,29,PrivacyPolicy Service,200,OK,Thread Group 1-10,text,true,,967,229,1,1,29,0,0
1489229115336,27,Contuctus Service,200,OK,Thread Group 1-10,text,true,,809,225,1,1,27,0,0
1489229115364,24,News English,200,OK,Thread Group 1-10,text,true,,4085,228,1,1,24,0,0
1489229115389,23,News Arabic,200,OK,Thread Group 1-10,text,true,,2812,228,1,1,23,0,0
