timeStamp,elapsed,label,responseCode,responseMessage,threadName,dataType,success,failureMessage,bytes,sentBytes,grpThreads,allThreads,Latency,IdleTime,Connect
1507525435009,1984,LogintoACE,401,Unauthorized,BP001FCTransaction 1-1,text,false,,1070,563,1,1,1982,0,1522
1507525436995,403,LogintoACE,401,Unauthorized,BP001FCTransaction 1-1,text,false,,1070,563,1,1,403,0,0
1507525437399,763,LogintoACE,401,Unauthorized,BP001FCTransaction 1-1,text,false,,1070,563,1,1,762,0,359
1507525438163,404,LogintoACE,401,Unauthorized,BP001FCTransaction 1-1,text,false,,1070,563,1,1,404,0,0
1507525438568,779,LogintoACE,401,Unauthorized,BP001FCTransaction 1-1,text,false,,1070,563,1,1,404,0,0
1507525439348,779,LogintoACE,401,Unauthorized,BP001FCTransaction 1-1,text,false,,1070,563,1,1,404,0,0
1507525440135,772,LogintoACE,401,Unauthorized,BP001FCTransaction 1-1,text,false,,1069,563,1,1,772,0,369
1507525440909,402,LogintoACE,401,Unauthorized,BP001FCTransaction 1-1,text,false,,1069,563,1,1,402,0,0
1507525441314,402,LogintoACE,401,Unauthorized,BP001FCTransaction 1-1,text,false,,1069,563,1,1,402,0,0
1507525441717,777,LogintoACE,401,Unauthorized,BP001FCTransaction 1-1,text,false,,1070,563,1,1,402,0,0
1507525444957,1535,LogintoACE,401,Unauthorized,BP001FCTransaction 1-2,text,false,,1071,563,1,1,1161,0,760
1507525446494,777,LogintoACE,401,Unauthorized,BP001FCTransaction 1-2,text,false,,1070,563,1,1,402,0,0
1507525447271,760,LogintoACE,401,Unauthorized,BP001FCTransaction 1-2,text,false,,1070,563,1,1,760,0,359
1507525448031,775,LogintoACE,401,Unauthorized,BP001FCTransaction 1-2,text,false,,1070,563,1,1,401,0,0
1507525448807,402,LogintoACE,401,Unauthorized,BP001FCTransaction 1-2,text,false,,1070,563,1,1,402,0,0
1507525449210,780,LogintoACE,401,Unauthorized,BP001FCTransaction 1-2,text,false,,1070,563,1,1,405,0,0
1507525449991,766,LogintoACE,401,Unauthorized,BP001FCTransaction 1-2,text,false,,1070,563,1,1,766,0,364
1507525450758,777,LogintoACE,401,Unauthorized,BP001FCTransaction 1-2,text,false,,1070,563,1,1,402,0,0
1507525451535,401,LogintoACE,401,Unauthorized,BP001FCTransaction 1-2,text,false,,1070,563,1,1,401,0,0
1507525451937,402,LogintoACE,401,Unauthorized,BP001FCTransaction 1-2,text,false,,1070,563,1,1,401,0,0
1507525454959,1519,LogintoACE,401,Unauthorized,BP001FCTransaction 1-3,text,false,,1070,563,1,1,1144,0,743
1507525456479,402,LogintoACE,401,Unauthorized,BP001FCTransaction 1-3,text,false,,1070,563,1,1,402,0,0
1507525456882,402,LogintoACE,401,Unauthorized,BP001FCTransaction 1-3,text,false,,1015,563,1,1,401,0,0
1507525457285,1109,LogintoACE,401,Unauthorized,BP001FCTransaction 1-3,text,false,,1071,563,1,1,736,0,334
1507525458395,777,LogintoACE,401,Unauthorized,BP001FCTransaction 1-3,text,false,,1070,563,1,1,402,0,0
1507525459173,775,LogintoACE,401,Unauthorized,BP001FCTransaction 1-3,text,false,,1070,563,1,1,401,0,0
1507525459949,764,LogintoACE,401,Unauthorized,BP001FCTransaction 1-3,text,false,,1070,563,1,1,764,0,362
1507525460714,776,LogintoACE,401,Unauthorized,BP001FCTransaction 1-3,text,false,,1071,563,1,1,401,0,0
1507525461491,400,LogintoACE,401,Unauthorized,BP001FCTransaction 1-3,text,false,,1070,563,1,1,400,0,0
1507525461892,401,LogintoACE,401,Unauthorized,BP001FCTransaction 1-3,text,false,,1070,563,1,1,401,0,0
1507525464958,1531,LogintoACE,401,Unauthorized,BP001FCTransaction 1-4,text,false,,1070,563,1,1,1156,0,756
1507525466489,777,LogintoACE,401,Unauthorized,BP001FCTransaction 1-4,text,false,,1070,563,1,1,402,0,0
1507525467267,1138,LogintoACE,401,Unauthorized,BP001FCTransaction 1-4,text,false,,1071,563,1,1,762,0,362
1507525468405,403,LogintoACE,401,Unauthorized,BP001FCTransaction 1-4,text,false,,1070,563,1,1,403,0,0
1507525468809,402,LogintoACE,401,Unauthorized,BP001FCTransaction 1-4,text,false,,1070,563,1,1,402,0,0
1507525469211,776,LogintoACE,401,Unauthorized,BP001FCTransaction 1-4,text,false,,1070,563,1,1,401,0,0
1507525469988,1137,LogintoACE,401,Unauthorized,BP001FCTransaction 1-4,text,false,,1070,563,1,1,763,0,362
1507525471131,775,LogintoACE,401,Unauthorized,BP001FCTransaction 1-4,text,false,,1070,563,1,1,400,0,0
1507525471907,777,LogintoACE,401,Unauthorized,BP001FCTransaction 1-4,text,false,,1071,563,1,1,402,0,0
1507525472684,1141,LogintoACE,401,Unauthorized,BP001FCTransaction 1-4,text,false,,1070,563,1,1,767,0,366
1507525474958,1574,LogintoACE,401,Unauthorized,BP001FCTransaction 1-5,text,false,,1070,563,1,1,1200,0,798
1507525476534,776,LogintoACE,401,Unauthorized,BP001FCTransaction 1-5,text,false,,1070,563,1,1,401,0,0
1507525477311,1134,LogintoACE,401,Unauthorized,BP001FCTransaction 1-5,text,false,,1070,563,1,1,760,0,360
1507525478445,403,LogintoACE,401,Unauthorized,BP001FCTransaction 1-5,text,false,,1070,563,1,1,402,0,0
1507525478848,775,LogintoACE,401,Unauthorized,BP001FCTransaction 1-5,text,false,,1070,563,1,1,401,0,0
1507525479624,762,LogintoACE,401,Unauthorized,BP001FCTransaction 1-5,text,false,,1070,563,1,1,762,0,361
1507525480387,401,LogintoACE,401,Unauthorized,BP001FCTransaction 1-5,text,false,,1070,563,1,1,401,0,0
1507525480788,401,LogintoACE,401,Unauthorized,BP001FCTransaction 1-5,text,false,,1070,563,1,1,401,0,0
1507525481190,401,LogintoACE,401,Unauthorized,BP001FCTransaction 1-5,text,false,,1070,563,1,1,401,0,0
1507525481592,403,LogintoACE,401,Unauthorized,BP001FCTransaction 1-5,text,false,,1070,563,1,1,403,0,0
1507525484960,1176,LogintoACE,401,Unauthorized,BP001FCTransaction 1-6,text,false,,1070,563,1,1,1176,0,776
1507525486135,402,LogintoACE,401,Unauthorized,BP001FCTransaction 1-6,text,false,,1070,563,1,1,401,0,0
1507525486537,776,LogintoACE,401,Unauthorized,BP001FCTransaction 1-6,text,false,,1070,563,1,1,401,0,0
1507525487313,766,LogintoACE,401,Unauthorized,BP001FCTransaction 1-6,text,false,,1070,563,1,1,766,0,365
1507525488080,402,LogintoACE,401,Unauthorized,BP001FCTransaction 1-6,text,false,,1070,563,1,1,402,0,0
1507525488483,401,LogintoACE,401,Unauthorized,BP001FCTransaction 1-6,text,false,,1070,563,1,1,401,0,0
1507525488885,777,LogintoACE,401,Unauthorized,BP001FCTransaction 1-6,text,false,,1070,563,1,1,402,0,0
1507525489663,764,LogintoACE,401,Unauthorized,BP001FCTransaction 1-6,text,false,,1070,563,1,1,764,0,363
1507525490428,776,LogintoACE,401,Unauthorized,BP001FCTransaction 1-6,text,false,,1070,563,1,1,401,0,0
1507525491205,403,LogintoACE,401,Unauthorized,BP001FCTransaction 1-6,text,false,,1070,563,1,1,402,0,0
1507525494959,1557,LogintoACE,401,Unauthorized,BP001FCTransaction 1-7,text,false,,1071,563,1,1,1182,0,781
1507525496518,776,LogintoACE,401,Unauthorized,BP001FCTransaction 1-7,text,false,,1070,563,1,1,400,0,0
1507525497295,1141,LogintoACE,401,Unauthorized,BP001FCTransaction 1-7,text,false,,1070,563,1,1,767,0,365
1507525498437,777,LogintoACE,401,Unauthorized,BP001FCTransaction 1-7,text,false,,1070,563,1,1,402,0,0
1507525499215,775,LogintoACE,401,Unauthorized,BP001FCTransaction 1-7,text,false,,1070,563,1,1,401,0,0
1507525499991,1144,LogintoACE,401,Unauthorized,BP001FCTransaction 1-7,text,false,,1070,563,1,1,769,0,368
1507525501142,776,LogintoACE,401,Unauthorized,BP001FCTransaction 1-7,text,false,,1070,563,1,1,402,0,0
1507525501918,402,LogintoACE,401,Unauthorized,BP001FCTransaction 1-7,text,false,,1070,563,1,1,402,0,0
1507525502321,1132,LogintoACE,401,Unauthorized,BP001FCTransaction 1-7,text,false,,1069,563,1,1,757,0,356
1507525503453,402,LogintoACE,401,Unauthorized,BP001FCTransaction 1-7,text,false,,1070,563,1,1,402,0,0
1507525504961,1181,LogintoACE,401,Unauthorized,BP001FCTransaction 1-8,text,false,,1071,563,1,1,1181,0,780
1507525506143,401,LogintoACE,401,Unauthorized,BP001FCTransaction 1-8,text,false,,1070,563,1,1,401,0,0
1507525506545,402,LogintoACE,401,Unauthorized,BP001FCTransaction 1-8,text,false,,1070,563,1,1,401,0,0
1507525506947,401,LogintoACE,401,Unauthorized,BP001FCTransaction 1-8,text,false,,1070,563,1,1,401,0,0
1507525507349,1121,LogintoACE,401,Unauthorized,BP001FCTransaction 1-8,text,false,,1069,563,1,1,746,0,345
1507525508471,776,LogintoACE,401,Unauthorized,BP001FCTransaction 1-8,text,false,,1070,563,1,1,401,0,0
1507525509248,401,LogintoACE,401,Unauthorized,BP001FCTransaction 1-8,text,false,,1070,563,1,1,400,0,0
1507525509649,792,LogintoACE,401,Unauthorized,BP001FCTransaction 1-8,text,false,,1070,563,1,1,792,0,392
1507525510441,774,LogintoACE,401,Unauthorized,BP001FCTransaction 1-8,text,false,,1070,563,1,1,400,0,0
1507525511215,401,LogintoACE,401,Unauthorized,BP001FCTransaction 1-8,text,false,,1070,563,1,1,401,0,0
1507525514961,1522,LogintoACE,401,Unauthorized,BP001FCTransaction 1-9,text,false,,1069,563,1,1,1147,0,746
1507525516485,402,LogintoACE,401,Unauthorized,BP001FCTransaction 1-9,text,false,,1071,563,1,1,402,0,0
1507525516887,402,LogintoACE,401,Unauthorized,BP001FCTransaction 1-9,text,false,,1070,563,1,1,402,0,0
1507525517289,1137,LogintoACE,401,Unauthorized,BP001FCTransaction 1-9,text,false,,1070,563,1,1,763,0,361
1507525518427,401,LogintoACE,401,Unauthorized,BP001FCTransaction 1-9,text,false,,1070,563,1,1,400,0,0
1507525518829,777,LogintoACE,401,Unauthorized,BP001FCTransaction 1-9,text,false,,1070,563,1,1,402,0,0
1507525519607,1138,LogintoACE,401,Unauthorized,BP001FCTransaction 1-9,text,false,,1070,563,1,1,763,0,363
1507525520745,774,LogintoACE,401,Unauthorized,BP001FCTransaction 1-9,text,false,,1070,563,1,1,400,0,0
1507525521520,402,LogintoACE,401,Unauthorized,BP001FCTransaction 1-9,text,false,,1070,563,1,1,401,0,0
1507525521922,1142,LogintoACE,401,Unauthorized,BP001FCTransaction 1-9,text,false,,1070,563,1,1,769,0,367
1507525524962,1522,LogintoACE,401,Unauthorized,BP001FCTransaction 1-10,text,false,,1070,563,1,1,1148,0,748
1507525526485,773,LogintoACE,401,Unauthorized,BP001FCTransaction 1-10,text,false,,1070,563,1,1,399,0,0
1507525527259,759,LogintoACE,401,Unauthorized,BP001FCTransaction 1-10,text,false,,1071,563,1,1,759,0,359
1507525528018,775,LogintoACE,401,Unauthorized,BP001FCTransaction 1-10,text,false,,1070,563,1,1,400,0,0
1507525528794,775,LogintoACE,401,Unauthorized,BP001FCTransaction 1-10,text,false,,1070,563,1,1,401,0,0
1507525529569,1133,LogintoACE,401,Unauthorized,BP001FCTransaction 1-10,text,false,,1070,563,1,1,758,0,357
1507525530711,402,LogintoACE,401,Unauthorized,BP001FCTransaction 1-10,text,false,,1070,563,1,1,402,0,0
1507525531114,403,LogintoACE,401,Unauthorized,BP001FCTransaction 1-10,text,false,,1070,563,1,1,403,0,0
1507525531517,776,LogintoACE,401,Unauthorized,BP001FCTransaction 1-10,text,false,,1070,563,1,1,402,0,0
1507525532295,761,LogintoACE,401,Unauthorized,BP001FCTransaction 1-10,text,false,,1070,563,1,1,761,0,361
