timeStamp,elapsed,label,responseCode,responseMessage,threadName,dataType,success,failureMessage,bytes,sentBytes,grpThreads,allThreads,Latency,IdleTime,Connect
1489403218765,568,Logon API Request,200,OK,Thread Group 1-1,text,true,,437,277,1,1,568,0,120
1489403228712,392,Logon API Request,200,OK,Thread Group 1-2,text,true,,437,277,2,2,392,0,3
1489403238712,390,Logon API Request,200,OK,Thread Group 1-3,text,true,,437,277,3,3,390,0,2
1489403229105,12688,PrivacyPolicy Service,200,OK,Thread Group 1-2,text,true,,967,229,3,3,12688,0,2
1489403219343,22449,PrivacyPolicy Service,200,OK,Thread Group 1-1,text,true,,967,229,3,3,22449,0,92
1489403248711,392,Logon API Request,200,OK,Thread Group 1-4,text,true,,437,277,4,4,392,0,3
1489403258712,391,Logon API Request,200,OK,Thread Group 1-5,text,true,,437,277,5,5,391,0,2
1489403239103,22469,PrivacyPolicy Service,200,OK,Thread Group 1-3,text,true,,967,229,5,5,22468,0,2
1489403249104,12467,PrivacyPolicy Service,200,OK,Thread Group 1-4,text,true,,967,229,5,5,12467,0,2
1489403241803,19781,Contuctus Service,200,OK,Thread Group 1-1,text,true,,809,225,5,5,19781,0,23
1489403241803,19781,Contuctus Service,200,OK,Thread Group 1-2,text,true,,809,225,5,5,19781,0,23
1489403261573,6484,Contuctus Service,200,OK,Thread Group 1-4,text,true,,809,225,5,5,6484,0,2
1489403261573,6530,Contuctus Service,200,OK,Thread Group 1-3,text,true,,809,225,5,5,6530,0,2
1489403259104,9038,PrivacyPolicy Service,200,OK,Thread Group 1-5,text,true,,967,229,5,5,9038,0,3
1489403268712,391,Logon API Request,200,OK,Thread Group 1-6,text,true,,437,277,6,6,391,0,2
1489403261584,7600,News English,200,OK,Thread Group 1-1,text,true,,4085,228,6,6,7600,0,3
1489403261587,7597,News English,200,OK,Thread Group 1-2,text,true,,4085,228,6,6,7597,0,2
1489403268143,1461,Contuctus Service,200,OK,Thread Group 1-5,text,true,,809,225,6,6,1461,0,3
1489403268103,1544,News English,200,OK,Thread Group 1-3,text,true,,4085,228,6,6,1544,0,3
1489403268058,1695,News English,200,OK,Thread Group 1-4,text,true,,4085,228,6,6,1695,0,2
1489403269103,1081,PrivacyPolicy Service,200,OK,Thread Group 1-6,text,true,,967,229,6,6,1081,0,3
1489403269184,1055,News Arabic,200,OK,Thread Group 1-1,text,true,,2812,228,6,6,1055,0,3
1489403269184,1110,News Arabic,200,OK,Thread Group 1-2,text,true,,2812,228,6,6,1110,0,3
1489403270240,390,Logon API Request,200,OK,Thread Group 1-1,text,true,,437,277,6,6,390,0,3
1489403270295,389,Logon API Request,200,OK,Thread Group 1-2,text,true,,437,277,6,6,389,0,2
1489403269753,1565,News Arabic,200,OK,Thread Group 1-4,text,true,,2812,228,6,6,1565,0,0
1489403269647,1672,News Arabic,200,OK,Thread Group 1-3,text,true,,2812,228,6,6,1672,0,0
1489403269603,1723,News English,200,OK,Thread Group 1-5,text,true,,4085,228,6,6,1723,0,0
1489403270631,710,PrivacyPolicy Service,200,OK,Thread Group 1-1,text,true,,967,229,6,6,710,0,0
1489403270685,721,PrivacyPolicy Service,200,OK,Thread Group 1-2,text,true,,967,229,6,6,721,0,0
1489403270185,1227,Contuctus Service,200,OK,Thread Group 1-6,text,true,,809,225,6,6,1227,0,0
1489403271319,391,Logon API Request,200,OK,Thread Group 1-4,text,true,,437,277,6,6,390,0,3
1489403271320,390,Logon API Request,200,OK,Thread Group 1-3,text,true,,437,277,6,6,389,0,3
1489403271406,552,Contuctus Service,200,OK,Thread Group 1-2,text,true,,809,225,6,6,551,0,3
1489403271341,670,Contuctus Service,200,OK,Thread Group 1-1,text,true,,809,225,6,6,670,0,2
1489403271327,801,News Arabic,200,OK,Thread Group 1-5,text,true,,2812,228,6,6,801,0,2
1489403271412,864,News English,200,OK,Thread Group 1-6,text,true,,4085,228,6,6,864,0,2
1489403272129,390,Logon API Request,200,OK,Thread Group 1-5,text,true,,437,277,6,6,390,0,3
1489403271710,948,PrivacyPolicy Service,200,OK,Thread Group 1-4,text,true,,967,229,6,6,948,0,3
1489403271710,1101,PrivacyPolicy Service,200,OK,Thread Group 1-3,text,true,,967,229,6,6,1101,0,3
1489403272011,1255,News English,200,OK,Thread Group 1-1,text,true,,4085,228,6,6,1255,0,0
1489403272276,1250,News Arabic,200,OK,Thread Group 1-6,text,true,,2812,228,6,6,1250,0,0
1489403271958,1572,News English,200,OK,Thread Group 1-2,text,true,,4085,228,6,6,1572,0,0
1489403273527,389,Logon API Request,200,OK,Thread Group 1-6,text,true,,437,277,6,6,389,0,2
1489403272520,5432,PrivacyPolicy Service,200,OK,Thread Group 1-5,text,true,,967,229,6,6,5432,0,0
1489403273918,4042,PrivacyPolicy Service,200,OK,Thread Group 1-6,text,true,,967,229,6,6,4042,0,3
1489403273267,4784,News Arabic,200,OK,Thread Group 1-1,text,true,,2812,228,6,6,4784,0,0
1489403272811,5257,Contuctus Service,200,OK,Thread Group 1-3,text,true,,809,225,6,6,5257,0,0
1489403273531,4541,News Arabic,200,OK,Thread Group 1-2,text,true,,2812,228,6,6,4541,0,2
1489403272658,5416,Contuctus Service,200,OK,Thread Group 1-4,text,true,,809,225,6,6,5416,0,0
1489403278052,389,Logon API Request,200,OK,Thread Group 1-1,text,true,,437,277,6,6,389,0,3
1489403278074,388,Logon API Request,200,OK,Thread Group 1-2,text,true,,437,277,6,6,388,0,2
1489403278712,389,Logon API Request,200,OK,Thread Group 1-7,text,true,,437,277,7,7,389,0,2
1489403277961,10018,Contuctus Service,200,OK,Thread Group 1-6,text,true,,809,225,7,7,10018,0,2
1489403278463,9535,PrivacyPolicy Service,200,OK,Thread Group 1-2,text,true,,967,229,7,7,9535,0,2
1489403279101,8901,PrivacyPolicy Service,200,OK,Thread Group 1-7,text,true,,967,229,7,7,8901,0,2
1489403278442,9618,PrivacyPolicy Service,200,OK,Thread Group 1-1,text,true,,967,229,7,7,9618,0,3
1489403277953,10128,Contuctus Service,200,OK,Thread Group 1-5,text,true,,809,225,7,7,10127,0,3
1489403278076,10021,News English,200,OK,Thread Group 1-4,text,true,,4085,228,7,7,10021,0,2
1489403278069,10030,News English,200,OK,Thread Group 1-3,text,true,,4085,228,7,7,10030,0,4
1489403288711,389,Logon API Request,200,OK,Thread Group 1-8,text,true,,437,277,8,8,389,0,2
1489403298711,390,Logon API Request,200,OK,Thread Group 1-9,text,true,,437,277,9,9,390,0,2
1489403308711,390,Logon API Request,200,OK,Thread Group 1-10,text,true,,437,277,10,10,390,0,2
1489403288059,21173,Contuctus Service,200,OK,Thread Group 1-1,text,true,,809,225,10,10,21173,0,3
1489403288003,21233,Contuctus Service,200,OK,Thread Group 1-7,text,true,,809,225,10,10,21233,0,2
1489403289101,20152,PrivacyPolicy Service,200,OK,Thread Group 1-8,text,true,,967,229,10,10,20152,0,2
1489403287997,21259,Contuctus Service,200,OK,Thread Group 1-2,text,true,,809,225,10,10,21259,0,3
1489403299102,10186,PrivacyPolicy Service,200,OK,Thread Group 1-9,text,true,,967,229,10,10,10186,0,3
1489403288080,21308,News English,200,OK,Thread Group 1-5,text,true,,4085,228,10,10,21308,0,2
1489403287978,21413,News English,200,OK,Thread Group 1-6,text,true,,4085,228,10,10,21413,0,3
1489403288096,21300,News Arabic,200,OK,Thread Group 1-4,text,true,,2812,228,10,10,21300,0,3
1489403288098,21303,News Arabic,200,OK,Thread Group 1-3,text,true,,2812,228,10,10,21303,0,4
1489403309396,389,Logon API Request,200,OK,Thread Group 1-4,text,true,,437,277,10,10,388,0,2
1489403309402,389,Logon API Request,200,OK,Thread Group 1-3,text,true,,437,277,10,10,389,0,2
1489403309792,8270,PrivacyPolicy Service,200,OK,Thread Group 1-3,text,true,,967,229,10,10,8270,0,2
1489403309233,8900,News English,200,OK,Thread Group 1-1,text,true,,4085,228,10,10,8900,0,3
1489403309785,8349,PrivacyPolicy Service,200,OK,Thread Group 1-4,text,true,,967,229,10,10,8348,0,2
1489403309101,9110,PrivacyPolicy Service,200,OK,Thread Group 1-10,text,true,,967,229,10,10,9110,0,3
1489403309289,8937,Contuctus Service,200,OK,Thread Group 1-9,text,true,,809,225,10,10,8937,0,2
1489403309392,8841,News Arabic,200,OK,Thread Group 1-6,text,true,,2812,228,10,10,8841,0,2
1489403309256,8981,News English,200,OK,Thread Group 1-2,text,true,,4085,228,10,10,8981,0,3
1489403309236,9047,News English,200,OK,Thread Group 1-7,text,true,,4085,228,10,10,9047,0,3
1489403309253,9033,Contuctus Service,200,OK,Thread Group 1-8,text,true,,809,225,10,10,9033,0,3
1489403309388,8909,News Arabic,200,OK,Thread Group 1-5,text,true,,2812,228,10,10,8909,0,3
1489403318233,390,Logon API Request,200,OK,Thread Group 1-6,text,true,,437,277,10,10,390,0,4
1489403318298,389,Logon API Request,200,OK,Thread Group 1-5,text,true,,437,277,10,10,389,0,2
1489403318134,797,Contuctus Service,200,OK,Thread Group 1-4,text,true,,809,225,10,10,797,0,2
1489403318212,762,Contuctus Service,200,OK,Thread Group 1-10,text,true,,809,225,10,10,762,0,3
1489403318284,735,News Arabic,200,OK,Thread Group 1-7,text,true,,2812,228,10,10,735,0,3
1489403318133,889,News Arabic,200,OK,Thread Group 1-1,text,true,,2812,228,10,10,889,0,3
1489403318226,816,News English,200,OK,Thread Group 1-9,text,true,,4085,228,10,10,816,0,3
1489403318062,985,Contuctus Service,200,OK,Thread Group 1-3,text,true,,809,225,10,10,985,0,3
1489403318287,763,News English,200,OK,Thread Group 1-8,text,true,,4085,228,10,10,763,0,2
1489403318623,449,PrivacyPolicy Service,200,OK,Thread Group 1-6,text,true,,967,229,10,10,449,0,3
1489403318687,388,PrivacyPolicy Service,200,OK,Thread Group 1-5,text,true,,967,229,10,10,388,0,4
1489403318237,850,News Arabic,200,OK,Thread Group 1-2,text,true,,2812,228,10,10,850,0,3
1489403319018,389,Logon API Request,200,OK,Thread Group 1-7,text,true,,437,277,10,10,389,0,3
1489403319021,389,Logon API Request,200,OK,Thread Group 1-1,text,true,,437,277,10,10,389,0,3
1489403319087,389,Logon API Request,200,OK,Thread Group 1-2,text,true,,437,277,10,10,389,0,2
1489403319074,795,Contuctus Service,200,OK,Thread Group 1-5,text,true,,809,225,10,10,795,0,0
1489403319047,867,News English,200,OK,Thread Group 1-3,text,true,,4085,228,10,10,867,0,0
1489403318931,986,News English,200,OK,Thread Group 1-4,text,true,,4085,228,10,10,985,0,0
1489403319041,884,News Arabic,200,OK,Thread Group 1-9,text,true,,2812,228,10,10,884,0,0
1489403319072,877,Contuctus Service,200,OK,Thread Group 1-6,text,true,,809,225,10,10,877,0,0
1489403319049,950,News Arabic,200,OK,Thread Group 1-8,text,true,,2812,228,10,10,950,0,0
1489403318973,1031,News English,200,OK,Thread Group 1-10,text,true,,4085,228,10,10,1031,0,0
1489403319915,395,News Arabic,200,OK,Thread Group 1-3,text,true,,2812,228,10,10,394,0,0
1489403319926,389,Logon API Request,200,OK,Thread Group 1-9,text,true,,437,277,10,10,389,0,2
1489403319917,401,News Arabic,200,OK,Thread Group 1-4,text,true,,2812,228,10,10,401,0,0
1489403319869,453,News English,200,OK,Thread Group 1-5,text,true,,4085,228,10,10,453,0,0
1489403319949,386,News English,200,OK,Thread Group 1-6,text,true,,4085,228,10,10,386,0,0
1489403320000,390,Logon API Request,200,OK,Thread Group 1-8,text,true,,437,277,10,10,390,0,2
1489403320005,386,News Arabic,200,OK,Thread Group 1-10,text,true,,2812,228,10,10,386,0,0
1489403320310,389,Logon API Request,200,OK,Thread Group 1-3,text,true,,437,277,10,10,389,0,2
1489403320315,388,PrivacyPolicy Service,200,OK,Thread Group 1-9,text,true,,967,229,10,10,388,0,3
1489403320319,389,Logon API Request,200,OK,Thread Group 1-4,text,true,,437,277,10,10,389,0,2
1489403320323,386,News Arabic,200,OK,Thread Group 1-5,text,true,,2812,228,10,10,386,0,0
1489403320336,385,News Arabic,200,OK,Thread Group 1-6,text,true,,2812,228,10,10,385,0,0
1489403320390,387,PrivacyPolicy Service,200,OK,Thread Group 1-8,text,true,,967,229,10,10,387,0,2
1489403320391,389,Logon API Request,200,OK,Thread Group 1-10,text,true,,437,277,10,10,389,0,3
1489403320710,387,Logon API Request,200,OK,Thread Group 1-5,text,true,,437,277,10,10,387,0,2
1489403320722,390,Logon API Request,200,OK,Thread Group 1-6,text,true,,437,277,10,10,390,0,3
1489403321098,387,PrivacyPolicy Service,200,OK,Thread Group 1-5,text,true,,967,229,10,10,387,0,2
1489403321112,388,PrivacyPolicy Service,200,OK,Thread Group 1-6,text,true,,967,229,10,10,388,0,3
1489403321485,385,Contuctus Service,200,OK,Thread Group 1-5,text,true,,809,225,10,10,385,0,0
1489403321501,388,Contuctus Service,200,OK,Thread Group 1-6,text,true,,809,225,10,10,387,0,0
1489403321871,403,News English,200,OK,Thread Group 1-5,text,true,,4085,228,10,10,403,0,0
1489403321889,386,News English,200,OK,Thread Group 1-6,text,true,,4085,228,10,10,386,0,0
1489403322275,393,News Arabic,200,OK,Thread Group 1-5,text,true,,2812,228,10,10,393,0,0
1489403322276,392,News Arabic,200,OK,Thread Group 1-6,text,true,,2812,228,10,10,392,0,0
1489403322669,388,Logon API Request,200,OK,Thread Group 1-5,text,true,,437,277,10,10,388,0,0
1489403322669,389,Logon API Request,200,OK,Thread Group 1-6,text,true,,437,277,10,10,389,0,0
1489403323057,390,PrivacyPolicy Service,200,OK,Thread Group 1-5,text,true,,967,229,10,10,390,0,0
1489403323058,389,PrivacyPolicy Service,200,OK,Thread Group 1-6,text,true,,967,229,10,10,389,0,0
1489403323447,391,Contuctus Service,200,OK,Thread Group 1-6,text,true,,809,225,10,10,391,0,3
1489403323447,391,Contuctus Service,200,OK,Thread Group 1-5,text,true,,809,225,10,10,391,0,3
1489403323838,391,News English,200,OK,Thread Group 1-5,text,true,,4085,228,10,10,391,0,0
1489403323838,391,News English,200,OK,Thread Group 1-6,text,true,,4085,228,10,10,391,0,0
1489403324230,389,News Arabic,200,OK,Thread Group 1-5,text,true,,2812,228,10,10,389,0,0
1489403324230,390,News Arabic,200,OK,Thread Group 1-6,text,true,,2812,228,10,10,390,0,0
1489403324620,390,Logon API Request,200,OK,Thread Group 1-5,text,true,,437,277,10,10,390,0,2
1489403324621,390,Logon API Request,200,OK,Thread Group 1-6,text,true,,437,277,10,10,390,0,2
1489403325010,385,PrivacyPolicy Service,200,OK,Thread Group 1-5,text,true,,967,229,10,10,385,0,0
1489403325011,385,PrivacyPolicy Service,200,OK,Thread Group 1-6,text,true,,967,229,10,10,385,0,0
1489403325395,385,Contuctus Service,200,OK,Thread Group 1-5,text,true,,809,225,10,10,385,0,0
1489403325396,385,Contuctus Service,200,OK,Thread Group 1-6,text,true,,809,225,10,10,385,0,0
1489403325781,391,News English,200,OK,Thread Group 1-6,text,true,,4085,228,10,10,391,0,2
1489403325781,391,News English,200,OK,Thread Group 1-5,text,true,,4085,228,10,10,391,0,2
1489403326173,390,News Arabic,200,OK,Thread Group 1-6,text,true,,2812,228,10,10,390,0,0
1489403326173,390,News Arabic,200,OK,Thread Group 1-5,text,true,,2812,228,10,10,390,0,0
1489403326564,386,Logon API Request,200,OK,Thread Group 1-5,text,true,,437,277,10,10,386,0,0
1489403326564,387,Logon API Request,200,OK,Thread Group 1-6,text,true,,437,277,10,10,387,0,0
1489403326951,390,PrivacyPolicy Service,200,OK,Thread Group 1-6,text,true,,967,229,10,10,390,0,0
1489403326950,391,PrivacyPolicy Service,200,OK,Thread Group 1-5,text,true,,967,229,10,10,391,0,0
1489403327341,391,Contuctus Service,200,OK,Thread Group 1-5,text,true,,809,225,10,10,390,0,0
1489403327341,392,Contuctus Service,200,OK,Thread Group 1-6,text,true,,809,225,10,10,392,0,0
1489403320781,7208,PrivacyPolicy Service,200,OK,Thread Group 1-10,text,true,,967,229,10,10,7208,0,3
1489403320704,7285,Contuctus Service,200,OK,Thread Group 1-9,text,true,,809,225,10,10,7285,0,0
1489403320778,7234,Contuctus Service,200,OK,Thread Group 1-8,text,true,,809,225,10,10,7234,0,0
1489403319411,8621,PrivacyPolicy Service,200,OK,Thread Group 1-1,text,true,,967,229,10,10,8621,0,0
1489403319476,8591,PrivacyPolicy Service,200,OK,Thread Group 1-2,text,true,,967,229,10,10,8591,0,0
1489403320699,7371,PrivacyPolicy Service,200,OK,Thread Group 1-3,text,true,,967,229,10,10,7371,0,2
1489403319408,8685,PrivacyPolicy Service,200,OK,Thread Group 1-7,text,true,,967,229,10,10,8685,0,0
1489403320709,7430,PrivacyPolicy Service,200,OK,Thread Group 1-4,text,true,,967,229,10,10,7430,0,2
1489403328032,797,Contuctus Service,200,OK,Thread Group 1-1,text,true,,809,225,10,10,797,0,2
1489403328071,790,Contuctus Service,200,OK,Thread Group 1-3,text,true,,809,225,10,10,790,0,2
1489403327733,1210,News English,200,OK,Thread Group 1-6,text,true,,4085,228,10,10,1210,0,0
1489403327732,1215,News English,200,OK,Thread Group 1-5,text,true,,4085,228,10,10,1215,0,0
1489403327990,965,News English,200,OK,Thread Group 1-9,text,true,,4085,228,10,10,965,0,2
1489403328139,9884,Contuctus Service,200,OK,Thread Group 1-4,text,true,,809,225,10,10,9884,0,3
1489403328093,10014,Contuctus Service,200,OK,Thread Group 1-7,text,true,,809,225,10,10,10014,0,3
1489403328067,10090,Contuctus Service,200,OK,Thread Group 1-2,text,true,,809,225,10,10,10090,0,2
1489403327990,10206,Contuctus Service,200,OK,Thread Group 1-10,text,true,,809,225,10,10,10206,0,2
1489403328944,9257,News Arabic,200,OK,Thread Group 1-6,text,true,,2812,228,10,10,9257,0,2
1489403328861,9341,News English,200,OK,Thread Group 1-3,text,true,,4085,228,10,10,9341,0,0
1489403328012,10193,News English,200,OK,Thread Group 1-8,text,true,,4085,228,10,10,10193,0,2
1489403328956,9250,News Arabic,200,OK,Thread Group 1-9,text,true,,2812,228,10,10,9250,0,0
1489403328829,9380,News English,200,OK,Thread Group 1-1,text,true,,4085,228,10,10,9380,0,0
1489403328948,9264,News Arabic,200,OK,Thread Group 1-5,text,true,,2812,228,10,10,9264,0,2
1489403338201,389,Logon API Request,200,OK,Thread Group 1-6,text,true,,437,277,10,10,389,0,3
1489403338206,390,Logon API Request,200,OK,Thread Group 1-9,text,true,,437,277,10,10,390,0,3
1489403338212,389,Logon API Request,200,OK,Thread Group 1-5,text,true,,437,277,10,10,389,0,3
1489403338209,648,News Arabic,200,OK,Thread Group 1-1,text,true,,2812,228,10,10,647,0,4
1489403338024,834,News English,200,OK,Thread Group 1-4,text,true,,4085,228,10,10,834,0,4
1489403338108,752,News English,200,OK,Thread Group 1-7,text,true,,4085,228,10,10,752,0,2
1489403338203,660,News Arabic,200,OK,Thread Group 1-3,text,true,,2812,228,10,10,660,0,3
1489403338158,709,News English,200,OK,Thread Group 1-2,text,true,,4085,228,10,10,709,0,2
1489403338857,391,Logon API Request,200,OK,Thread Group 1-1,text,true,,437,277,10,10,391,0,4
1489403338863,390,Logon API Request,200,OK,Thread Group 1-3,text,true,,437,277,10,10,390,0,4
1489403338860,432,News Arabic,200,OK,Thread Group 1-7,text,true,,2812,228,10,10,432,0,0
1489403338859,434,News Arabic,200,OK,Thread Group 1-4,text,true,,2812,228,10,10,434,0,0
1489403338867,503,News Arabic,200,OK,Thread Group 1-2,text,true,,2812,228,10,10,502,0,0
1489403339292,389,Logon API Request,200,OK,Thread Group 1-7,text,true,,437,277,10,10,389,0,3
1489403339294,388,Logon API Request,200,OK,Thread Group 1-4,text,true,,437,277,10,10,388,0,2
1489403339253,473,PrivacyPolicy Service,200,OK,Thread Group 1-3,text,true,,967,229,10,10,473,0,0
1489403339248,481,PrivacyPolicy Service,200,OK,Thread Group 1-1,text,true,,967,229,10,10,481,0,0
1489403339370,388,Logon API Request,200,OK,Thread Group 1-2,text,true,,437,277,10,10,388,0,2
1489403339682,417,PrivacyPolicy Service,200,OK,Thread Group 1-7,text,true,,967,229,10,10,417,0,0
1489403339727,440,Contuctus Service,200,OK,Thread Group 1-3,text,true,,809,225,10,10,440,0,0
1489403339730,441,Contuctus Service,200,OK,Thread Group 1-1,text,true,,809,225,10,10,441,0,0
1489403339683,511,PrivacyPolicy Service,200,OK,Thread Group 1-4,text,true,,967,229,10,10,511,0,0
1489403339759,439,PrivacyPolicy Service,200,OK,Thread Group 1-2,text,true,,967,229,10,10,439,0,0
1489403340171,7800,News English,200,OK,Thread Group 1-1,text,true,,4085,228,10,10,7800,0,0
1489403338197,9775,News English,200,OK,Thread Group 1-10,text,true,,4085,228,10,10,9775,0,2
1489403338206,9784,News Arabic,200,OK,Thread Group 1-8,text,true,,2812,228,10,10,9784,0,2
1489403340168,7850,News English,200,OK,Thread Group 1-3,text,true,,4085,228,10,10,7850,0,0
1489403340198,7837,Contuctus Service,200,OK,Thread Group 1-2,text,true,,809,225,10,10,7837,0,2
1489403338601,9458,PrivacyPolicy Service,200,OK,Thread Group 1-5,text,true,,967,229,10,10,9458,0,3
1489403340129,7966,Contuctus Service,200,OK,Thread Group 1-7,text,true,,809,225,10,10,7966,0,3
1489403338591,9546,PrivacyPolicy Service,200,OK,Thread Group 1-6,text,true,,967,229,10,10,9546,0,2
1489403338597,9563,PrivacyPolicy Service,200,OK,Thread Group 1-9,text,true,,967,229,10,10,9563,0,2
1489403340195,7970,Contuctus Service,200,OK,Thread Group 1-4,text,true,,809,225,10,10,7970,0,3
1489403347990,388,Logon API Request,200,OK,Thread Group 1-8,text,true,,437,277,10,10,388,0,3
1489403348035,9902,News English,200,OK,Thread Group 1-2,text,true,,4085,228,10,10,9902,0,2
1489403348160,9779,Contuctus Service,200,OK,Thread Group 1-9,text,true,,809,225,10,10,9779,0,2
1489403348095,9847,News English,200,OK,Thread Group 1-7,text,true,,4085,228,10,10,9847,0,2
1489403348059,9885,Contuctus Service,200,OK,Thread Group 1-5,text,true,,809,225,10,10,9885,0,2
1489403347972,9978,News Arabic,200,OK,Thread Group 1-10,text,true,,2812,228,10,10,9978,0,3
1489403348166,9821,News English,200,OK,Thread Group 1-4,text,true,,4085,228,10,10,9821,0,2
1489403347972,10028,News Arabic,200,OK,Thread Group 1-1,text,true,,2812,228,10,10,10028,0,3
1489403348379,9684,PrivacyPolicy Service,200,OK,Thread Group 1-8,text,true,,967,229,10,10,9684,0,2
1489403348138,9940,Contuctus Service,200,OK,Thread Group 1-6,text,true,,809,225,10,10,9940,0,1
1489403348018,10193,News Arabic,200,OK,Thread Group 1-3,text,true,,2812,228,10,10,10193,0,2
1489403357951,388,Logon API Request,200,OK,Thread Group 1-10,text,true,,437,277,10,10,388,0,2
1489403358001,389,Logon API Request,200,OK,Thread Group 1-1,text,true,,437,277,10,10,389,0,2
1489403358212,389,Logon API Request,200,OK,Thread Group 1-3,text,true,,437,277,10,10,389,0,2
1489403357944,677,News English,200,OK,Thread Group 1-5,text,true,,4085,228,10,10,677,0,2
1489403357943,680,News Arabic,200,OK,Thread Group 1-7,text,true,,2812,228,10,10,680,0,6
1489403357987,637,News Arabic,200,OK,Thread Group 1-4,text,true,,2812,228,10,10,637,0,2
1489403357937,752,News Arabic,200,OK,Thread Group 1-2,text,true,,2812,228,10,10,752,0,2
1489403357939,751,News English,200,OK,Thread Group 1-9,text,true,,4085,228,10,10,751,0,3
1489403358339,386,PrivacyPolicy Service,200,OK,Thread Group 1-10,text,true,,967,229,10,10,386,0,2
1489403358390,387,PrivacyPolicy Service,200,OK,Thread Group 1-1,text,true,,967,229,10,10,387,0,3
1489403358622,384,News Arabic,200,OK,Thread Group 1-5,text,true,,2812,228,10,10,384,0,0
1489403358624,388,Logon API Request,200,OK,Thread Group 1-7,text,true,,437,277,10,10,388,0,2
1489403358624,388,Logon API Request,200,OK,Thread Group 1-4,text,true,,437,277,10,10,388,0,2
1489403358601,436,PrivacyPolicy Service,200,OK,Thread Group 1-3,text,true,,967,229,10,10,436,0,3
1489403358690,384,News Arabic,200,OK,Thread Group 1-9,text,true,,2812,228,10,10,384,0,0
1489403358690,390,Logon API Request,200,OK,Thread Group 1-2,text,true,,437,277,10,10,390,0,2
1489403358726,384,Contuctus Service,200,OK,Thread Group 1-10,text,true,,809,225,10,10,384,0,0
1489403358777,386,Contuctus Service,200,OK,Thread Group 1-1,text,true,,809,225,10,10,386,0,0
1489403359006,388,Logon API Request,200,OK,Thread Group 1-5,text,true,,437,277,10,10,388,0,2
1489403359012,393,PrivacyPolicy Service,200,OK,Thread Group 1-7,text,true,,967,229,10,10,393,0,0
1489403359012,395,PrivacyPolicy Service,200,OK,Thread Group 1-4,text,true,,967,229,10,10,395,0,0
1489403359036,385,Contuctus Service,200,OK,Thread Group 1-3,text,true,,809,225,10,10,385,0,0
1489403359074,389,Logon API Request,200,OK,Thread Group 1-9,text,true,,437,277,10,10,389,0,2
1489403359079,385,PrivacyPolicy Service,200,OK,Thread Group 1-2,text,true,,967,229,10,10,385,0,0
1489403359110,386,News English,200,OK,Thread Group 1-10,text,true,,4085,228,10,10,386,0,0
1489403359162,385,News English,200,OK,Thread Group 1-1,text,true,,4085,228,10,10,385,0,0
1489403359408,421,Contuctus Service,200,OK,Thread Group 1-4,text,true,,809,225,10,10,421,0,0
1489403359395,436,PrivacyPolicy Service,200,OK,Thread Group 1-5,text,true,,967,229,10,10,436,0,0
1489403359405,428,Contuctus Service,200,OK,Thread Group 1-7,text,true,,809,225,10,10,428,0,0
1489403359464,385,Contuctus Service,200,OK,Thread Group 1-2,text,true,,809,225,10,10,385,0,0
1489403359421,446,News English,200,OK,Thread Group 1-3,text,true,,4085,228,10,10,446,0,0
1489403359473,426,PrivacyPolicy Service,200,OK,Thread Group 1-9,text,true,,967,229,10,10,426,0,0
1489403359497,442,News Arabic,200,OK,Thread Group 1-10,text,true,,2812,228,10,10,441,0,0
1489403359547,392,News Arabic,200,OK,Thread Group 1-1,text,true,,2812,228,10,10,392,0,0
1489403359900,422,Contuctus Service,200,OK,Thread Group 1-9,text,true,,809,225,10,10,422,0,0
1489403359940,387,Logon API Request,200,OK,Thread Group 1-10,text,true,,437,277,10,10,387,0,0
1489403359940,388,Logon API Request,200,OK,Thread Group 1-1,text,true,,437,277,10,10,388,0,0
1489403359867,499,News Arabic,200,OK,Thread Group 1-3,text,true,,2812,228,10,10,499,0,0
1489403359831,559,Contuctus Service,200,OK,Thread Group 1-5,text,true,,809,225,10,10,559,0,0
1489403359833,600,News English,200,OK,Thread Group 1-7,text,true,,4085,228,10,10,600,0,0
1489403359830,604,News English,200,OK,Thread Group 1-4,text,true,,4085,228,10,10,604,0,0
1489403359849,586,News English,200,OK,Thread Group 1-2,text,true,,4085,228,10,10,586,0,0
1489403360367,388,Logon API Request,200,OK,Thread Group 1-3,text,true,,437,277,10,10,388,0,2
1489403360755,387,PrivacyPolicy Service,200,OK,Thread Group 1-3,text,true,,967,229,10,10,387,0,3
1489403361143,390,Contuctus Service,200,OK,Thread Group 1-3,text,true,,809,225,10,10,390,0,0
1489403361534,384,News English,200,OK,Thread Group 1-3,text,true,,4085,228,10,10,384,0,0
1489403361919,390,News Arabic,200,OK,Thread Group 1-3,text,true,,2812,228,10,10,390,0,0
1489403362309,388,Logon API Request,200,OK,Thread Group 1-3,text,true,,437,277,10,10,388,0,0
1489403362698,389,PrivacyPolicy Service,200,OK,Thread Group 1-3,text,true,,967,229,10,10,389,0,0
1489403363088,390,Contuctus Service,200,OK,Thread Group 1-3,text,true,,809,225,10,10,390,0,2
1489403363478,386,News English,200,OK,Thread Group 1-3,text,true,,4085,228,10,10,386,0,0
1489403363864,390,News Arabic,200,OK,Thread Group 1-3,text,true,,2812,228,10,10,390,0,0
1489403364256,390,Logon API Request,200,OK,Thread Group 1-3,text,true,,437,277,10,10,390,0,2
1489403364646,391,PrivacyPolicy Service,200,OK,Thread Group 1-3,text,true,,967,229,10,10,391,0,0
1489403365037,390,Contuctus Service,200,OK,Thread Group 1-3,text,true,,809,225,10,10,390,0,0
1489403365428,390,News English,200,OK,Thread Group 1-3,text,true,,4085,228,10,10,390,0,2
1489403365819,390,News Arabic,200,OK,Thread Group 1-3,text,true,,2812,228,10,10,390,0,0
1489403366210,387,Logon API Request,200,OK,Thread Group 1-3,text,true,,437,277,10,10,387,0,0
1489403366597,391,PrivacyPolicy Service,200,OK,Thread Group 1-3,text,true,,967,229,10,10,391,0,0
1489403358063,9838,Contuctus Service,200,OK,Thread Group 1-8,text,true,,809,225,10,10,9838,0,3
1489403360434,7593,News Arabic,200,OK,Thread Group 1-7,text,true,,2812,228,10,10,7593,0,2
1489403360391,7639,News English,200,OK,Thread Group 1-5,text,true,,4085,228,10,10,7639,0,1
1489403360435,7596,News Arabic,200,OK,Thread Group 1-4,text,true,,2812,228,10,10,7595,0,2
1489403360327,7793,PrivacyPolicy Service,200,OK,Thread Group 1-10,text,true,,967,229,10,10,7793,0,0
1489403360328,7796,PrivacyPolicy Service,200,OK,Thread Group 1-1,text,true,,967,229,10,10,7796,0,0
1489403360436,7759,News Arabic,200,OK,Thread Group 1-2,text,true,,2812,228,10,10,7759,0,2
1489403358078,10121,News English,200,OK,Thread Group 1-6,text,true,,4085,228,10,10,10121,0,3
1489403360323,7881,News English,200,OK,Thread Group 1-9,text,true,,4085,228,10,10,7881,0,2
1489403368029,391,Logon API Request,200,OK,Thread Group 1-7,text,true,,437,277,10,10,391,0,4
1489403368032,389,Logon API Request,200,OK,Thread Group 1-4,text,true,,437,277,10,10,389,0,2
1489403368196,390,Logon API Request,200,OK,Thread Group 1-2,text,true,,437,277,10,10,390,0,3
1489403368122,641,Contuctus Service,200,OK,Thread Group 1-10,text,true,,809,225,10,10,641,0,2
1489403368126,639,Contuctus Service,200,OK,Thread Group 1-1,text,true,,809,225,10,10,639,0,2
1489403368199,655,News Arabic,200,OK,Thread Group 1-6,text,true,,2812,228,10,10,655,0,2
1489403368206,658,News Arabic,200,OK,Thread Group 1-9,text,true,,2812,228,10,10,658,0,2
1489403368421,467,PrivacyPolicy Service,200,OK,Thread Group 1-4,text,true,,967,229,10,10,467,0,2
1489403368420,516,PrivacyPolicy Service,200,OK,Thread Group 1-7,text,true,,967,229,10,10,516,0,2
1489403368855,389,Logon API Request,200,OK,Thread Group 1-6,text,true,,437,277,10,10,389,0,2
1489403368864,389,Logon API Request,200,OK,Thread Group 1-9,text,true,,437,277,10,10,389,0,3
1489403368888,385,Contuctus Service,200,OK,Thread Group 1-4,text,true,,809,225,10,10,385,0,0
1489403368937,385,Contuctus Service,200,OK,Thread Group 1-7,text,true,,809,225,10,10,385,0,0
1489403368765,573,News English,200,OK,Thread Group 1-1,text,true,,4085,228,10,10,573,0,0
1489403368764,575,News English,200,OK,Thread Group 1-10,text,true,,4085,228,10,10,575,0,0
1489403369322,385,News English,200,OK,Thread Group 1-7,text,true,,4085,228,10,10,385,0,0
1489403369254,564,PrivacyPolicy Service,200,OK,Thread Group 1-9,text,true,,967,229,10,10,564,0,0
1489403369245,605,PrivacyPolicy Service,200,OK,Thread Group 1-6,text,true,,967,229,10,10,605,0,0
1489403369339,551,News Arabic,200,OK,Thread Group 1-10,text,true,,2812,228,10,10,551,0,0
1489403369890,389,Logon API Request,200,OK,Thread Group 1-10,text,true,,437,277,10,10,388,0,2
1489403369273,1197,News English,200,OK,Thread Group 1-4,text,true,,4085,228,10,10,1197,0,0
1489403369339,1135,News Arabic,200,OK,Thread Group 1-1,text,true,,2812,228,10,10,1135,0,0
1489403369818,872,Contuctus Service,200,OK,Thread Group 1-9,text,true,,809,225,10,10,872,0,0
1489403370474,389,Logon API Request,200,OK,Thread Group 1-1,text,true,,437,277,10,10,388,0,2
1489403370281,655,PrivacyPolicy Service,200,OK,Thread Group 1-10,text,true,,967,229,10,10,655,0,2
1489403369850,1117,Contuctus Service,200,OK,Thread Group 1-6,text,true,,809,225,10,10,1117,0,0
1489403369707,1262,News Arabic,200,OK,Thread Group 1-7,text,true,,2812,228,10,10,1262,0,0
1489403370470,502,News Arabic,200,OK,Thread Group 1-4,text,true,,2812,228,10,10,502,0,2
1489403370970,390,Logon API Request,200,OK,Thread Group 1-7,text,true,,437,277,10,10,390,0,3
1489403370973,388,Logon API Request,200,OK,Thread Group 1-4,text,true,,437,277,10,10,388,0,2
1489403370863,526,PrivacyPolicy Service,200,OK,Thread Group 1-1,text,true,,967,229,10,10,526,0,2
1489403370936,453,Contuctus Service,200,OK,Thread Group 1-10,text,true,,809,225,10,10,453,0,0
1489403370968,498,News English,200,OK,Thread Group 1-6,text,true,,4085,228,10,10,498,0,2
1489403371362,508,PrivacyPolicy Service,200,OK,Thread Group 1-4,text,true,,967,229,10,10,508,0,0
1489403371361,604,PrivacyPolicy Service,200,OK,Thread Group 1-7,text,true,,967,229,10,10,604,0,2
1489403371390,576,Contuctus Service,200,OK,Thread Group 1-1,text,true,,809,225,10,10,576,0,0
1489403371467,530,News Arabic,200,OK,Thread Group 1-6,text,true,,2812,228,10,10,529,0,0
1489403371390,607,News English,200,OK,Thread Group 1-10,text,true,,4085,228,10,10,607,0,0
1489403371966,384,Contuctus Service,200,OK,Thread Group 1-7,text,true,,809,225,10,10,384,0,0
1489403371997,389,Logon API Request,200,OK,Thread Group 1-6,text,true,,437,277,10,10,389,0,2
1489403371870,726,Contuctus Service,200,OK,Thread Group 1-4,text,true,,809,225,10,10,726,0,0
1489403371966,768,News English,200,OK,Thread Group 1-1,text,true,,4085,228,10,10,768,0,0
1489403371997,737,News Arabic,200,OK,Thread Group 1-10,text,true,,2812,228,10,10,737,0,0
1489403372735,388,Logon API Request,200,OK,Thread Group 1-10,text,true,,437,277,10,10,388,0,2
1489403372597,539,News English,200,OK,Thread Group 1-4,text,true,,4085,228,10,10,539,0,2
1489403372386,795,PrivacyPolicy Service,200,OK,Thread Group 1-6,text,true,,967,229,10,10,795,0,0
1489403372351,876,News English,200,OK,Thread Group 1-7,text,true,,4085,228,10,10,876,0,0
1489403372734,493,News Arabic,200,OK,Thread Group 1-1,text,true,,2812,228,10,10,493,0,0
1489403373227,389,Logon API Request,200,OK,Thread Group 1-1,text,true,,437,277,10,10,389,0,2
1489403373136,489,News Arabic,200,OK,Thread Group 1-4,text,true,,2812,228,10,10,489,0,0
1489403373181,475,Contuctus Service,200,OK,Thread Group 1-6,text,true,,809,225,10,10,475,0,3
1489403373123,558,PrivacyPolicy Service,200,OK,Thread Group 1-10,text,true,,967,229,10,10,558,0,2
1489403373227,524,News Arabic,200,OK,Thread Group 1-7,text,true,,2812,228,10,10,524,0,0
1489403373625,388,Logon API Request,200,OK,Thread Group 1-4,text,true,,437,277,10,10,388,0,2
1489403373751,390,Logon API Request,200,OK,Thread Group 1-7,text,true,,437,277,10,10,390,0,3
1489403373656,495,News English,200,OK,Thread Group 1-6,text,true,,4085,228,10,10,495,0,0
1489403373682,519,Contuctus Service,200,OK,Thread Group 1-10,text,true,,809,225,10,10,519,0,0
1489403373616,597,PrivacyPolicy Service,200,OK,Thread Group 1-1,text,true,,967,229,10,10,597,0,2
1489403374201,481,News English,200,OK,Thread Group 1-10,text,true,,4085,228,10,10,481,0,0
1489403374213,537,Contuctus Service,200,OK,Thread Group 1-1,text,true,,809,225,10,10,537,0,0
1489403374013,751,PrivacyPolicy Service,200,OK,Thread Group 1-4,text,true,,967,229,10,10,751,0,0
1489403374140,627,PrivacyPolicy Service,200,OK,Thread Group 1-7,text,true,,967,229,10,10,627,0,2
1489403374150,874,News Arabic,200,OK,Thread Group 1-6,text,true,,2812,228,10,10,874,0,0
1489403374751,653,News English,200,OK,Thread Group 1-1,text,true,,4085,228,9,9,653,0,0
1489403374767,651,Contuctus Service,200,OK,Thread Group 1-7,text,true,,809,225,9,9,651,0,0
1489403374764,654,Contuctus Service,200,OK,Thread Group 1-4,text,true,,809,225,9,9,654,0,3
1489403374682,788,News Arabic,200,OK,Thread Group 1-10,text,true,,2812,228,9,9,788,0,0
1489403375470,390,Logon API Request,200,OK,Thread Group 1-10,text,true,,437,277,9,9,390,0,3
1489403375419,477,News English,200,OK,Thread Group 1-4,text,true,,4085,228,9,9,477,0,0
1489403375419,564,News English,200,OK,Thread Group 1-7,text,true,,4085,228,9,9,564,0,0
1489403375404,582,News Arabic,200,OK,Thread Group 1-1,text,true,,2812,228,9,9,582,0,0
1489403375896,477,News Arabic,200,OK,Thread Group 1-4,text,true,,2812,228,9,9,477,0,0
1489403375987,389,Logon API Request,200,OK,Thread Group 1-1,text,true,,437,277,9,9,389,0,2
1489403375860,524,PrivacyPolicy Service,200,OK,Thread Group 1-10,text,true,,967,229,9,9,524,0,2
1489403375984,453,News Arabic,200,OK,Thread Group 1-7,text,true,,2812,228,9,9,453,0,0
1489403376373,388,Logon API Request,200,OK,Thread Group 1-4,text,true,,437,277,9,9,388,0,2
1489403376384,392,Contuctus Service,200,OK,Thread Group 1-10,text,true,,809,225,9,9,392,0,0
1489403376376,401,PrivacyPolicy Service,200,OK,Thread Group 1-1,text,true,,967,229,9,9,401,0,2
1489403376437,389,Logon API Request,200,OK,Thread Group 1-7,text,true,,437,277,9,9,388,0,2
1489403376777,421,News English,200,OK,Thread Group 1-10,text,true,,4085,228,9,9,421,0,0
1489403376826,394,PrivacyPolicy Service,200,OK,Thread Group 1-7,text,true,,967,229,9,9,394,0,2
1489403376777,444,Contuctus Service,200,OK,Thread Group 1-1,text,true,,809,225,9,9,444,0,0
1489403376762,471,PrivacyPolicy Service,200,OK,Thread Group 1-4,text,true,,967,229,9,9,471,0,0
1489403377221,403,Contuctus Service,200,OK,Thread Group 1-7,text,true,,809,225,9,9,403,0,0
1489403377234,474,Contuctus Service,200,OK,Thread Group 1-4,text,true,,809,225,9,9,474,0,1
1489403377199,555,News Arabic,200,OK,Thread Group 1-10,text,true,,2812,228,9,9,555,0,0
1489403377221,533,News English,200,OK,Thread Group 1-1,text,true,,4085,228,9,9,533,0,0
1489403368586,9547,PrivacyPolicy Service,200,OK,Thread Group 1-2,text,true,,967,229,9,9,9547,0,2
1489403377754,389,Logon API Request,200,OK,Thread Group 1-10,text,true,,437,277,9,9,389,0,3
1489403368031,10157,News Arabic,200,OK,Thread Group 1-5,text,true,,2812,228,9,9,10157,0,5
1489403367901,10292,News English,200,OK,Thread Group 1-8,text,true,,4085,228,9,9,10292,0,2
1489403366988,11255,Contuctus Service,200,OK,Thread Group 1-3,text,true,,809,225,9,9,11255,0,0
1489403370690,7593,News English,200,OK,Thread Group 1-9,text,true,,4085,228,9,9,7593,0,3
1489403377708,675,News English,200,OK,Thread Group 1-4,text,true,,4085,228,9,9,675,0,0
1489403377625,759,News English,200,OK,Thread Group 1-7,text,true,,4085,228,9,9,759,0,0
1489403377755,630,News Arabic,200,OK,Thread Group 1-1,text,true,,2812,228,9,9,629,0,0
1489403378187,389,Logon API Request,200,OK,Thread Group 1-5,text,true,,437,277,8,8,389,0,2
1489403378133,576,Contuctus Service,200,OK,Thread Group 1-2,text,true,,809,225,8,8,576,0,3
1489403378144,572,PrivacyPolicy Service,200,OK,Thread Group 1-10,text,true,,967,229,8,8,572,0,3
1489403378242,500,News English,200,OK,Thread Group 1-3,text,true,,4085,228,8,8,500,0,2
1489403378192,551,News Arabic,200,OK,Thread Group 1-8,text,true,,2812,228,8,8,551,0,2
1489403378282,461,News Arabic,200,OK,Thread Group 1-9,text,true,,2812,228,8,8,461,0,2
1489403378384,673,News Arabic,200,OK,Thread Group 1-7,text,true,,2812,228,8,8,673,0,0
1489403378744,388,Logon API Request,200,OK,Thread Group 1-9,text,true,,437,277,8,8,388,0,2
1489403378743,389,Logon API Request,200,OK,Thread Group 1-8,text,true,,437,277,8,8,389,0,3
1489403378383,860,News Arabic,200,OK,Thread Group 1-4,text,true,,2812,228,8,8,860,0,0
1489403378577,825,PrivacyPolicy Service,200,OK,Thread Group 1-5,text,true,,967,229,7,7,825,0,2
1489403378717,727,Contuctus Service,200,OK,Thread Group 1-10,text,true,,809,225,7,7,727,0,0
1489403379058,388,Logon API Request,200,OK,Thread Group 1-7,text,true,,437,277,7,7,388,0,1
1489403379132,386,PrivacyPolicy Service,200,OK,Thread Group 1-8,text,true,,967,229,7,7,386,0,0
1489403379132,396,PrivacyPolicy Service,200,OK,Thread Group 1-9,text,true,,967,229,7,7,396,0,0
1489403378710,831,News English,200,OK,Thread Group 1-2,text,true,,4085,228,7,7,831,0,0
1489403378742,813,News Arabic,200,OK,Thread Group 1-3,text,true,,2812,228,7,7,813,0,0
1489403379446,641,PrivacyPolicy Service,200,OK,Thread Group 1-7,text,true,,967,229,6,6,641,0,3
1489403379403,771,Contuctus Service,200,OK,Thread Group 1-5,text,true,,809,225,6,6,771,0,0
1489403379541,714,News Arabic,200,OK,Thread Group 1-2,text,true,,2812,228,6,6,714,0,0
1489403379529,737,Contuctus Service,200,OK,Thread Group 1-9,text,true,,809,225,6,6,737,0,0
1489403379444,824,News English,200,OK,Thread Group 1-10,text,true,,4085,228,6,6,824,0,0
1489403379518,772,Contuctus Service,200,OK,Thread Group 1-8,text,true,,809,225,6,6,772,0,0
1489403380255,389,Logon API Request,200,OK,Thread Group 1-2,text,true,,437,277,6,6,389,0,2
1489403380266,585,News English,200,OK,Thread Group 1-9,text,true,,4085,228,6,6,585,0,0
1489403380291,560,News English,200,OK,Thread Group 1-8,text,true,,4085,228,6,6,560,0,2
1489403380175,678,News English,200,OK,Thread Group 1-5,text,true,,4085,228,6,6,678,0,0
1489403380269,589,News Arabic,200,OK,Thread Group 1-10,text,true,,2812,228,6,6,589,0,2
1489403380088,792,Contuctus Service,200,OK,Thread Group 1-7,text,true,,809,225,6,6,792,0,0
1489403380858,391,Logon API Request,200,OK,Thread Group 1-10,text,true,,437,277,6,6,390,0,3
1489403380853,642,News Arabic,200,OK,Thread Group 1-5,text,true,,2812,228,6,6,642,0,2
1489403380851,647,News Arabic,200,OK,Thread Group 1-9,text,true,,2812,228,5,5,647,0,3
1489403380852,647,News Arabic,200,OK,Thread Group 1-8,text,true,,2812,228,5,5,647,0,0
1489403380880,619,News English,200,OK,Thread Group 1-7,text,true,,4085,228,5,5,619,0,0
1489403380645,866,PrivacyPolicy Service,200,OK,Thread Group 1-2,text,true,,967,229,5,5,866,0,1
1489403381249,598,PrivacyPolicy Service,200,OK,Thread Group 1-10,text,true,,967,229,5,5,598,0,0
1489403381498,389,Logon API Request,200,OK,Thread Group 1-9,text,true,,437,277,5,5,389,0,3
1489403381499,388,Logon API Request,200,OK,Thread Group 1-8,text,true,,437,277,5,5,388,0,2
1489403381511,680,Contuctus Service,200,OK,Thread Group 1-2,text,true,,809,225,5,5,680,0,0
1489403381847,389,Contuctus Service,200,OK,Thread Group 1-10,text,true,,809,225,5,5,389,0,0
1489403381500,751,News Arabic,200,OK,Thread Group 1-7,text,true,,2812,228,5,5,751,0,2
1489403381888,386,PrivacyPolicy Service,200,OK,Thread Group 1-8,text,true,,967,229,5,5,386,0,0
1489403381888,386,PrivacyPolicy Service,200,OK,Thread Group 1-9,text,true,,967,229,5,5,386,0,0
1489403382252,388,Logon API Request,200,OK,Thread Group 1-7,text,true,,437,277,5,5,388,0,2
1489403382274,648,Contuctus Service,200,OK,Thread Group 1-9,text,true,,809,225,5,5,648,0,0
1489403382192,730,News English,200,OK,Thread Group 1-2,text,true,,4085,228,5,5,730,0,0
1489403382274,698,Contuctus Service,200,OK,Thread Group 1-8,text,true,,809,225,5,5,698,0,0
1489403382237,786,News English,200,OK,Thread Group 1-10,text,true,,4085,228,5,5,786,0,0
1489403382640,666,PrivacyPolicy Service,200,OK,Thread Group 1-7,text,true,,967,229,5,5,666,0,0
1489403382972,727,News English,200,OK,Thread Group 1-8,text,true,,4085,228,5,5,727,0,3
1489403382922,780,News English,200,OK,Thread Group 1-9,text,true,,4085,228,5,5,779,0,2
1489403382923,779,News Arabic,200,OK,Thread Group 1-2,text,true,,2812,228,5,5,779,0,2
1489403383023,692,News Arabic,200,OK,Thread Group 1-10,text,true,,2812,228,5,5,692,0,2
1489403383307,731,Contuctus Service,200,OK,Thread Group 1-7,text,true,,809,225,5,5,731,0,0
1489403383703,388,Logon API Request,200,OK,Thread Group 1-2,text,true,,437,277,5,5,388,0,1
1489403383715,388,Logon API Request,200,OK,Thread Group 1-10,text,true,,437,277,5,5,388,0,2
1489403383702,625,News Arabic,200,OK,Thread Group 1-9,text,true,,2812,228,5,5,625,0,0
1489403383700,636,News Arabic,200,OK,Thread Group 1-8,text,true,,2812,228,5,5,636,0,0
1489403384091,520,PrivacyPolicy Service,200,OK,Thread Group 1-2,text,true,,967,229,5,5,520,0,0
1489403384103,557,PrivacyPolicy Service,200,OK,Thread Group 1-10,text,true,,967,229,5,5,557,0,0
1489403384327,389,Logon API Request,200,OK,Thread Group 1-9,text,true,,437,277,5,5,389,0,2
1489403384336,388,Logon API Request,200,OK,Thread Group 1-8,text,true,,437,277,5,5,388,0,2
1489403384038,719,News English,200,OK,Thread Group 1-7,text,true,,4085,228,5,5,719,0,2
1489403384724,513,PrivacyPolicy Service,200,OK,Thread Group 1-8,text,true,,967,229,5,5,513,0,0
1489403384611,652,Contuctus Service,200,OK,Thread Group 1-2,text,true,,809,225,5,5,652,0,0
1489403384716,554,PrivacyPolicy Service,200,OK,Thread Group 1-9,text,true,,967,229,5,5,554,0,0
1489403384660,614,Contuctus Service,200,OK,Thread Group 1-10,text,true,,809,225,5,5,614,0,0
1489403384758,538,News Arabic,200,OK,Thread Group 1-7,text,true,,2812,228,5,5,538,0,0
1489403385270,560,Contuctus Service,200,OK,Thread Group 1-9,text,true,,809,225,4,4,560,0,2
1489403385263,612,News English,200,OK,Thread Group 1-2,text,true,,4085,228,4,4,612,0,3
1489403385237,645,Contuctus Service,200,OK,Thread Group 1-8,text,true,,809,225,4,4,645,0,2
1489403385275,755,News English,200,OK,Thread Group 1-10,text,true,,4085,228,4,4,755,0,2
1489403385876,708,News Arabic,200,OK,Thread Group 1-2,text,true,,2812,228,4,4,707,0,0
1489403385883,701,News English,200,OK,Thread Group 1-8,text,true,,4085,228,4,4,701,0,0
1489403385830,761,News English,200,OK,Thread Group 1-9,text,true,,4085,228,4,4,761,0,0
1489403386031,561,News Arabic,200,OK,Thread Group 1-10,text,true,,2812,228,4,4,561,0,0
1489403386584,392,Logon API Request,200,OK,Thread Group 1-2,text,true,,437,277,3,3,392,0,5
1489403386592,631,News Arabic,200,OK,Thread Group 1-9,text,true,,2812,228,3,3,631,0,0
1489403386584,641,News Arabic,200,OK,Thread Group 1-8,text,true,,2812,228,3,3,641,0,0
1489403386976,563,PrivacyPolicy Service,200,OK,Thread Group 1-2,text,true,,967,229,3,3,563,0,0
1489403387223,389,Logon API Request,200,OK,Thread Group 1-9,text,true,,437,277,3,3,389,0,3
1489403387225,389,Logon API Request,200,OK,Thread Group 1-8,text,true,,437,277,3,3,389,0,2
1489403387614,508,PrivacyPolicy Service,200,OK,Thread Group 1-8,text,true,,967,229,3,3,508,0,2
1489403387540,627,Contuctus Service,200,OK,Thread Group 1-2,text,true,,809,225,3,3,627,0,2
1489403387612,560,PrivacyPolicy Service,200,OK,Thread Group 1-9,text,true,,967,229,3,3,559,0,2
1489403388172,562,Contuctus Service,200,OK,Thread Group 1-9,text,true,,809,225,3,3,562,0,0
1489403388122,618,Contuctus Service,200,OK,Thread Group 1-8,text,true,,809,225,3,3,618,0,0
1489403388167,640,News English,200,OK,Thread Group 1-2,text,true,,4085,228,3,3,640,0,0
1489403388734,713,News English,200,OK,Thread Group 1-9,text,true,,4085,228,3,3,713,0,0
1489403388741,708,News English,200,OK,Thread Group 1-8,text,true,,4085,228,3,3,708,0,0
1489403388807,643,News Arabic,200,OK,Thread Group 1-2,text,true,,2812,228,3,3,643,0,0
1489403389449,707,News Arabic,200,OK,Thread Group 1-8,text,true,,2812,228,2,2,707,0,0
1489403389448,709,News Arabic,200,OK,Thread Group 1-9,text,true,,2812,228,2,2,709,0,0
1489403390156,391,Logon API Request,200,OK,Thread Group 1-8,text,true,,437,277,2,2,391,0,2
1489403390157,390,Logon API Request,200,OK,Thread Group 1-9,text,true,,437,277,2,2,390,0,2
1489403390547,651,PrivacyPolicy Service,200,OK,Thread Group 1-9,text,true,,967,229,2,2,651,0,3
1489403390547,655,PrivacyPolicy Service,200,OK,Thread Group 1-8,text,true,,967,229,2,2,655,0,2
1489403391202,577,Contuctus Service,200,OK,Thread Group 1-8,text,true,,809,225,2,2,577,0,0
1489403391198,588,Contuctus Service,200,OK,Thread Group 1-9,text,true,,809,225,2,2,588,0,0
1489403391779,699,News English,200,OK,Thread Group 1-8,text,true,,4085,228,2,2,698,0,0
1489403391786,693,News English,200,OK,Thread Group 1-9,text,true,,4085,228,2,2,693,0,0
1489403392478,658,News Arabic,200,OK,Thread Group 1-8,text,true,,2812,228,2,2,658,0,0
1489403392479,657,News Arabic,200,OK,Thread Group 1-9,text,true,,2812,228,2,2,657,0,0
1489403393136,390,Logon API Request,200,OK,Thread Group 1-8,text,true,,437,277,1,1,390,0,3
1489403393527,583,PrivacyPolicy Service,200,OK,Thread Group 1-8,text,true,,967,229,1,1,583,0,2
1489403394111,523,Contuctus Service,200,OK,Thread Group 1-8,text,true,,809,225,1,1,523,0,0
1489403394635,564,News English,200,OK,Thread Group 1-8,text,true,,4085,228,1,1,564,0,0
1489403395199,615,News Arabic,200,OK,Thread Group 1-8,text,true,,2812,228,1,1,615,0,0
1489403395815,389,Logon API Request,200,OK,Thread Group 1-8,text,true,,437,277,1,1,389,0,2
1489403396204,513,PrivacyPolicy Service,200,OK,Thread Group 1-8,text,true,,967,229,1,1,513,0,3
1489403396717,558,Contuctus Service,200,OK,Thread Group 1-8,text,true,,809,225,1,1,558,0,0
1489403397276,610,News English,200,OK,Thread Group 1-8,text,true,,4085,228,1,1,610,0,0
1489403397886,779,News Arabic,200,OK,Thread Group 1-8,text,true,,2812,228,1,1,779,0,0
