timeStamp,elapsed,label,responseCode,responseMessage,threadName,dataType,success,failureMessage,bytes,sentBytes,grpThreads,allThreads,Latency,IdleTime,Connect
1507524416769,2461,LogintoACE,401,Unauthorized,BP001FCTransaction 1-1,text,false,,1070,563,1,1,2084,0,1614
1507524419236,1135,LogintoACE,401,Unauthorized,BP001FCTransaction 1-1,text,false,,1070,563,1,1,760,0,357
1507524420380,779,LogintoACE,401,Unauthorized,BP001FCTransaction 1-1,text,false,,1070,563,1,1,404,0,0
1507524421160,404,LogintoACE,401,Unauthorized,BP001FCTransaction 1-1,text,false,,1070,563,1,1,404,0,0
1507524421565,1137,LogintoACE,401,Unauthorized,BP001FCTransaction 1-1,text,false,,1071,563,1,1,762,0,361
1507524422703,777,LogintoACE,401,Unauthorized,BP001FCTransaction 1-1,text,false,,1070,563,1,1,403,0,0
1507524423481,775,LogintoACE,401,Unauthorized,BP001FCTransaction 1-1,text,false,,1070,563,1,1,401,0,0
1507524424257,1142,LogintoACE,401,Unauthorized,BP001FCTransaction 1-1,text,false,,1070,563,1,1,767,0,366
1507524425401,776,LogintoACE,401,Unauthorized,BP001FCTransaction 1-1,text,false,,1070,563,1,1,402,0,0
1507524426178,778,LogintoACE,401,Unauthorized,BP001FCTransaction 1-1,text,false,,1070,563,2,2,402,0,0
1507524426678,1492,LogintoACE,401,Unauthorized,BP001FCTransaction 1-2,text,false,,1070,563,1,1,1117,0,717
1507524428171,401,LogintoACE,401,Unauthorized,BP001FCTransaction 1-2,text,false,,1070,563,1,1,401,0,0
1507524428573,402,LogintoACE,401,Unauthorized,BP001FCTransaction 1-2,text,false,,1070,563,1,1,402,0,0
1507524428977,740,LogintoACE,401,Unauthorized,BP001FCTransaction 1-2,text,false,,1070,563,1,1,740,0,338
1507524429717,777,LogintoACE,401,Unauthorized,BP001FCTransaction 1-2,text,false,,1069,563,1,1,403,0,0
1507524430494,404,LogintoACE,401,Unauthorized,BP001FCTransaction 1-2,text,false,,1070,563,1,1,404,0,0
1507524430899,775,LogintoACE,401,Unauthorized,BP001FCTransaction 1-2,text,false,,1070,563,1,1,401,0,0
1507524431675,1142,LogintoACE,401,Unauthorized,BP001FCTransaction 1-2,text,false,,1070,563,1,1,768,0,368
1507524432818,402,LogintoACE,401,Unauthorized,BP001FCTransaction 1-2,text,false,,1071,563,1,1,401,0,0
1507524433220,401,LogintoACE,401,Unauthorized,BP001FCTransaction 1-2,text,false,,1070,563,1,1,401,0,0
1507524436680,1307,LogintoACE,401,Unauthorized,BP001FCTransaction 1-3,text,false,,1070,563,1,1,1307,0,905
1507524437990,777,LogintoACE,401,Unauthorized,BP001FCTransaction 1-3,text,false,,1070,563,1,1,402,0,0
1507524438768,1116,LogintoACE,401,Unauthorized,BP001FCTransaction 1-3,text,false,,1071,563,1,1,742,0,341
1507524439885,776,LogintoACE,401,Unauthorized,BP001FCTransaction 1-3,text,false,,1070,563,1,1,402,0,0
1507524440662,778,LogintoACE,401,Unauthorized,BP001FCTransaction 1-3,text,false,,1070,563,1,1,403,0,0
1507524441440,1119,LogintoACE,401,Unauthorized,BP001FCTransaction 1-3,text,false,,1070,563,1,1,744,0,343
1507524442559,503,LogintoACE,401,Unauthorized,BP001FCTransaction 1-3,text,false,,1070,563,1,1,503,0,0
1507524443063,777,LogintoACE,401,Unauthorized,BP001FCTransaction 1-3,text,false,,1070,563,1,1,403,0,0
1507524443841,959,LogintoACE,401,Unauthorized,BP001FCTransaction 1-3,text,false,,1070,563,1,1,959,0,558
1507524444801,781,LogintoACE,401,Unauthorized,BP001FCTransaction 1-3,text,false,,1070,563,1,1,406,0,0
1507524446677,1497,LogintoACE,401,Unauthorized,BP001FCTransaction 1-4,text,false,,1071,563,1,1,1122,0,721
1507524448176,401,LogintoACE,401,Unauthorized,BP001FCTransaction 1-4,text,false,,1070,563,1,1,401,0,0
1507524448578,777,LogintoACE,401,Unauthorized,BP001FCTransaction 1-4,text,false,,1070,563,1,1,402,0,0
1507524449355,1167,LogintoACE,401,Unauthorized,BP001FCTransaction 1-4,text,false,,1071,563,1,1,792,0,390
1507524450529,403,LogintoACE,401,Unauthorized,BP001FCTransaction 1-4,text,false,,1070,563,1,1,403,0,0
1507524450933,778,LogintoACE,401,Unauthorized,BP001FCTransaction 1-4,text,false,,1070,563,1,1,403,0,0
1507524451712,1120,LogintoACE,401,Unauthorized,BP001FCTransaction 1-4,text,false,,1070,563,1,1,745,0,345
1507524452832,401,LogintoACE,401,Unauthorized,BP001FCTransaction 1-4,text,false,,1069,563,1,1,401,0,0
1507524453234,777,LogintoACE,401,Unauthorized,BP001FCTransaction 1-4,text,false,,1070,563,1,1,402,0,0
1507524454012,1127,LogintoACE,401,Unauthorized,BP001FCTransaction 1-4,text,false,,1070,563,1,1,753,0,351
1507524456677,1490,LogintoACE,401,Unauthorized,BP001FCTransaction 1-5,text,false,,1070,563,1,1,1116,0,716
1507524458168,776,LogintoACE,401,Unauthorized,BP001FCTransaction 1-5,text,false,,1071,563,1,1,401,0,0
1507524458944,1124,LogintoACE,401,Unauthorized,BP001FCTransaction 1-5,text,false,,1070,563,1,1,750,0,349
1507524460069,402,LogintoACE,401,Unauthorized,BP001FCTransaction 1-5,text,false,,1070,563,1,1,402,0,0
1507524460472,402,LogintoACE,401,Unauthorized,BP001FCTransaction 1-5,text,false,,1070,563,1,1,402,0,0
1507524460875,777,LogintoACE,401,Unauthorized,BP001FCTransaction 1-5,text,false,,1070,563,1,1,402,0,0
1507524461653,1129,LogintoACE,401,Unauthorized,BP001FCTransaction 1-5,text,false,,1070,563,1,1,754,0,355
1507524462782,776,LogintoACE,401,Unauthorized,BP001FCTransaction 1-5,text,false,,1070,563,1,1,402,0,0
1507524463559,402,LogintoACE,401,Unauthorized,BP001FCTransaction 1-5,text,false,,1070,563,1,1,402,0,0
1507524463963,1125,LogintoACE,401,Unauthorized,BP001FCTransaction 1-5,text,false,,1070,563,1,1,751,0,350
1507524466678,1551,LogintoACE,401,Unauthorized,BP001FCTransaction 1-6,text,false,,1069,563,1,1,1176,0,776
1507524468230,775,LogintoACE,401,Unauthorized,BP001FCTransaction 1-6,text,false,,1070,563,1,1,401,0,0
1507524469006,1153,LogintoACE,401,Unauthorized,BP001FCTransaction 1-6,text,false,,1070,563,1,1,778,0,378
1507524470159,401,LogintoACE,401,Unauthorized,BP001FCTransaction 1-6,text,false,,1070,563,1,1,401,0,0
1507524470560,775,LogintoACE,401,Unauthorized,BP001FCTransaction 1-6,text,false,,1070,563,1,1,400,0,0
1507524471335,1119,LogintoACE,401,Unauthorized,BP001FCTransaction 1-6,text,false,,1071,563,1,1,745,0,344
1507524472456,401,LogintoACE,401,Unauthorized,BP001FCTransaction 1-6,text,false,,1070,563,1,1,401,0,0
1507524472858,774,LogintoACE,401,Unauthorized,BP001FCTransaction 1-6,text,false,,1070,563,1,1,400,0,0
1507524473633,1129,LogintoACE,401,Unauthorized,BP001FCTransaction 1-6,text,false,,1070,563,1,1,755,0,354
1507524474763,775,LogintoACE,401,Unauthorized,BP001FCTransaction 1-6,text,false,,1070,563,1,1,401,0,0
1507524476677,1532,LogintoACE,401,Unauthorized,BP001FCTransaction 1-7,text,false,,1070,563,1,1,1158,0,758
1507524478210,401,LogintoACE,401,Unauthorized,BP001FCTransaction 1-7,text,false,,1070,563,1,1,401,0,0
1507524478612,775,LogintoACE,401,Unauthorized,BP001FCTransaction 1-7,text,false,,1070,563,1,1,401,0,0
1507524479387,1120,LogintoACE,401,Unauthorized,BP001FCTransaction 1-7,text,false,,1070,563,1,1,746,0,344
1507524480522,776,LogintoACE,401,Unauthorized,BP001FCTransaction 1-7,text,false,,1070,563,1,1,402,0,0
1507524481299,400,LogintoACE,401,Unauthorized,BP001FCTransaction 1-7,text,false,,1070,563,1,1,400,0,0
1507524481702,1130,LogintoACE,401,Unauthorized,BP001FCTransaction 1-7,text,false,,1071,563,1,1,756,0,353
1507524482834,775,LogintoACE,401,Unauthorized,BP001FCTransaction 1-7,text,false,,1070,563,1,1,400,0,0
1507524483610,402,LogintoACE,401,Unauthorized,BP001FCTransaction 1-7,text,false,,1070,563,1,1,402,0,0
1507524484013,1123,LogintoACE,401,Unauthorized,BP001FCTransaction 1-7,text,false,,1070,563,1,1,749,0,349
1507524486678,1527,LogintoACE,401,Unauthorized,BP001FCTransaction 1-8,text,false,,1070,563,1,1,1154,0,753
1507524488205,401,LogintoACE,401,Unauthorized,BP001FCTransaction 1-8,text,false,,1070,563,1,1,401,0,0
1507524488607,775,LogintoACE,401,Unauthorized,BP001FCTransaction 1-8,text,false,,1070,563,1,1,400,0,0
1507524489383,748,LogintoACE,401,Unauthorized,BP001FCTransaction 1-8,text,false,,1070,563,1,1,748,0,346
1507524490131,401,LogintoACE,401,Unauthorized,BP001FCTransaction 1-8,text,false,,1070,563,1,1,400,0,0
1507524490532,401,LogintoACE,401,Unauthorized,BP001FCTransaction 1-8,text,false,,1070,563,1,1,401,0,0
1507524490934,401,LogintoACE,401,Unauthorized,BP001FCTransaction 1-8,text,false,,1070,563,1,1,401,0,0
1507524491335,400,LogintoACE,401,Unauthorized,BP001FCTransaction 1-8,text,false,,1070,563,1,1,400,0,0
1507524491736,1131,LogintoACE,401,Unauthorized,BP001FCTransaction 1-8,text,false,,1069,563,1,1,755,0,355
1507524492867,401,LogintoACE,401,Unauthorized,BP001FCTransaction 1-8,text,false,,1015,563,1,1,401,0,0
1507524496677,1509,LogintoACE,401,Unauthorized,BP001FCTransaction 1-9,text,false,,1071,563,1,1,1135,0,735
1507524498187,401,LogintoACE,401,Unauthorized,BP001FCTransaction 1-9,text,false,,1070,563,1,1,400,0,0
1507524498588,402,LogintoACE,401,Unauthorized,BP001FCTransaction 1-9,text,false,,1070,563,1,1,402,0,0
1507524498991,1140,LogintoACE,401,Unauthorized,BP001FCTransaction 1-9,text,false,,1071,563,1,1,766,0,365
1507524500132,402,LogintoACE,401,Unauthorized,BP001FCTransaction 1-9,text,false,,1070,563,1,1,402,0,0
1507524500535,401,LogintoACE,401,Unauthorized,BP001FCTransaction 1-9,text,false,,1070,563,1,1,401,0,0
1507524500937,775,LogintoACE,401,Unauthorized,BP001FCTransaction 1-9,text,false,,1070,563,1,1,400,0,0
1507524501713,748,LogintoACE,401,Unauthorized,BP001FCTransaction 1-9,text,false,,1070,563,1,1,748,0,348
1507524502460,776,LogintoACE,401,Unauthorized,BP001FCTransaction 1-9,text,false,,1070,563,1,1,400,0,0
1507524503236,402,LogintoACE,401,Unauthorized,BP001FCTransaction 1-9,text,false,,1070,563,1,1,402,0,0
1507524506676,1502,LogintoACE,401,Unauthorized,BP001FCTransaction 1-10,text,false,,1070,563,1,1,1128,0,727
1507524508180,401,LogintoACE,401,Unauthorized,BP001FCTransaction 1-10,text,false,,1070,563,1,1,401,0,0
1507524508582,776,LogintoACE,401,Unauthorized,BP001FCTransaction 1-10,text,false,,1070,563,1,1,401,0,0
1507524509359,753,LogintoACE,401,Unauthorized,BP001FCTransaction 1-10,text,false,,1070,563,1,1,753,0,353
1507524510119,402,LogintoACE,401,Unauthorized,BP001FCTransaction 1-10,text,false,,1070,563,1,1,402,0,0
1507524510521,402,LogintoACE,401,Unauthorized,BP001FCTransaction 1-10,text,false,,1070,563,1,1,402,0,0
1507524510924,402,LogintoACE,401,Unauthorized,BP001FCTransaction 1-10,text,false,,1070,563,1,1,402,0,0
1507524511327,402,LogintoACE,401,Unauthorized,BP001FCTransaction 1-10,text,false,,1070,563,1,1,401,0,0
1507524511729,1142,LogintoACE,401,Unauthorized,BP001FCTransaction 1-10,text,false,,1071,563,1,1,768,0,367
1507524512872,774,LogintoACE,401,Unauthorized,BP001FCTransaction 1-10,text,false,,1070,563,1,1,400,0,0
