timeStamp,elapsed,label,responseCode,responseMessage,threadName,dataType,success,failureMessage,bytes,sentBytes,grpThreads,allThreads,Latency,IdleTime,Connect
1489229818358,73,Logon API Request,200,OK,Thread Group 1-1,text,true,,437,277,1,1,72,0,47
1489229818446,34,PrivacyPolicy Service,200,OK,Thread Group 1-1,text,true,,967,229,1,1,34,0,3
1489229818481,92,Contuctus Service,200,OK,Thread Group 1-1,text,true,,809,225,1,1,92,0,0
1489229818574,452,News English,200,OK,Thread Group 1-1,text,true,,4085,228,1,1,451,0,0
1489229819026,26,News Arabic,200,OK,Thread Group 1-1,text,true,,2812,228,1,1,26,0,0
1489229819053,5,Logon API Request,200,OK,Thread Group 1-1,text,true,,437,277,1,1,5,0,0
1489229819059,30,PrivacyPolicy Service,200,OK,Thread Group 1-1,text,true,,967,229,1,1,30,0,0
1489229819090,31,Contuctus Service,200,OK,Thread Group 1-1,text,true,,809,225,1,1,31,0,0
1489229819123,28,News English,200,OK,Thread Group 1-1,text,true,,4085,228,1,1,27,0,0
1489229819151,28,News Arabic,200,OK,Thread Group 1-1,text,true,,2812,228,1,1,27,0,0
1489229819179,5,Logon API Request,200,OK,Thread Group 1-1,text,true,,437,277,1,1,5,0,0
1489229819185,30,PrivacyPolicy Service,200,OK,Thread Group 1-1,text,true,,967,229,1,1,30,0,0
1489229819215,36,Contuctus Service,200,OK,Thread Group 1-1,text,true,,809,225,1,1,36,0,0
1489229819252,44,News English,200,OK,Thread Group 1-1,text,true,,4085,228,1,1,44,0,0
1489229819296,26,News Arabic,200,OK,Thread Group 1-1,text,true,,2812,228,1,1,26,0,0
1489229819323,6,Logon API Request,200,OK,Thread Group 1-1,text,true,,437,277,1,1,6,0,0
1489229819330,29,PrivacyPolicy Service,200,OK,Thread Group 1-1,text,true,,967,229,1,1,29,0,0
1489229819360,30,Contuctus Service,200,OK,Thread Group 1-1,text,true,,809,225,1,1,30,0,0
1489229819391,27,News English,200,OK,Thread Group 1-1,text,true,,4085,228,1,1,27,0,0
1489229819419,27,News Arabic,200,OK,Thread Group 1-1,text,true,,2812,228,1,1,27,0,0
1489229819446,5,Logon API Request,200,OK,Thread Group 1-1,text,true,,437,277,1,1,5,0,0
1489229819451,31,PrivacyPolicy Service,200,OK,Thread Group 1-1,text,true,,967,229,1,1,31,0,0
1489229819483,34,Contuctus Service,200,OK,Thread Group 1-1,text,true,,809,225,1,1,34,0,0
1489229819518,26,News English,200,OK,Thread Group 1-1,text,true,,4085,228,1,1,26,0,0
1489229819545,26,News Arabic,200,OK,Thread Group 1-1,text,true,,2812,228,1,1,26,0,0
1489229819572,4,Logon API Request,200,OK,Thread Group 1-1,text,true,,437,277,1,1,4,0,0
1489229819577,32,PrivacyPolicy Service,200,OK,Thread Group 1-1,text,true,,967,229,1,1,32,0,0
1489229819609,33,Contuctus Service,200,OK,Thread Group 1-1,text,true,,809,225,1,1,33,0,0
1489229819643,26,News English,200,OK,Thread Group 1-1,text,true,,4085,228,1,1,26,0,0
1489229819670,26,News Arabic,200,OK,Thread Group 1-1,text,true,,2812,228,1,1,26,0,0
1489229819697,4,Logon API Request,200,OK,Thread Group 1-1,text,true,,437,277,1,1,4,0,0
1489229819702,29,PrivacyPolicy Service,200,OK,Thread Group 1-1,text,true,,967,229,1,1,29,0,0
1489229819732,31,Contuctus Service,200,OK,Thread Group 1-1,text,true,,809,225,1,1,31,0,0
1489229819763,28,News English,200,OK,Thread Group 1-1,text,true,,4085,228,1,1,28,0,0
1489229819791,25,News Arabic,200,OK,Thread Group 1-1,text,true,,2812,228,1,1,25,0,0
1489229819817,4,Logon API Request,200,OK,Thread Group 1-1,text,true,,437,277,1,1,4,0,0
1489229819821,29,PrivacyPolicy Service,200,OK,Thread Group 1-1,text,true,,967,229,1,1,29,0,0
1489229819851,30,Contuctus Service,200,OK,Thread Group 1-1,text,true,,809,225,1,1,30,0,0
1489229819882,27,News English,200,OK,Thread Group 1-1,text,true,,4085,228,1,1,27,0,0
1489229819910,26,News Arabic,200,OK,Thread Group 1-1,text,true,,2812,228,1,1,26,0,0
1489229819937,6,Logon API Request,200,OK,Thread Group 1-1,text,true,,437,277,1,1,5,0,0
1489229819943,31,PrivacyPolicy Service,200,OK,Thread Group 1-1,text,true,,967,229,1,1,31,0,0
1489229819974,34,Contuctus Service,200,OK,Thread Group 1-1,text,true,,809,225,1,1,34,0,0
1489229820008,26,News English,200,OK,Thread Group 1-1,text,true,,4085,228,1,1,26,0,0
1489229820038,25,News Arabic,200,OK,Thread Group 1-1,text,true,,2812,228,1,1,25,0,0
1489229820065,5,Logon API Request,200,OK,Thread Group 1-1,text,true,,437,277,1,1,4,0,0
1489229820070,29,PrivacyPolicy Service,200,OK,Thread Group 1-1,text,true,,967,229,1,1,29,0,0
1489229820100,31,Contuctus Service,200,OK,Thread Group 1-1,text,true,,809,225,1,1,30,0,0
1489229820132,26,News English,200,OK,Thread Group 1-1,text,true,,4085,228,1,1,26,0,0
1489229820159,27,News Arabic,200,OK,Thread Group 1-1,text,true,,2812,228,1,1,27,0,0
1489229828301,7,Logon API Request,200,OK,Thread Group 1-2,text,true,,437,277,1,1,7,0,3
1489229828309,32,PrivacyPolicy Service,200,OK,Thread Group 1-2,text,true,,967,229,1,1,32,0,3
1489229828342,31,Contuctus Service,200,OK,Thread Group 1-2,text,true,,809,225,1,1,31,0,0
1489229828373,28,News English,200,OK,Thread Group 1-2,text,true,,4085,228,1,1,28,0,0
1489229828401,27,News Arabic,200,OK,Thread Group 1-2,text,true,,2812,228,1,1,26,0,0
1489229828428,4,Logon API Request,200,OK,Thread Group 1-2,text,true,,437,277,1,1,4,0,0
1489229828433,30,PrivacyPolicy Service,200,OK,Thread Group 1-2,text,true,,967,229,1,1,30,0,0
1489229828464,31,Contuctus Service,200,OK,Thread Group 1-2,text,true,,809,225,1,1,31,0,0
1489229828496,27,News English,200,OK,Thread Group 1-2,text,true,,4085,228,1,1,27,0,0
1489229828524,26,News Arabic,200,OK,Thread Group 1-2,text,true,,2812,228,1,1,26,0,0
1489229828551,4,Logon API Request,200,OK,Thread Group 1-2,text,true,,437,277,1,1,4,0,0
1489229828556,29,PrivacyPolicy Service,200,OK,Thread Group 1-2,text,true,,967,229,1,1,29,0,0
1489229828585,31,Contuctus Service,200,OK,Thread Group 1-2,text,true,,809,225,1,1,31,0,0
1489229828616,28,News English,200,OK,Thread Group 1-2,text,true,,4085,228,1,1,28,0,0
1489229828645,26,News Arabic,200,OK,Thread Group 1-2,text,true,,2812,228,1,1,26,0,0
1489229828671,4,Logon API Request,200,OK,Thread Group 1-2,text,true,,437,277,1,1,4,0,0
1489229828676,29,PrivacyPolicy Service,200,OK,Thread Group 1-2,text,true,,967,229,1,1,29,0,0
1489229828706,29,Contuctus Service,200,OK,Thread Group 1-2,text,true,,809,225,1,1,29,0,0
1489229828735,26,News English,200,OK,Thread Group 1-2,text,true,,4085,228,1,1,26,0,0
1489229828762,26,News Arabic,200,OK,Thread Group 1-2,text,true,,2812,228,1,1,26,0,0
1489229828788,4,Logon API Request,200,OK,Thread Group 1-2,text,true,,437,277,1,1,4,0,0
1489229828792,30,PrivacyPolicy Service,200,OK,Thread Group 1-2,text,true,,967,229,1,1,30,0,0
1489229828822,31,Contuctus Service,200,OK,Thread Group 1-2,text,true,,809,225,1,1,31,0,0
1489229828853,27,News English,200,OK,Thread Group 1-2,text,true,,4085,228,1,1,27,0,0
1489229828881,26,News Arabic,200,OK,Thread Group 1-2,text,true,,2812,228,1,1,26,0,0
1489229828907,4,Logon API Request,200,OK,Thread Group 1-2,text,true,,437,277,1,1,4,0,0
1489229828912,29,PrivacyPolicy Service,200,OK,Thread Group 1-2,text,true,,967,229,1,1,29,0,0
1489229828941,30,Contuctus Service,200,OK,Thread Group 1-2,text,true,,809,225,1,1,30,0,0
1489229828972,26,News English,200,OK,Thread Group 1-2,text,true,,4085,228,1,1,26,0,0
1489229828998,26,News Arabic,200,OK,Thread Group 1-2,text,true,,2812,228,1,1,26,0,0
1489229829025,4,Logon API Request,200,OK,Thread Group 1-2,text,true,,437,277,1,1,4,0,0
1489229829029,29,PrivacyPolicy Service,200,OK,Thread Group 1-2,text,true,,967,229,1,1,29,0,0
1489229829058,30,Contuctus Service,200,OK,Thread Group 1-2,text,true,,809,225,1,1,30,0,0
1489229829089,27,News English,200,OK,Thread Group 1-2,text,true,,4085,228,1,1,27,0,0
1489229829117,26,News Arabic,200,OK,Thread Group 1-2,text,true,,2812,228,1,1,26,0,0
1489229829144,4,Logon API Request,200,OK,Thread Group 1-2,text,true,,437,277,1,1,4,0,0
1489229829149,29,PrivacyPolicy Service,200,OK,Thread Group 1-2,text,true,,967,229,1,1,29,0,0
1489229829178,30,Contuctus Service,200,OK,Thread Group 1-2,text,true,,809,225,1,1,30,0,0
1489229829209,27,News English,200,OK,Thread Group 1-2,text,true,,4085,228,1,1,27,0,0
1489229829237,27,News Arabic,200,OK,Thread Group 1-2,text,true,,2812,228,1,1,27,0,0
1489229829265,3,Logon API Request,200,OK,Thread Group 1-2,text,true,,437,277,1,1,3,0,0
1489229829269,29,PrivacyPolicy Service,200,OK,Thread Group 1-2,text,true,,967,229,1,1,29,0,0
1489229829299,30,Contuctus Service,200,OK,Thread Group 1-2,text,true,,809,225,1,1,30,0,0
1489229829329,26,News English,200,OK,Thread Group 1-2,text,true,,4085,228,1,1,26,0,0
1489229829356,27,News Arabic,200,OK,Thread Group 1-2,text,true,,2812,228,1,1,26,0,0
1489229829383,4,Logon API Request,200,OK,Thread Group 1-2,text,true,,437,277,1,1,4,0,0
1489229829387,30,PrivacyPolicy Service,200,OK,Thread Group 1-2,text,true,,967,229,1,1,30,0,0
1489229829417,30,Contuctus Service,200,OK,Thread Group 1-2,text,true,,809,225,1,1,30,0,0
1489229829448,26,News English,200,OK,Thread Group 1-2,text,true,,4085,228,1,1,26,0,0
1489229829474,27,News Arabic,200,OK,Thread Group 1-2,text,true,,2812,228,1,1,27,0,0
1489229838301,6,Logon API Request,200,OK,Thread Group 1-3,text,true,,437,277,1,1,6,0,2
1489229838307,31,PrivacyPolicy Service,200,OK,Thread Group 1-3,text,true,,967,229,1,1,31,0,2
1489229838339,30,Contuctus Service,200,OK,Thread Group 1-3,text,true,,809,225,1,1,30,0,0
1489229838370,72,News English,200,OK,Thread Group 1-3,text,true,,4085,228,1,1,72,0,0
1489229838442,26,News Arabic,200,OK,Thread Group 1-3,text,true,,2812,228,1,1,26,0,0
1489229838468,4,Logon API Request,200,OK,Thread Group 1-3,text,true,,437,277,1,1,4,0,0
1489229838473,29,PrivacyPolicy Service,200,OK,Thread Group 1-3,text,true,,967,229,1,1,29,0,0
1489229838502,31,Contuctus Service,200,OK,Thread Group 1-3,text,true,,809,225,1,1,31,0,0
1489229838534,27,News English,200,OK,Thread Group 1-3,text,true,,4085,228,1,1,27,0,0
1489229838561,28,News Arabic,200,OK,Thread Group 1-3,text,true,,2812,228,1,1,28,0,0
1489229838589,5,Logon API Request,200,OK,Thread Group 1-3,text,true,,437,277,1,1,5,0,0
1489229838595,30,PrivacyPolicy Service,200,OK,Thread Group 1-3,text,true,,967,229,1,1,29,0,0
1489229838625,31,Contuctus Service,200,OK,Thread Group 1-3,text,true,,809,225,1,1,31,0,0
1489229838656,26,News English,200,OK,Thread Group 1-3,text,true,,4085,228,1,1,26,0,0
1489229838683,25,News Arabic,200,OK,Thread Group 1-3,text,true,,2812,228,1,1,25,0,0
1489229838709,3,Logon API Request,200,OK,Thread Group 1-3,text,true,,437,277,1,1,3,0,0
1489229838713,29,PrivacyPolicy Service,200,OK,Thread Group 1-3,text,true,,967,229,1,1,29,0,0
1489229838742,33,Contuctus Service,200,OK,Thread Group 1-3,text,true,,809,225,1,1,32,0,0
1489229838775,30,News English,200,OK,Thread Group 1-3,text,true,,4085,228,1,1,30,0,0
1489229838806,26,News Arabic,200,OK,Thread Group 1-3,text,true,,2812,228,1,1,26,0,0
1489229838833,3,Logon API Request,200,OK,Thread Group 1-3,text,true,,437,277,1,1,3,0,0
1489229838837,29,PrivacyPolicy Service,200,OK,Thread Group 1-3,text,true,,967,229,1,1,29,0,0
1489229838866,30,Contuctus Service,200,OK,Thread Group 1-3,text,true,,809,225,1,1,30,0,0
1489229838897,25,News English,200,OK,Thread Group 1-3,text,true,,4085,228,1,1,25,0,0
1489229838923,26,News Arabic,200,OK,Thread Group 1-3,text,true,,2812,228,1,1,26,0,0
1489229838950,4,Logon API Request,200,OK,Thread Group 1-3,text,true,,437,277,1,1,4,0,0
1489229838955,29,PrivacyPolicy Service,200,OK,Thread Group 1-3,text,true,,967,229,1,1,29,0,0
1489229838985,32,Contuctus Service,200,OK,Thread Group 1-3,text,true,,809,225,1,1,32,0,0
1489229839018,27,News English,200,OK,Thread Group 1-3,text,true,,4085,228,1,1,27,0,0
1489229839045,26,News Arabic,200,OK,Thread Group 1-3,text,true,,2812,228,1,1,26,0,0
1489229839071,4,Logon API Request,200,OK,Thread Group 1-3,text,true,,437,277,1,1,4,0,0
1489229839075,30,PrivacyPolicy Service,200,OK,Thread Group 1-3,text,true,,967,229,1,1,30,0,0
1489229839106,30,Contuctus Service,200,OK,Thread Group 1-3,text,true,,809,225,1,1,30,0,0
1489229839137,26,News English,200,OK,Thread Group 1-3,text,true,,4085,228,1,1,26,0,0
1489229839163,26,News Arabic,200,OK,Thread Group 1-3,text,true,,2812,228,1,1,26,0,0
1489229839189,4,Logon API Request,200,OK,Thread Group 1-3,text,true,,437,277,1,1,4,0,0
1489229839194,29,PrivacyPolicy Service,200,OK,Thread Group 1-3,text,true,,967,229,1,1,29,0,0
1489229839223,31,Contuctus Service,200,OK,Thread Group 1-3,text,true,,809,225,1,1,31,0,0
1489229839254,26,News English,200,OK,Thread Group 1-3,text,true,,4085,228,1,1,26,0,0
1489229839281,26,News Arabic,200,OK,Thread Group 1-3,text,true,,2812,228,1,1,25,0,0
1489229839307,4,Logon API Request,200,OK,Thread Group 1-3,text,true,,437,277,1,1,4,0,0
1489229839312,29,PrivacyPolicy Service,200,OK,Thread Group 1-3,text,true,,967,229,1,1,28,0,0
1489229839341,31,Contuctus Service,200,OK,Thread Group 1-3,text,true,,809,225,1,1,31,0,0
1489229839372,28,News English,200,OK,Thread Group 1-3,text,true,,4085,228,1,1,28,0,0
1489229839401,25,News Arabic,200,OK,Thread Group 1-3,text,true,,2812,228,1,1,25,0,0
1489229839427,4,Logon API Request,200,OK,Thread Group 1-3,text,true,,437,277,1,1,4,0,0
1489229839432,30,PrivacyPolicy Service,200,OK,Thread Group 1-3,text,true,,967,229,1,1,30,0,0
1489229839463,31,Contuctus Service,200,OK,Thread Group 1-3,text,true,,809,225,1,1,31,0,0
1489229839494,27,News English,200,OK,Thread Group 1-3,text,true,,4085,228,1,1,27,0,0
1489229839521,287,News Arabic,200,OK,Thread Group 1-3,text,true,,2812,228,1,1,287,0,0
1489229848302,27,Logon API Request,200,OK,Thread Group 1-4,text,true,,437,277,1,1,27,0,2
1489229848330,413,PrivacyPolicy Service,200,OK,Thread Group 1-4,text,true,,967,229,1,1,413,0,1
1489229848744,69,Contuctus Service,200,OK,Thread Group 1-4,text,true,,809,225,1,1,69,0,0
1489229848814,95,News English,200,OK,Thread Group 1-4,text,true,,4085,228,1,1,95,0,0
1489229848910,26,News Arabic,200,OK,Thread Group 1-4,text,true,,2812,228,1,1,26,0,0
1489229848937,4,Logon API Request,200,OK,Thread Group 1-4,text,true,,437,277,1,1,4,0,0
1489229848941,29,PrivacyPolicy Service,200,OK,Thread Group 1-4,text,true,,967,229,1,1,29,0,0
1489229848970,31,Contuctus Service,200,OK,Thread Group 1-4,text,true,,809,225,1,1,30,0,0
1489229849001,26,News English,200,OK,Thread Group 1-4,text,true,,4085,228,1,1,26,0,0
1489229849027,26,News Arabic,200,OK,Thread Group 1-4,text,true,,2812,228,1,1,26,0,0
1489229849054,3,Logon API Request,200,OK,Thread Group 1-4,text,true,,437,277,1,1,3,0,0
1489229849058,29,PrivacyPolicy Service,200,OK,Thread Group 1-4,text,true,,967,229,1,1,29,0,0
1489229849088,31,Contuctus Service,200,OK,Thread Group 1-4,text,true,,809,225,1,1,31,0,0
1489229849120,26,News English,200,OK,Thread Group 1-4,text,true,,4085,228,1,1,26,0,0
1489229849146,26,News Arabic,200,OK,Thread Group 1-4,text,true,,2812,228,1,1,26,0,0
1489229849172,4,Logon API Request,200,OK,Thread Group 1-4,text,true,,437,277,1,1,4,0,0
1489229849177,28,PrivacyPolicy Service,200,OK,Thread Group 1-4,text,true,,967,229,1,1,28,0,0
1489229849205,30,Contuctus Service,200,OK,Thread Group 1-4,text,true,,809,225,1,1,30,0,0
1489229849236,26,News English,200,OK,Thread Group 1-4,text,true,,4085,228,1,1,26,0,0
1489229849263,53,News Arabic,200,OK,Thread Group 1-4,text,true,,2812,228,1,1,53,0,0
1489229849317,4,Logon API Request,200,OK,Thread Group 1-4,text,true,,437,277,1,1,4,0,0
1489229849322,50,PrivacyPolicy Service,200,OK,Thread Group 1-4,text,true,,967,229,1,1,50,0,0
1489229849372,31,Contuctus Service,200,OK,Thread Group 1-4,text,true,,809,225,1,1,31,0,0
1489229849404,26,News English,200,OK,Thread Group 1-4,text,true,,4085,228,1,1,26,0,0
1489229849431,29,News Arabic,200,OK,Thread Group 1-4,text,true,,2812,228,1,1,29,0,0
1489229849460,5,Logon API Request,200,OK,Thread Group 1-4,text,true,,437,277,1,1,5,0,0
1489229849466,32,PrivacyPolicy Service,200,OK,Thread Group 1-4,text,true,,967,229,1,1,32,0,0
1489229849499,30,Contuctus Service,200,OK,Thread Group 1-4,text,true,,809,225,1,1,30,0,0
1489229849529,27,News English,200,OK,Thread Group 1-4,text,true,,4085,228,1,1,27,0,0
1489229849556,27,News Arabic,200,OK,Thread Group 1-4,text,true,,2812,228,1,1,27,0,0
1489229849583,4,Logon API Request,200,OK,Thread Group 1-4,text,true,,437,277,1,1,4,0,0
1489229849587,30,PrivacyPolicy Service,200,OK,Thread Group 1-4,text,true,,967,229,1,1,30,0,0
1489229849617,32,Contuctus Service,200,OK,Thread Group 1-4,text,true,,809,225,1,1,32,0,0
1489229849650,27,News English,200,OK,Thread Group 1-4,text,true,,4085,228,1,1,27,0,0
1489229849677,26,News Arabic,200,OK,Thread Group 1-4,text,true,,2812,228,1,1,26,0,0
1489229849704,4,Logon API Request,200,OK,Thread Group 1-4,text,true,,437,277,1,1,4,0,0
1489229849709,29,PrivacyPolicy Service,200,OK,Thread Group 1-4,text,true,,967,229,1,1,29,0,0
1489229849738,30,Contuctus Service,200,OK,Thread Group 1-4,text,true,,809,225,1,1,30,0,0
1489229849768,27,News English,200,OK,Thread Group 1-4,text,true,,4085,228,1,1,27,0,0
1489229849795,26,News Arabic,200,OK,Thread Group 1-4,text,true,,2812,228,1,1,26,0,0
1489229849822,4,Logon API Request,200,OK,Thread Group 1-4,text,true,,437,277,1,1,4,0,0
1489229849827,28,PrivacyPolicy Service,200,OK,Thread Group 1-4,text,true,,967,229,1,1,28,0,0
1489229849856,30,Contuctus Service,200,OK,Thread Group 1-4,text,true,,809,225,1,1,30,0,0
1489229849887,26,News English,200,OK,Thread Group 1-4,text,true,,4085,228,1,1,26,0,0
1489229849913,27,News Arabic,200,OK,Thread Group 1-4,text,true,,2812,228,1,1,27,0,0
1489229849940,4,Logon API Request,200,OK,Thread Group 1-4,text,true,,437,277,1,1,4,0,0
1489229849944,30,PrivacyPolicy Service,200,OK,Thread Group 1-4,text,true,,967,229,1,1,30,0,0
1489229849974,31,Contuctus Service,200,OK,Thread Group 1-4,text,true,,809,225,1,1,31,0,0
1489229850008,27,News English,200,OK,Thread Group 1-4,text,true,,4085,228,1,1,27,0,0
1489229850036,24,News Arabic,200,OK,Thread Group 1-4,text,true,,2812,228,1,1,24,0,0
1489229858301,7,Logon API Request,200,OK,Thread Group 1-5,text,true,,437,277,1,1,7,0,2
1489229858308,32,PrivacyPolicy Service,200,OK,Thread Group 1-5,text,true,,967,229,1,1,32,0,3
1489229858340,32,Contuctus Service,200,OK,Thread Group 1-5,text,true,,809,225,1,1,32,0,0
1489229858372,26,News English,200,OK,Thread Group 1-5,text,true,,4085,228,1,1,26,0,0
1489229858398,26,News Arabic,200,OK,Thread Group 1-5,text,true,,2812,228,1,1,26,0,0
1489229858425,4,Logon API Request,200,OK,Thread Group 1-5,text,true,,437,277,1,1,4,0,0
1489229858430,28,PrivacyPolicy Service,200,OK,Thread Group 1-5,text,true,,967,229,1,1,28,0,0
1489229858459,31,Contuctus Service,200,OK,Thread Group 1-5,text,true,,809,225,1,1,31,0,0
1489229858490,28,News English,200,OK,Thread Group 1-5,text,true,,4085,228,1,1,28,0,0
1489229858518,28,News Arabic,200,OK,Thread Group 1-5,text,true,,2812,228,1,1,28,0,0
1489229858547,4,Logon API Request,200,OK,Thread Group 1-5,text,true,,437,277,1,1,4,0,0
1489229858551,31,PrivacyPolicy Service,200,OK,Thread Group 1-5,text,true,,967,229,1,1,30,0,0
1489229858582,33,Contuctus Service,200,OK,Thread Group 1-5,text,true,,809,225,1,1,33,0,0
1489229858615,28,News English,200,OK,Thread Group 1-5,text,true,,4085,228,1,1,28,0,0
1489229858644,27,News Arabic,200,OK,Thread Group 1-5,text,true,,2812,228,1,1,27,0,0
1489229858672,3,Logon API Request,200,OK,Thread Group 1-5,text,true,,437,277,1,1,3,0,0
1489229858676,28,PrivacyPolicy Service,200,OK,Thread Group 1-5,text,true,,967,229,1,1,28,0,0
1489229858704,30,Contuctus Service,200,OK,Thread Group 1-5,text,true,,809,225,1,1,30,0,0
1489229858734,26,News English,200,OK,Thread Group 1-5,text,true,,4085,228,1,1,26,0,0
1489229858760,27,News Arabic,200,OK,Thread Group 1-5,text,true,,2812,228,1,1,27,0,0
1489229858787,4,Logon API Request,200,OK,Thread Group 1-5,text,true,,437,277,1,1,4,0,0
1489229858791,30,PrivacyPolicy Service,200,OK,Thread Group 1-5,text,true,,967,229,1,1,30,0,0
1489229858822,30,Contuctus Service,200,OK,Thread Group 1-5,text,true,,809,225,1,1,30,0,0
1489229858852,26,News English,200,OK,Thread Group 1-5,text,true,,4085,228,1,1,26,0,0
1489229858878,26,News Arabic,200,OK,Thread Group 1-5,text,true,,2812,228,1,1,26,0,0
1489229858905,3,Logon API Request,200,OK,Thread Group 1-5,text,true,,437,277,1,1,3,0,0
1489229858909,28,PrivacyPolicy Service,200,OK,Thread Group 1-5,text,true,,967,229,1,1,28,0,0
1489229858937,32,Contuctus Service,200,OK,Thread Group 1-5,text,true,,809,225,1,1,32,0,0
1489229858969,27,News English,200,OK,Thread Group 1-5,text,true,,4085,228,1,1,27,0,0
1489229858996,29,News Arabic,200,OK,Thread Group 1-5,text,true,,2812,228,1,1,29,0,0
1489229859025,4,Logon API Request,200,OK,Thread Group 1-5,text,true,,437,277,1,1,4,0,0
1489229859030,28,PrivacyPolicy Service,200,OK,Thread Group 1-5,text,true,,967,229,1,1,28,0,0
1489229859059,30,Contuctus Service,200,OK,Thread Group 1-5,text,true,,809,225,1,1,30,0,0
1489229859090,26,News English,200,OK,Thread Group 1-5,text,true,,4085,228,1,1,26,0,0
1489229859116,26,News Arabic,200,OK,Thread Group 1-5,text,true,,2812,228,1,1,26,0,0
1489229859142,4,Logon API Request,200,OK,Thread Group 1-5,text,true,,437,277,1,1,4,0,0
1489229859146,29,PrivacyPolicy Service,200,OK,Thread Group 1-5,text,true,,967,229,1,1,29,0,0
1489229859175,29,Contuctus Service,200,OK,Thread Group 1-5,text,true,,809,225,1,1,29,0,0
1489229859205,25,News English,200,OK,Thread Group 1-5,text,true,,4085,228,1,1,25,0,0
1489229859231,25,News Arabic,200,OK,Thread Group 1-5,text,true,,2812,228,1,1,25,0,0
1489229859256,4,Logon API Request,200,OK,Thread Group 1-5,text,true,,437,277,1,1,4,0,0
1489229859261,28,PrivacyPolicy Service,200,OK,Thread Group 1-5,text,true,,967,229,1,1,28,0,0
1489229859289,31,Contuctus Service,200,OK,Thread Group 1-5,text,true,,809,225,1,1,31,0,0
1489229859320,26,News English,200,OK,Thread Group 1-5,text,true,,4085,228,1,1,25,0,0
1489229859346,26,News Arabic,200,OK,Thread Group 1-5,text,true,,2812,228,1,1,26,0,0
1489229859372,5,Logon API Request,200,OK,Thread Group 1-5,text,true,,437,277,1,1,5,0,0
1489229859378,29,PrivacyPolicy Service,200,OK,Thread Group 1-5,text,true,,967,229,1,1,29,0,0
1489229859407,30,Contuctus Service,200,OK,Thread Group 1-5,text,true,,809,225,1,1,30,0,0
1489229859438,26,News English,200,OK,Thread Group 1-5,text,true,,4085,228,1,1,26,0,0
1489229859464,76,News Arabic,200,OK,Thread Group 1-5,text,true,,2812,228,1,1,76,0,0
1489229868302,8,Logon API Request,200,OK,Thread Group 1-6,text,true,,437,277,1,1,8,0,3
1489229868311,31,PrivacyPolicy Service,200,OK,Thread Group 1-6,text,true,,967,229,1,1,31,0,2
1489229868343,31,Contuctus Service,200,OK,Thread Group 1-6,text,true,,809,225,1,1,31,0,0
1489229868374,27,News English,200,OK,Thread Group 1-6,text,true,,4085,228,1,1,27,0,0
1489229868402,26,News Arabic,200,OK,Thread Group 1-6,text,true,,2812,228,1,1,26,0,0
1489229868429,5,Logon API Request,200,OK,Thread Group 1-6,text,true,,437,277,1,1,5,0,0
1489229868435,31,PrivacyPolicy Service,200,OK,Thread Group 1-6,text,true,,967,229,1,1,31,0,0
1489229868467,31,Contuctus Service,200,OK,Thread Group 1-6,text,true,,809,225,1,1,31,0,0
1489229868499,27,News English,200,OK,Thread Group 1-6,text,true,,4085,228,1,1,27,0,0
1489229868526,27,News Arabic,200,OK,Thread Group 1-6,text,true,,2812,228,1,1,27,0,0
1489229868554,4,Logon API Request,200,OK,Thread Group 1-6,text,true,,437,277,1,1,4,0,0
1489229868558,29,PrivacyPolicy Service,200,OK,Thread Group 1-6,text,true,,967,229,1,1,29,0,0
1489229868588,31,Contuctus Service,200,OK,Thread Group 1-6,text,true,,809,225,1,1,31,0,0
1489229868619,29,News English,200,OK,Thread Group 1-6,text,true,,4085,228,1,1,29,0,0
1489229868648,27,News Arabic,200,OK,Thread Group 1-6,text,true,,2812,228,1,1,27,0,0
1489229868675,4,Logon API Request,200,OK,Thread Group 1-6,text,true,,437,277,1,1,4,0,0
1489229868679,31,PrivacyPolicy Service,200,OK,Thread Group 1-6,text,true,,967,229,1,1,31,0,0
1489229868710,32,Contuctus Service,200,OK,Thread Group 1-6,text,true,,809,225,1,1,32,0,0
1489229868742,26,News English,200,OK,Thread Group 1-6,text,true,,4085,228,1,1,26,0,0
1489229868769,26,News Arabic,200,OK,Thread Group 1-6,text,true,,2812,228,1,1,26,0,0
1489229868795,4,Logon API Request,200,OK,Thread Group 1-6,text,true,,437,277,1,1,4,0,0
1489229868799,29,PrivacyPolicy Service,200,OK,Thread Group 1-6,text,true,,967,229,1,1,29,0,0
1489229868828,30,Contuctus Service,200,OK,Thread Group 1-6,text,true,,809,225,1,1,30,0,0
1489229868859,26,News English,200,OK,Thread Group 1-6,text,true,,4085,228,1,1,26,0,0
1489229868885,27,News Arabic,200,OK,Thread Group 1-6,text,true,,2812,228,1,1,27,0,0
1489229868913,3,Logon API Request,200,OK,Thread Group 1-6,text,true,,437,277,1,1,3,0,0
1489229868917,30,PrivacyPolicy Service,200,OK,Thread Group 1-6,text,true,,967,229,1,1,30,0,0
1489229868947,31,Contuctus Service,200,OK,Thread Group 1-6,text,true,,809,225,1,1,31,0,0
1489229868978,27,News English,200,OK,Thread Group 1-6,text,true,,4085,228,1,1,27,0,0
1489229869005,26,News Arabic,200,OK,Thread Group 1-6,text,true,,2812,228,1,1,26,0,0
1489229869031,4,Logon API Request,200,OK,Thread Group 1-6,text,true,,437,277,1,1,4,0,0
1489229869036,29,PrivacyPolicy Service,200,OK,Thread Group 1-6,text,true,,967,229,1,1,29,0,0
1489229869066,31,Contuctus Service,200,OK,Thread Group 1-6,text,true,,809,225,1,1,31,0,0
1489229869097,29,News English,200,OK,Thread Group 1-6,text,true,,4085,228,1,1,29,0,0
1489229869127,26,News Arabic,200,OK,Thread Group 1-6,text,true,,2812,228,1,1,26,0,0
1489229869154,4,Logon API Request,200,OK,Thread Group 1-6,text,true,,437,277,1,1,3,0,0
1489229869158,29,PrivacyPolicy Service,200,OK,Thread Group 1-6,text,true,,967,229,1,1,29,0,0
1489229869187,30,Contuctus Service,200,OK,Thread Group 1-6,text,true,,809,225,1,1,30,0,0
1489229869218,26,News English,200,OK,Thread Group 1-6,text,true,,4085,228,1,1,25,0,0
1489229869244,25,News Arabic,200,OK,Thread Group 1-6,text,true,,2812,228,1,1,25,0,0
1489229869270,5,Logon API Request,200,OK,Thread Group 1-6,text,true,,437,277,1,1,5,0,0
1489229869275,30,PrivacyPolicy Service,200,OK,Thread Group 1-6,text,true,,967,229,1,1,30,0,0
1489229869305,31,Contuctus Service,200,OK,Thread Group 1-6,text,true,,809,225,1,1,31,0,0
1489229869336,26,News English,200,OK,Thread Group 1-6,text,true,,4085,228,1,1,26,0,0
1489229869362,32,News Arabic,200,OK,Thread Group 1-6,text,true,,2812,228,1,1,32,0,0
1489229869395,3,Logon API Request,200,OK,Thread Group 1-6,text,true,,437,277,1,1,3,0,0
1489229869399,33,PrivacyPolicy Service,200,OK,Thread Group 1-6,text,true,,967,229,1,1,32,0,0
1489229869432,35,Contuctus Service,200,OK,Thread Group 1-6,text,true,,809,225,1,1,34,0,0
1489229869467,28,News English,200,OK,Thread Group 1-6,text,true,,4085,228,1,1,28,0,0
1489229869495,26,News Arabic,200,OK,Thread Group 1-6,text,true,,2812,228,1,1,26,0,0
1489229878302,8,Logon API Request,200,OK,Thread Group 1-7,text,true,,437,277,1,1,7,0,2
1489229878310,33,PrivacyPolicy Service,200,OK,Thread Group 1-7,text,true,,967,229,1,1,33,0,2
1489229878343,30,Contuctus Service,200,OK,Thread Group 1-7,text,true,,809,225,1,1,30,0,0
1489229878374,57,News English,200,OK,Thread Group 1-7,text,true,,4085,228,1,1,57,0,0
1489229878431,48,News Arabic,200,OK,Thread Group 1-7,text,true,,2812,228,1,1,47,0,0
1489229878478,6,Logon API Request,200,OK,Thread Group 1-7,text,true,,437,277,1,1,6,0,0
1489229878485,51,PrivacyPolicy Service,200,OK,Thread Group 1-7,text,true,,967,229,1,1,51,0,0
1489229878537,30,Contuctus Service,200,OK,Thread Group 1-7,text,true,,809,225,1,1,30,0,0
1489229878567,26,News English,200,OK,Thread Group 1-7,text,true,,4085,228,1,1,26,0,0
1489229878593,30,News Arabic,200,OK,Thread Group 1-7,text,true,,2812,228,1,1,30,0,0
1489229878623,4,Logon API Request,200,OK,Thread Group 1-7,text,true,,437,277,1,1,4,0,0
1489229878628,30,PrivacyPolicy Service,200,OK,Thread Group 1-7,text,true,,967,229,1,1,30,0,0
1489229878658,31,Contuctus Service,200,OK,Thread Group 1-7,text,true,,809,225,1,1,31,0,0
1489229878690,26,News English,200,OK,Thread Group 1-7,text,true,,4085,228,1,1,26,0,0
1489229878717,25,News Arabic,200,OK,Thread Group 1-7,text,true,,2812,228,1,1,25,0,0
1489229878743,3,Logon API Request,200,OK,Thread Group 1-7,text,true,,437,277,1,1,3,0,0
1489229878746,29,PrivacyPolicy Service,200,OK,Thread Group 1-7,text,true,,967,229,1,1,29,0,0
1489229878775,31,Contuctus Service,200,OK,Thread Group 1-7,text,true,,809,225,1,1,31,0,0
1489229878806,27,News English,200,OK,Thread Group 1-7,text,true,,4085,228,1,1,27,0,0
1489229878833,26,News Arabic,200,OK,Thread Group 1-7,text,true,,2812,228,1,1,26,0,0
1489229878859,6,Logon API Request,200,OK,Thread Group 1-7,text,true,,437,277,1,1,6,0,0
1489229878865,29,PrivacyPolicy Service,200,OK,Thread Group 1-7,text,true,,967,229,1,1,29,0,0
1489229878894,30,Contuctus Service,200,OK,Thread Group 1-7,text,true,,809,225,1,1,30,0,0
1489229878924,27,News English,200,OK,Thread Group 1-7,text,true,,4085,228,1,1,27,0,0
1489229878952,26,News Arabic,200,OK,Thread Group 1-7,text,true,,2812,228,1,1,26,0,0
1489229878978,4,Logon API Request,200,OK,Thread Group 1-7,text,true,,437,277,1,1,4,0,0
1489229878983,29,PrivacyPolicy Service,200,OK,Thread Group 1-7,text,true,,967,229,1,1,29,0,0
1489229879013,29,Contuctus Service,200,OK,Thread Group 1-7,text,true,,809,225,1,1,29,0,0
1489229879042,26,News English,200,OK,Thread Group 1-7,text,true,,4085,228,1,1,26,0,0
1489229879069,26,News Arabic,200,OK,Thread Group 1-7,text,true,,2812,228,1,1,26,0,0
1489229879095,4,Logon API Request,200,OK,Thread Group 1-7,text,true,,437,277,1,1,4,0,0
1489229879099,30,PrivacyPolicy Service,200,OK,Thread Group 1-7,text,true,,967,229,1,1,30,0,0
1489229879130,30,Contuctus Service,200,OK,Thread Group 1-7,text,true,,809,225,1,1,30,0,0
1489229879160,25,News English,200,OK,Thread Group 1-7,text,true,,4085,228,1,1,25,0,0
1489229879186,26,News Arabic,200,OK,Thread Group 1-7,text,true,,2812,228,1,1,26,0,0
1489229879212,5,Logon API Request,200,OK,Thread Group 1-7,text,true,,437,277,1,1,5,0,0
1489229879217,29,PrivacyPolicy Service,200,OK,Thread Group 1-7,text,true,,967,229,1,1,29,0,0
1489229879246,32,Contuctus Service,200,OK,Thread Group 1-7,text,true,,809,225,1,1,32,0,0
1489229879278,26,News English,200,OK,Thread Group 1-7,text,true,,4085,228,1,1,26,0,0
1489229879305,26,News Arabic,200,OK,Thread Group 1-7,text,true,,2812,228,1,1,26,0,0
1489229879331,4,Logon API Request,200,OK,Thread Group 1-7,text,true,,437,277,1,1,4,0,0
1489229879335,30,PrivacyPolicy Service,200,OK,Thread Group 1-7,text,true,,967,229,1,1,30,0,0
1489229879366,30,Contuctus Service,200,OK,Thread Group 1-7,text,true,,809,225,1,1,30,0,0
1489229879396,26,News English,200,OK,Thread Group 1-7,text,true,,4085,228,1,1,26,0,0
1489229879422,25,News Arabic,200,OK,Thread Group 1-7,text,true,,2812,228,1,1,25,0,0
1489229879448,4,Logon API Request,200,OK,Thread Group 1-7,text,true,,437,277,1,1,4,0,0
1489229879452,30,PrivacyPolicy Service,200,OK,Thread Group 1-7,text,true,,967,229,1,1,30,0,0
1489229879483,29,Contuctus Service,200,OK,Thread Group 1-7,text,true,,809,225,1,1,29,0,0
1489229879513,26,News English,200,OK,Thread Group 1-7,text,true,,4085,228,1,1,26,0,0
1489229879539,26,News Arabic,200,OK,Thread Group 1-7,text,true,,2812,228,1,1,26,0,0
1489229888301,7,Logon API Request,200,OK,Thread Group 1-8,text,true,,437,277,1,1,7,0,2
1489229888309,32,PrivacyPolicy Service,200,OK,Thread Group 1-8,text,true,,967,229,1,1,32,0,2
1489229888342,29,Contuctus Service,200,OK,Thread Group 1-8,text,true,,809,225,1,1,29,0,0
1489229888371,26,News English,200,OK,Thread Group 1-8,text,true,,4085,228,1,1,26,0,0
1489229888398,29,News Arabic,200,OK,Thread Group 1-8,text,true,,2812,228,1,1,29,0,0
1489229888427,4,Logon API Request,200,OK,Thread Group 1-8,text,true,,437,277,1,1,4,0,0
1489229888431,30,PrivacyPolicy Service,200,OK,Thread Group 1-8,text,true,,967,229,1,1,30,0,0
1489229888462,30,Contuctus Service,200,OK,Thread Group 1-8,text,true,,809,225,1,1,30,0,0
1489229888493,25,News English,200,OK,Thread Group 1-8,text,true,,4085,228,1,1,25,0,0
1489229888518,27,News Arabic,200,OK,Thread Group 1-8,text,true,,2812,228,1,1,27,0,0
1489229888546,3,Logon API Request,200,OK,Thread Group 1-8,text,true,,437,277,1,1,3,0,0
1489229888549,29,PrivacyPolicy Service,200,OK,Thread Group 1-8,text,true,,967,229,1,1,29,0,0
1489229888578,31,Contuctus Service,200,OK,Thread Group 1-8,text,true,,809,225,1,1,31,0,0
1489229888609,26,News English,200,OK,Thread Group 1-8,text,true,,4085,228,1,1,26,0,0
1489229888635,27,News Arabic,200,OK,Thread Group 1-8,text,true,,2812,228,1,1,27,0,0
1489229888663,3,Logon API Request,200,OK,Thread Group 1-8,text,true,,437,277,1,1,3,0,0
1489229888666,29,PrivacyPolicy Service,200,OK,Thread Group 1-8,text,true,,967,229,1,1,29,0,0
1489229888695,29,Contuctus Service,200,OK,Thread Group 1-8,text,true,,809,225,1,1,29,0,0
1489229888725,24,News English,200,OK,Thread Group 1-8,text,true,,4085,228,1,1,24,0,0
1489229888750,26,News Arabic,200,OK,Thread Group 1-8,text,true,,2812,228,1,1,26,0,0
1489229888777,4,Logon API Request,200,OK,Thread Group 1-8,text,true,,437,277,1,1,4,0,0
1489229888781,28,PrivacyPolicy Service,200,OK,Thread Group 1-8,text,true,,967,229,1,1,28,0,0
1489229888810,75,Contuctus Service,200,OK,Thread Group 1-8,text,true,,809,225,1,1,75,0,0
1489229888885,25,News English,200,OK,Thread Group 1-8,text,true,,4085,228,1,1,25,0,0
1489229888910,26,News Arabic,200,OK,Thread Group 1-8,text,true,,2812,228,1,1,26,0,0
1489229888936,4,Logon API Request,200,OK,Thread Group 1-8,text,true,,437,277,1,1,4,0,0
1489229888941,28,PrivacyPolicy Service,200,OK,Thread Group 1-8,text,true,,967,229,1,1,28,0,0
1489229888969,30,Contuctus Service,200,OK,Thread Group 1-8,text,true,,809,225,1,1,30,0,0
1489229888999,28,News English,200,OK,Thread Group 1-8,text,true,,4085,228,1,1,28,0,0
1489229889027,25,News Arabic,200,OK,Thread Group 1-8,text,true,,2812,228,1,1,25,0,0
1489229889052,4,Logon API Request,200,OK,Thread Group 1-8,text,true,,437,277,1,1,4,0,0
1489229889057,28,PrivacyPolicy Service,200,OK,Thread Group 1-8,text,true,,967,229,1,1,28,0,0
1489229889085,30,Contuctus Service,200,OK,Thread Group 1-8,text,true,,809,225,1,1,30,0,0
1489229889116,26,News English,200,OK,Thread Group 1-8,text,true,,4085,228,1,1,26,0,0
1489229889143,25,News Arabic,200,OK,Thread Group 1-8,text,true,,2812,228,1,1,25,0,0
1489229889169,4,Logon API Request,200,OK,Thread Group 1-8,text,true,,437,277,1,1,4,0,0
1489229889173,29,PrivacyPolicy Service,200,OK,Thread Group 1-8,text,true,,967,229,1,1,29,0,0
1489229889202,32,Contuctus Service,200,OK,Thread Group 1-8,text,true,,809,225,1,1,32,0,0
1489229889234,25,News English,200,OK,Thread Group 1-8,text,true,,4085,228,1,1,25,0,0
1489229889259,28,News Arabic,200,OK,Thread Group 1-8,text,true,,2812,228,1,1,28,0,0
1489229889287,4,Logon API Request,200,OK,Thread Group 1-8,text,true,,437,277,1,1,4,0,0
1489229889292,28,PrivacyPolicy Service,200,OK,Thread Group 1-8,text,true,,967,229,1,1,28,0,0
1489229889321,30,Contuctus Service,200,OK,Thread Group 1-8,text,true,,809,225,1,1,30,0,0
1489229889351,27,News English,200,OK,Thread Group 1-8,text,true,,4085,228,1,1,27,0,0
1489229889378,27,News Arabic,200,OK,Thread Group 1-8,text,true,,2812,228,1,1,27,0,0
1489229889406,3,Logon API Request,200,OK,Thread Group 1-8,text,true,,437,277,1,1,3,0,0
1489229889410,28,PrivacyPolicy Service,200,OK,Thread Group 1-8,text,true,,967,229,1,1,28,0,0
1489229889438,29,Contuctus Service,200,OK,Thread Group 1-8,text,true,,809,225,1,1,29,0,0
1489229889468,25,News English,200,OK,Thread Group 1-8,text,true,,4085,228,1,1,25,0,0
1489229889493,25,News Arabic,200,OK,Thread Group 1-8,text,true,,2812,228,1,1,25,0,0
1489229898301,7,Logon API Request,200,OK,Thread Group 1-9,text,true,,437,277,1,1,6,0,2
1489229898308,32,PrivacyPolicy Service,200,OK,Thread Group 1-9,text,true,,967,229,1,1,32,0,3
1489229898340,31,Contuctus Service,200,OK,Thread Group 1-9,text,true,,809,225,1,1,31,0,0
1489229898371,30,News English,200,OK,Thread Group 1-9,text,true,,4085,228,1,1,30,0,0
1489229898401,26,News Arabic,200,OK,Thread Group 1-9,text,true,,2812,228,1,1,26,0,0
1489229898427,4,Logon API Request,200,OK,Thread Group 1-9,text,true,,437,277,1,1,4,0,0
1489229898431,29,PrivacyPolicy Service,200,OK,Thread Group 1-9,text,true,,967,229,1,1,29,0,0
1489229898461,33,Contuctus Service,200,OK,Thread Group 1-9,text,true,,809,225,1,1,33,0,0
1489229898494,26,News English,200,OK,Thread Group 1-9,text,true,,4085,228,1,1,25,0,0
1489229898520,25,News Arabic,200,OK,Thread Group 1-9,text,true,,2812,228,1,1,25,0,0
1489229898546,4,Logon API Request,200,OK,Thread Group 1-9,text,true,,437,277,1,1,4,0,0
1489229898550,30,PrivacyPolicy Service,200,OK,Thread Group 1-9,text,true,,967,229,1,1,30,0,0
1489229898580,31,Contuctus Service,200,OK,Thread Group 1-9,text,true,,809,225,1,1,31,0,0
1489229898612,26,News English,200,OK,Thread Group 1-9,text,true,,4085,228,1,1,26,0,0
1489229898639,25,News Arabic,200,OK,Thread Group 1-9,text,true,,2812,228,1,1,25,0,0
1489229898664,4,Logon API Request,200,OK,Thread Group 1-9,text,true,,437,277,1,1,4,0,0
1489229898668,30,PrivacyPolicy Service,200,OK,Thread Group 1-9,text,true,,967,229,1,1,30,0,0
1489229898698,30,Contuctus Service,200,OK,Thread Group 1-9,text,true,,809,225,1,1,30,0,0
1489229898728,26,News English,200,OK,Thread Group 1-9,text,true,,4085,228,1,1,26,0,0
1489229898754,27,News Arabic,200,OK,Thread Group 1-9,text,true,,2812,228,1,1,27,0,0
1489229898781,4,Logon API Request,200,OK,Thread Group 1-9,text,true,,437,277,1,1,4,0,0
1489229898785,36,PrivacyPolicy Service,200,OK,Thread Group 1-9,text,true,,967,229,1,1,36,0,0
1489229898822,29,Contuctus Service,200,OK,Thread Group 1-9,text,true,,809,225,1,1,29,0,0
1489229898852,25,News English,200,OK,Thread Group 1-9,text,true,,4085,228,1,1,25,0,0
1489229898878,25,News Arabic,200,OK,Thread Group 1-9,text,true,,2812,228,1,1,25,0,0
1489229898904,4,Logon API Request,200,OK,Thread Group 1-9,text,true,,437,277,1,1,4,0,0
1489229898908,28,PrivacyPolicy Service,200,OK,Thread Group 1-9,text,true,,967,229,1,1,28,0,0
1489229898937,30,Contuctus Service,200,OK,Thread Group 1-9,text,true,,809,225,1,1,30,0,0
1489229898967,27,News English,200,OK,Thread Group 1-9,text,true,,4085,228,1,1,27,0,0
1489229898994,25,News Arabic,200,OK,Thread Group 1-9,text,true,,2812,228,1,1,25,0,0
1489229899020,3,Logon API Request,200,OK,Thread Group 1-9,text,true,,437,277,1,1,3,0,0
1489229899023,28,PrivacyPolicy Service,200,OK,Thread Group 1-9,text,true,,967,229,1,1,28,0,0
1489229899052,29,Contuctus Service,200,OK,Thread Group 1-9,text,true,,809,225,1,1,29,0,0
1489229899082,26,News English,200,OK,Thread Group 1-9,text,true,,4085,228,1,1,26,0,0
1489229899109,26,News Arabic,200,OK,Thread Group 1-9,text,true,,2812,228,1,1,26,0,0
1489229899136,4,Logon API Request,200,OK,Thread Group 1-9,text,true,,437,277,1,1,4,0,0
1489229899140,29,PrivacyPolicy Service,200,OK,Thread Group 1-9,text,true,,967,229,1,1,29,0,0
1489229899169,31,Contuctus Service,200,OK,Thread Group 1-9,text,true,,809,225,1,1,31,0,0
1489229899201,25,News English,200,OK,Thread Group 1-9,text,true,,4085,228,1,1,25,0,0
1489229899226,27,News Arabic,200,OK,Thread Group 1-9,text,true,,2812,228,1,1,27,0,0
1489229899253,4,Logon API Request,200,OK,Thread Group 1-9,text,true,,437,277,1,1,4,0,0
1489229899258,29,PrivacyPolicy Service,200,OK,Thread Group 1-9,text,true,,967,229,1,1,29,0,0
1489229899287,30,Contuctus Service,200,OK,Thread Group 1-9,text,true,,809,225,1,1,30,0,0
1489229899317,25,News English,200,OK,Thread Group 1-9,text,true,,4085,228,1,1,25,0,0
1489229899342,25,News Arabic,200,OK,Thread Group 1-9,text,true,,2812,228,1,1,25,0,0
1489229899367,4,Logon API Request,200,OK,Thread Group 1-9,text,true,,437,277,1,1,4,0,0
1489229899371,30,PrivacyPolicy Service,200,OK,Thread Group 1-9,text,true,,967,229,1,1,30,0,0
1489229899402,29,Contuctus Service,200,OK,Thread Group 1-9,text,true,,809,225,1,1,29,0,0
1489229899432,25,News English,200,OK,Thread Group 1-9,text,true,,4085,228,1,1,25,0,0
1489229899458,25,News Arabic,200,OK,Thread Group 1-9,text,true,,2812,228,1,1,25,0,0
1489229908300,7,Logon API Request,200,OK,Thread Group 1-10,text,true,,437,277,1,1,7,0,3
1489229908308,394,PrivacyPolicy Service,200,OK,Thread Group 1-10,text,true,,967,229,1,1,394,0,1
1489229908702,67,Contuctus Service,200,OK,Thread Group 1-10,text,true,,809,225,1,1,67,0,0
1489229908769,128,News English,200,OK,Thread Group 1-10,text,true,,4085,228,1,1,128,0,0
1489229908898,423,News Arabic,200,OK,Thread Group 1-10,text,true,,2812,228,1,1,423,0,0
1489229909321,5,Logon API Request,200,OK,Thread Group 1-10,text,true,,437,277,1,1,4,0,0
1489229909326,73,PrivacyPolicy Service,200,OK,Thread Group 1-10,text,true,,967,229,1,1,73,0,0
1489229909399,72,Contuctus Service,200,OK,Thread Group 1-10,text,true,,809,225,1,1,71,0,0
1489229909471,27,News English,200,OK,Thread Group 1-10,text,true,,4085,228,1,1,27,0,0
1489229909498,29,News Arabic,200,OK,Thread Group 1-10,text,true,,2812,228,1,1,29,0,0
1489229909527,4,Logon API Request,200,OK,Thread Group 1-10,text,true,,437,277,1,1,4,0,0
1489229909532,29,PrivacyPolicy Service,200,OK,Thread Group 1-10,text,true,,967,229,1,1,28,0,0
1489229909561,31,Contuctus Service,200,OK,Thread Group 1-10,text,true,,809,225,1,1,31,0,0
1489229909593,26,News English,200,OK,Thread Group 1-10,text,true,,4085,228,1,1,26,0,0
1489229909620,27,News Arabic,200,OK,Thread Group 1-10,text,true,,2812,228,1,1,27,0,0
1489229909647,4,Logon API Request,200,OK,Thread Group 1-10,text,true,,437,277,1,1,4,0,0
1489229909652,29,PrivacyPolicy Service,200,OK,Thread Group 1-10,text,true,,967,229,1,1,29,0,0
1489229909682,30,Contuctus Service,200,OK,Thread Group 1-10,text,true,,809,225,1,1,30,0,0
1489229909712,26,News English,200,OK,Thread Group 1-10,text,true,,4085,228,1,1,26,0,0
1489229909738,26,News Arabic,200,OK,Thread Group 1-10,text,true,,2812,228,1,1,26,0,0
1489229909764,4,Logon API Request,200,OK,Thread Group 1-10,text,true,,437,277,1,1,4,0,0
1489229909769,32,PrivacyPolicy Service,200,OK,Thread Group 1-10,text,true,,967,229,1,1,32,0,0
1489229909801,99,Contuctus Service,200,OK,Thread Group 1-10,text,true,,809,225,1,1,99,0,0
1489229909901,477,News English,200,OK,Thread Group 1-10,text,true,,4085,228,1,1,477,0,0
1489229910381,31,News Arabic,200,OK,Thread Group 1-10,text,true,,2812,228,1,1,31,0,3
1489229910413,6,Logon API Request,200,OK,Thread Group 1-10,text,true,,437,277,1,1,6,0,2
1489229910420,79,PrivacyPolicy Service,200,OK,Thread Group 1-10,text,true,,967,229,1,1,79,0,0
1489229910499,70,Contuctus Service,200,OK,Thread Group 1-10,text,true,,809,225,1,1,70,0,0
1489229910570,26,News English,200,OK,Thread Group 1-10,text,true,,4085,228,1,1,26,0,0
1489229910597,27,News Arabic,200,OK,Thread Group 1-10,text,true,,2812,228,1,1,26,0,0
1489229910624,4,Logon API Request,200,OK,Thread Group 1-10,text,true,,437,277,1,1,4,0,0
1489229910628,32,PrivacyPolicy Service,200,OK,Thread Group 1-10,text,true,,967,229,1,1,32,0,0
1489229910661,29,Contuctus Service,200,OK,Thread Group 1-10,text,true,,809,225,1,1,29,0,0
1489229910690,26,News English,200,OK,Thread Group 1-10,text,true,,4085,228,1,1,26,0,0
1489229910717,28,News Arabic,200,OK,Thread Group 1-10,text,true,,2812,228,1,1,28,0,0
1489229910745,4,Logon API Request,200,OK,Thread Group 1-10,text,true,,437,277,1,1,4,0,0
1489229910749,28,PrivacyPolicy Service,200,OK,Thread Group 1-10,text,true,,967,229,1,1,28,0,0
1489229910777,31,Contuctus Service,200,OK,Thread Group 1-10,text,true,,809,225,1,1,31,0,0
1489229910808,216,News English,200,OK,Thread Group 1-10,text,true,,4085,228,1,1,216,0,0
1489229911024,316,News Arabic,200,OK,Thread Group 1-10,text,true,,2812,228,1,1,316,0,0
1489229911341,3,Logon API Request,200,OK,Thread Group 1-10,text,true,,437,277,1,1,3,0,0
1489229911345,73,PrivacyPolicy Service,200,OK,Thread Group 1-10,text,true,,967,229,1,1,73,0,0
1489229911418,68,Contuctus Service,200,OK,Thread Group 1-10,text,true,,809,225,1,1,68,0,0
1489229911487,28,News English,200,OK,Thread Group 1-10,text,true,,4085,228,1,1,28,0,0
1489229911515,27,News Arabic,200,OK,Thread Group 1-10,text,true,,2812,228,1,1,27,0,0
1489229911542,4,Logon API Request,200,OK,Thread Group 1-10,text,true,,437,277,1,1,4,0,0
1489229911546,28,PrivacyPolicy Service,200,OK,Thread Group 1-10,text,true,,967,229,1,1,28,0,0
1489229911575,31,Contuctus Service,200,OK,Thread Group 1-10,text,true,,809,225,1,1,30,0,0
1489229911606,41,News English,200,OK,Thread Group 1-10,text,true,,4085,228,1,1,41,0,0
1489229911648,26,News Arabic,200,OK,Thread Group 1-10,text,true,,2812,228,1,1,26,0,0
