timeStamp,elapsed,label,responseCode,responseMessage,threadName,dataType,success,failureMessage,bytes,sentBytes,grpThreads,allThreads,Latency,IdleTime,Connect
1489153015659,461,Logon API Request,200,OK,Thread Group 1-1,text,true,,437,277,1,1,461,0,54
1489153016127,388,PrivacyPolicy Service,200,OK,Thread Group 1-1,text,true,,967,229,1,1,388,0,3
1489153016516,389,Contuctus Service,200,OK,Thread Group 1-1,text,true,,809,225,1,1,389,0,0
1489153016906,390,News English,200,OK,Thread Group 1-1,text,true,,4085,228,1,1,390,0,0
1489153017297,389,News Arabic,200,OK,Thread Group 1-1,text,true,,2812,228,1,1,389,0,0
1489153017687,388,Logon API Request,200,OK,Thread Group 1-1,text,true,,437,277,1,1,388,0,0
1489153018075,385,PrivacyPolicy Service,200,OK,Thread Group 1-1,text,true,,967,229,1,1,385,0,0
1489153018460,388,Contuctus Service,200,OK,Thread Group 1-1,text,true,,809,225,1,1,388,0,2
1489153018850,389,News English,200,OK,Thread Group 1-1,text,true,,4085,228,1,1,389,0,0
1489153019239,390,News Arabic,200,OK,Thread Group 1-1,text,true,,2812,228,1,1,390,0,0
1489153019629,389,Logon API Request,200,OK,Thread Group 1-1,text,true,,437,277,1,1,389,0,2
1489153020020,389,PrivacyPolicy Service,200,OK,Thread Group 1-1,text,true,,967,229,1,1,389,0,0
1489153020410,389,Contuctus Service,200,OK,Thread Group 1-1,text,true,,809,225,1,1,389,0,0
1489153020801,389,News English,200,OK,Thread Group 1-1,text,true,,4085,228,1,1,389,0,2
1489153021191,385,News Arabic,200,OK,Thread Group 1-1,text,true,,2812,228,1,1,385,0,0
1489153021577,389,Logon API Request,200,OK,Thread Group 1-1,text,true,,437,277,1,1,388,0,0
1489153021966,398,PrivacyPolicy Service,200,OK,Thread Group 1-1,text,true,,967,229,1,1,398,0,0
1489153022365,385,Contuctus Service,200,OK,Thread Group 1-1,text,true,,809,225,1,1,385,0,0
1489153022750,391,News English,200,OK,Thread Group 1-1,text,true,,4085,228,1,1,391,0,0
1489153023142,390,News Arabic,200,OK,Thread Group 1-1,text,true,,2812,228,1,1,389,0,3
1489153023533,390,Logon API Request,200,OK,Thread Group 1-1,text,true,,437,277,1,1,390,0,2
1489153023924,389,PrivacyPolicy Service,200,OK,Thread Group 1-1,text,true,,967,229,1,1,389,0,0
1489153024314,390,Contuctus Service,200,OK,Thread Group 1-1,text,true,,809,225,1,1,390,0,0
1489153024704,385,News English,200,OK,Thread Group 1-1,text,true,,4085,228,1,1,385,0,0
1489153025090,390,News Arabic,200,OK,Thread Group 1-1,text,true,,2812,228,1,1,390,0,0
1489153025481,389,Logon API Request,200,OK,Thread Group 1-1,text,true,,437,277,2,2,388,0,0
1489153025589,388,Logon API Request,200,OK,Thread Group 1-2,text,true,,437,277,2,2,388,0,2
1489153025870,388,PrivacyPolicy Service,200,OK,Thread Group 1-1,text,true,,967,229,2,2,388,0,3
1489153025978,388,PrivacyPolicy Service,200,OK,Thread Group 1-2,text,true,,967,229,2,2,388,0,2
1489153026258,386,Contuctus Service,200,OK,Thread Group 1-1,text,true,,809,225,2,2,385,0,0
1489153026367,385,Contuctus Service,200,OK,Thread Group 1-2,text,true,,809,225,2,2,385,0,0
1489153026644,385,News English,200,OK,Thread Group 1-1,text,true,,4085,228,2,2,385,0,0
1489153026753,385,News English,200,OK,Thread Group 1-2,text,true,,4085,228,2,2,385,0,0
1489153027030,384,News Arabic,200,OK,Thread Group 1-1,text,true,,2812,228,2,2,384,0,0
1489153027139,385,News Arabic,200,OK,Thread Group 1-2,text,true,,2812,228,2,2,385,0,0
1489153027415,388,Logon API Request,200,OK,Thread Group 1-1,text,true,,437,277,2,2,388,0,2
1489153027525,387,Logon API Request,200,OK,Thread Group 1-2,text,true,,437,277,2,2,387,0,0
1489153027803,386,PrivacyPolicy Service,200,OK,Thread Group 1-1,text,true,,967,229,2,2,386,0,0
1489153027913,385,PrivacyPolicy Service,200,OK,Thread Group 1-2,text,true,,967,229,2,2,385,0,0
1489153028189,387,Contuctus Service,200,OK,Thread Group 1-1,text,true,,809,225,2,2,387,0,2
1489153028298,387,Contuctus Service,200,OK,Thread Group 1-2,text,true,,809,225,2,2,387,0,3
1489153028576,386,News English,200,OK,Thread Group 1-1,text,true,,4085,228,2,2,386,0,0
1489153028685,385,News English,200,OK,Thread Group 1-2,text,true,,4085,228,2,2,385,0,0
1489153028963,384,News Arabic,200,OK,Thread Group 1-1,text,true,,2812,228,2,2,384,0,0
1489153029071,384,News Arabic,200,OK,Thread Group 1-2,text,true,,2812,228,2,2,384,0,0
1489153029348,386,Logon API Request,200,OK,Thread Group 1-1,text,true,,437,277,2,2,386,0,0
1489153029456,388,Logon API Request,200,OK,Thread Group 1-2,text,true,,437,277,2,2,387,0,1
1489153029735,385,PrivacyPolicy Service,200,OK,Thread Group 1-1,text,true,,967,229,2,2,385,0,0
1489153029844,385,PrivacyPolicy Service,200,OK,Thread Group 1-2,text,true,,967,229,2,2,385,0,0
1489153030121,384,Contuctus Service,200,OK,Thread Group 1-1,text,true,,809,225,2,2,384,0,0
1489153030230,385,Contuctus Service,200,OK,Thread Group 1-2,text,true,,809,225,2,2,385,0,0
1489153030506,387,News English,200,OK,Thread Group 1-1,text,true,,4085,228,2,2,387,0,3
1489153030615,388,News English,200,OK,Thread Group 1-2,text,true,,4085,228,2,2,388,0,3
1489153030894,385,News Arabic,200,OK,Thread Group 1-1,text,true,,2812,228,2,2,385,0,0
1489153031003,386,News Arabic,200,OK,Thread Group 1-2,text,true,,2812,228,2,2,385,0,0
1489153031280,388,Logon API Request,200,OK,Thread Group 1-1,text,true,,437,277,2,2,388,0,2
1489153031389,387,Logon API Request,200,OK,Thread Group 1-2,text,true,,437,277,2,2,387,0,0
1489153031669,385,PrivacyPolicy Service,200,OK,Thread Group 1-1,text,true,,967,229,2,2,385,0,0
1489153031777,385,PrivacyPolicy Service,200,OK,Thread Group 1-2,text,true,,967,229,2,2,385,0,0
1489153032055,385,Contuctus Service,200,OK,Thread Group 1-1,text,true,,809,225,2,2,385,0,0
1489153032163,385,Contuctus Service,200,OK,Thread Group 1-2,text,true,,809,225,2,2,385,0,0
1489153032440,385,News English,200,OK,Thread Group 1-1,text,true,,4085,228,2,2,384,0,0
1489153032548,385,News English,200,OK,Thread Group 1-2,text,true,,4085,228,2,2,385,0,0
1489153032825,386,News Arabic,200,OK,Thread Group 1-1,text,true,,2812,228,2,2,386,0,2
1489153032934,385,News Arabic,200,OK,Thread Group 1-2,text,true,,2812,228,2,2,385,0,1
1489153033212,386,Logon API Request,200,OK,Thread Group 1-1,text,true,,437,277,2,2,386,0,0
1489153033320,389,Logon API Request,200,OK,Thread Group 1-2,text,true,,437,277,2,2,389,0,2
1489153033599,385,PrivacyPolicy Service,200,OK,Thread Group 1-1,text,true,,967,229,2,2,384,0,0
1489153033710,385,PrivacyPolicy Service,200,OK,Thread Group 1-2,text,true,,967,229,2,2,385,0,0
1489153033984,385,Contuctus Service,200,OK,Thread Group 1-1,text,true,,809,225,2,2,385,0,0
1489153034095,385,Contuctus Service,200,OK,Thread Group 1-2,text,true,,809,225,2,2,385,0,0
1489153034370,385,News English,200,OK,Thread Group 1-1,text,true,,4085,228,2,2,385,0,0
1489153034481,384,News English,200,OK,Thread Group 1-2,text,true,,4085,228,2,2,384,0,0
1489153034755,386,News Arabic,200,OK,Thread Group 1-1,text,true,,2812,228,2,2,386,0,0
1489153034866,385,News Arabic,200,OK,Thread Group 1-2,text,true,,2812,228,1,1,385,0,0
1489153035251,388,Logon API Request,200,OK,Thread Group 1-2,text,true,,437,277,2,2,388,0,0
1489153035605,388,Logon API Request,200,OK,Thread Group 1-3,text,true,,437,277,2,2,388,0,2
1489153035640,385,PrivacyPolicy Service,200,OK,Thread Group 1-2,text,true,,967,229,2,2,385,0,1
1489153035994,386,PrivacyPolicy Service,200,OK,Thread Group 1-3,text,true,,967,229,2,2,386,0,2
1489153036026,385,Contuctus Service,200,OK,Thread Group 1-2,text,true,,809,225,2,2,385,0,0
1489153036381,383,Contuctus Service,200,OK,Thread Group 1-3,text,true,,809,225,2,2,383,0,0
1489153036411,384,News English,200,OK,Thread Group 1-2,text,true,,4085,228,2,2,384,0,0
1489153036765,386,News English,200,OK,Thread Group 1-3,text,true,,4085,228,2,2,386,0,0
1489153036796,386,News Arabic,200,OK,Thread Group 1-2,text,true,,2812,228,2,2,386,0,0
1489153037151,386,News Arabic,200,OK,Thread Group 1-3,text,true,,2812,228,2,2,386,0,0
1489153037182,390,Logon API Request,200,OK,Thread Group 1-2,text,true,,437,277,2,2,390,0,2
1489153037537,387,Logon API Request,200,OK,Thread Group 1-3,text,true,,437,277,2,2,387,0,0
1489153037572,385,PrivacyPolicy Service,200,OK,Thread Group 1-2,text,true,,967,229,2,2,385,0,0
1489153037924,384,PrivacyPolicy Service,200,OK,Thread Group 1-3,text,true,,967,229,2,2,384,0,0
1489153037957,387,Contuctus Service,200,OK,Thread Group 1-2,text,true,,809,225,2,2,387,0,2
1489153038309,387,Contuctus Service,200,OK,Thread Group 1-3,text,true,,809,225,2,2,387,0,2
1489153038345,385,News English,200,OK,Thread Group 1-2,text,true,,4085,228,2,2,385,0,0
1489153038697,385,News English,200,OK,Thread Group 1-3,text,true,,4085,228,2,2,384,0,0
1489153038730,385,News Arabic,200,OK,Thread Group 1-2,text,true,,2812,228,2,2,385,0,0
1489153039082,386,News Arabic,200,OK,Thread Group 1-3,text,true,,2812,228,2,2,385,0,0
1489153039115,387,Logon API Request,200,OK,Thread Group 1-2,text,true,,437,277,2,2,387,0,0
1489153039468,389,Logon API Request,200,OK,Thread Group 1-3,text,true,,437,277,2,2,389,0,2
1489153039503,385,PrivacyPolicy Service,200,OK,Thread Group 1-2,text,true,,967,229,2,2,385,0,0
1489153039858,384,PrivacyPolicy Service,200,OK,Thread Group 1-3,text,true,,967,229,2,2,384,0,0
1489153039889,385,Contuctus Service,200,OK,Thread Group 1-2,text,true,,809,225,2,2,385,0,0
1489153040243,384,Contuctus Service,200,OK,Thread Group 1-3,text,true,,809,225,2,2,384,0,0
1489153040275,387,News English,200,OK,Thread Group 1-2,text,true,,4085,228,2,2,387,0,3
1489153040628,388,News English,200,OK,Thread Group 1-3,text,true,,4085,228,2,2,388,0,3
1489153040663,385,News Arabic,200,OK,Thread Group 1-2,text,true,,2812,228,2,2,385,0,0
1489153041017,384,News Arabic,200,OK,Thread Group 1-3,text,true,,2812,228,2,2,384,0,0
1489153041049,389,Logon API Request,200,OK,Thread Group 1-2,text,true,,437,277,2,2,389,0,2
1489153041402,387,Logon API Request,200,OK,Thread Group 1-3,text,true,,437,277,2,2,387,0,0
1489153041438,385,PrivacyPolicy Service,200,OK,Thread Group 1-2,text,true,,967,229,2,2,385,0,0
1489153041790,385,PrivacyPolicy Service,200,OK,Thread Group 1-3,text,true,,967,229,2,2,385,0,0
1489153041824,385,Contuctus Service,200,OK,Thread Group 1-2,text,true,,809,225,2,2,385,0,0
1489153042176,384,Contuctus Service,200,OK,Thread Group 1-3,text,true,,809,225,2,2,384,0,0
1489153042209,385,News English,200,OK,Thread Group 1-2,text,true,,4085,228,2,2,385,0,0
1489153042561,385,News English,200,OK,Thread Group 1-3,text,true,,4085,228,2,2,385,0,0
1489153042595,387,News Arabic,200,OK,Thread Group 1-2,text,true,,2812,228,2,2,387,0,2
1489153042947,387,News Arabic,200,OK,Thread Group 1-3,text,true,,2812,228,2,2,387,0,2
1489153042983,387,Logon API Request,200,OK,Thread Group 1-2,text,true,,437,277,2,2,387,0,0
1489153043334,390,Logon API Request,200,OK,Thread Group 1-3,text,true,,437,277,2,2,390,0,3
1489153043370,386,PrivacyPolicy Service,200,OK,Thread Group 1-2,text,true,,967,229,2,2,385,0,0
1489153043725,385,PrivacyPolicy Service,200,OK,Thread Group 1-3,text,true,,967,229,2,2,385,0,0
1489153043756,385,Contuctus Service,200,OK,Thread Group 1-2,text,true,,809,225,2,2,385,0,0
1489153044111,384,Contuctus Service,200,OK,Thread Group 1-3,text,true,,809,225,2,2,384,0,0
1489153044142,385,News English,200,OK,Thread Group 1-2,text,true,,4085,228,2,2,385,0,0
1489153044495,385,News English,200,OK,Thread Group 1-3,text,true,,4085,228,2,2,385,0,0
1489153044527,387,News Arabic,200,OK,Thread Group 1-2,text,true,,2812,228,2,2,387,0,0
1489153044880,385,News Arabic,200,OK,Thread Group 1-3,text,true,,2812,228,1,1,385,0,0
1489153045265,387,Logon API Request,200,OK,Thread Group 1-3,text,true,,437,277,2,2,387,0,0
1489153045604,389,Logon API Request,200,OK,Thread Group 1-4,text,true,,437,277,2,2,389,0,2
1489153045652,388,PrivacyPolicy Service,200,OK,Thread Group 1-3,text,true,,967,229,2,2,388,0,2
1489153045993,387,PrivacyPolicy Service,200,OK,Thread Group 1-4,text,true,,967,229,2,2,387,0,1
1489153046039,385,Contuctus Service,200,OK,Thread Group 1-3,text,true,,809,225,2,2,385,0,0
1489153046380,385,Contuctus Service,200,OK,Thread Group 1-4,text,true,,809,225,2,2,385,0,0
1489153046424,384,News English,200,OK,Thread Group 1-3,text,true,,4085,228,2,2,384,0,0
1489153046765,385,News English,200,OK,Thread Group 1-4,text,true,,4085,228,2,2,385,0,0
1489153046808,384,News Arabic,200,OK,Thread Group 1-3,text,true,,2812,228,2,2,384,0,0
1489153047151,384,News Arabic,200,OK,Thread Group 1-4,text,true,,2812,228,2,2,384,0,0
1489153047193,388,Logon API Request,200,OK,Thread Group 1-3,text,true,,437,277,2,2,388,0,2
1489153047535,386,Logon API Request,200,OK,Thread Group 1-4,text,true,,437,277,2,2,386,0,0
1489153047581,385,PrivacyPolicy Service,200,OK,Thread Group 1-3,text,true,,967,229,2,2,385,0,0
1489153047921,384,PrivacyPolicy Service,200,OK,Thread Group 1-4,text,true,,967,229,2,2,384,0,0
1489153047966,386,Contuctus Service,200,OK,Thread Group 1-3,text,true,,809,225,2,2,386,0,2
1489153048306,385,Contuctus Service,200,OK,Thread Group 1-4,text,true,,809,225,2,2,385,0,1
1489153048353,384,News English,200,OK,Thread Group 1-3,text,true,,4085,228,2,2,384,0,0
1489153048692,385,News English,200,OK,Thread Group 1-4,text,true,,4085,228,2,2,385,0,0
1489153048738,386,News Arabic,200,OK,Thread Group 1-3,text,true,,2812,228,2,2,386,0,0
1489153049078,385,News Arabic,200,OK,Thread Group 1-4,text,true,,2812,228,2,2,385,0,0
1489153049125,387,Logon API Request,200,OK,Thread Group 1-3,text,true,,437,277,2,2,387,0,0
1489153049463,389,Logon API Request,200,OK,Thread Group 1-4,text,true,,437,277,2,2,389,0,2
1489153049512,386,PrivacyPolicy Service,200,OK,Thread Group 1-3,text,true,,967,229,2,2,386,0,0
1489153049853,384,PrivacyPolicy Service,200,OK,Thread Group 1-4,text,true,,967,229,2,2,384,0,0
1489153049898,384,Contuctus Service,200,OK,Thread Group 1-3,text,true,,809,225,2,2,383,0,0
1489153050241,385,Contuctus Service,200,OK,Thread Group 1-4,text,true,,809,225,2,2,385,0,0
1489153050282,386,News English,200,OK,Thread Group 1-3,text,true,,4085,228,2,2,386,0,2
1489153050626,387,News English,200,OK,Thread Group 1-4,text,true,,4085,228,2,2,387,0,3
1489153050669,385,News Arabic,200,OK,Thread Group 1-3,text,true,,2812,228,2,2,385,0,0
1489153051014,385,News Arabic,200,OK,Thread Group 1-4,text,true,,2812,228,2,2,385,0,0
1489153051055,388,Logon API Request,200,OK,Thread Group 1-3,text,true,,437,277,2,2,388,0,2
1489153051400,386,Logon API Request,200,OK,Thread Group 1-4,text,true,,437,277,2,2,386,0,0
1489153051444,384,PrivacyPolicy Service,200,OK,Thread Group 1-3,text,true,,967,229,2,2,384,0,0
1489153051787,384,PrivacyPolicy Service,200,OK,Thread Group 1-4,text,true,,967,229,2,2,384,0,0
1489153051829,384,Contuctus Service,200,OK,Thread Group 1-3,text,true,,809,225,2,2,384,0,0
1489153052172,385,Contuctus Service,200,OK,Thread Group 1-4,text,true,,809,225,2,2,385,0,0
1489153052214,386,News English,200,OK,Thread Group 1-3,text,true,,4085,228,2,2,386,0,0
1489153052557,386,News English,200,OK,Thread Group 1-4,text,true,,4085,228,2,2,386,0,0
1489153052601,386,News Arabic,200,OK,Thread Group 1-3,text,true,,2812,228,2,2,386,0,2
1489153052943,386,News Arabic,200,OK,Thread Group 1-4,text,true,,2812,228,2,2,386,0,1
1489153052987,387,Logon API Request,200,OK,Thread Group 1-3,text,true,,437,277,2,2,387,0,0
1489153053329,388,Logon API Request,200,OK,Thread Group 1-4,text,true,,437,277,2,2,388,0,2
1489153053374,385,PrivacyPolicy Service,200,OK,Thread Group 1-3,text,true,,967,229,2,2,385,0,0
1489153053718,385,PrivacyPolicy Service,200,OK,Thread Group 1-4,text,true,,967,229,2,2,385,0,0
1489153053759,385,Contuctus Service,200,OK,Thread Group 1-3,text,true,,809,225,2,2,385,0,0
1489153054103,385,Contuctus Service,200,OK,Thread Group 1-4,text,true,,809,225,2,2,385,0,0
1489153054145,386,News English,200,OK,Thread Group 1-3,text,true,,4085,228,2,2,386,0,0
1489153054488,385,News English,200,OK,Thread Group 1-4,text,true,,4085,228,2,2,385,0,0
1489153054531,385,News Arabic,200,OK,Thread Group 1-3,text,true,,2812,228,2,2,385,0,0
1489153054874,385,News Arabic,200,OK,Thread Group 1-4,text,true,,2812,228,1,1,385,0,0
1489153055259,388,Logon API Request,200,OK,Thread Group 1-4,text,true,,437,277,2,2,388,0,0
1489153055604,389,Logon API Request,200,OK,Thread Group 1-5,text,true,,437,277,2,2,389,0,2
1489153055648,387,PrivacyPolicy Service,200,OK,Thread Group 1-4,text,true,,967,229,2,2,387,0,2
1489153055993,387,PrivacyPolicy Service,200,OK,Thread Group 1-5,text,true,,967,229,2,2,387,0,3
1489153056035,385,Contuctus Service,200,OK,Thread Group 1-4,text,true,,809,225,2,2,385,0,0
1489153056381,384,Contuctus Service,200,OK,Thread Group 1-5,text,true,,809,225,2,2,384,0,0
1489153056421,384,News English,200,OK,Thread Group 1-4,text,true,,4085,228,2,2,384,0,0
1489153056766,385,News English,200,OK,Thread Group 1-5,text,true,,4085,228,2,2,385,0,0
1489153056806,385,News Arabic,200,OK,Thread Group 1-4,text,true,,2812,228,2,2,385,0,0
1489153057151,385,News Arabic,200,OK,Thread Group 1-5,text,true,,2812,228,2,2,385,0,0
1489153057192,390,Logon API Request,200,OK,Thread Group 1-4,text,true,,437,277,2,2,390,0,3
1489153057537,387,Logon API Request,200,OK,Thread Group 1-5,text,true,,437,277,2,2,387,0,0
1489153057582,385,PrivacyPolicy Service,200,OK,Thread Group 1-4,text,true,,967,229,2,2,385,0,0
1489153057924,385,PrivacyPolicy Service,200,OK,Thread Group 1-5,text,true,,967,229,2,2,385,0,0
1489153057967,387,Contuctus Service,200,OK,Thread Group 1-4,text,true,,809,225,2,2,387,0,2
1489153058309,388,Contuctus Service,200,OK,Thread Group 1-5,text,true,,809,225,2,2,388,0,3
1489153058354,385,News English,200,OK,Thread Group 1-4,text,true,,4085,228,2,2,385,0,0
1489153058697,386,News English,200,OK,Thread Group 1-5,text,true,,4085,228,2,2,386,0,0
1489153058739,385,News Arabic,200,OK,Thread Group 1-4,text,true,,2812,228,2,2,385,0,0
1489153059083,385,News Arabic,200,OK,Thread Group 1-5,text,true,,2812,228,2,2,385,0,0
1489153059125,385,Logon API Request,200,OK,Thread Group 1-4,text,true,,437,277,2,2,385,0,0
1489153059469,389,Logon API Request,200,OK,Thread Group 1-5,text,true,,437,277,2,2,389,0,2
1489153059511,384,PrivacyPolicy Service,200,OK,Thread Group 1-4,text,true,,967,229,2,2,384,0,0
1489153059859,385,PrivacyPolicy Service,200,OK,Thread Group 1-5,text,true,,967,229,2,2,385,0,0
1489153059896,385,Contuctus Service,200,OK,Thread Group 1-4,text,true,,809,225,2,2,385,0,0
1489153060244,385,Contuctus Service,200,OK,Thread Group 1-5,text,true,,809,225,2,2,385,0,0
1489153060282,387,News English,200,OK,Thread Group 1-4,text,true,,4085,228,2,2,387,0,2
1489153060629,387,News English,200,OK,Thread Group 1-5,text,true,,4085,228,2,2,387,0,2
1489153060669,385,News Arabic,200,OK,Thread Group 1-4,text,true,,2812,228,2,2,385,0,0
1489153061015,384,News Arabic,200,OK,Thread Group 1-5,text,true,,2812,228,2,2,384,0,0
1489153061054,389,Logon API Request,200,OK,Thread Group 1-4,text,true,,437,277,2,2,389,0,2
1489153061400,387,Logon API Request,200,OK,Thread Group 1-5,text,true,,437,277,2,2,387,0,0
1489153061444,385,PrivacyPolicy Service,200,OK,Thread Group 1-4,text,true,,967,229,2,2,385,0,0
1489153061787,385,PrivacyPolicy Service,200,OK,Thread Group 1-5,text,true,,967,229,2,2,385,0,0
1489153061830,385,Contuctus Service,200,OK,Thread Group 1-4,text,true,,809,225,2,2,385,0,0
1489153062172,385,Contuctus Service,200,OK,Thread Group 1-5,text,true,,809,225,2,2,385,0,0
1489153062215,385,News English,200,OK,Thread Group 1-4,text,true,,4085,228,2,2,385,0,0
1489153062557,386,News English,200,OK,Thread Group 1-5,text,true,,4085,228,2,2,386,0,0
1489153062601,388,News Arabic,200,OK,Thread Group 1-4,text,true,,2812,228,2,2,388,0,3
1489153062943,387,News Arabic,200,OK,Thread Group 1-5,text,true,,2812,228,2,2,387,0,2
1489153062989,387,Logon API Request,200,OK,Thread Group 1-4,text,true,,437,277,2,2,387,0,0
1489153063330,389,Logon API Request,200,OK,Thread Group 1-5,text,true,,437,277,2,2,389,0,2
1489153063376,386,PrivacyPolicy Service,200,OK,Thread Group 1-4,text,true,,967,229,2,2,386,0,0
1489153063720,384,PrivacyPolicy Service,200,OK,Thread Group 1-5,text,true,,967,229,2,2,384,0,0
1489153063762,386,Contuctus Service,200,OK,Thread Group 1-4,text,true,,809,225,2,2,386,0,0
1489153064105,384,Contuctus Service,200,OK,Thread Group 1-5,text,true,,809,225,2,2,384,0,0
1489153064148,384,News English,200,OK,Thread Group 1-4,text,true,,4085,228,2,2,384,0,0
1489153064489,385,News English,200,OK,Thread Group 1-5,text,true,,4085,228,2,2,385,0,0
1489153064533,385,News Arabic,200,OK,Thread Group 1-4,text,true,,2812,228,2,2,385,0,0
1489153064874,385,News Arabic,200,OK,Thread Group 1-5,text,true,,2812,228,1,1,385,0,0
1489153065259,388,Logon API Request,200,OK,Thread Group 1-5,text,true,,437,277,2,2,388,0,0
1489153065604,389,Logon API Request,200,OK,Thread Group 1-6,text,true,,437,277,2,2,389,0,2
1489153065648,387,PrivacyPolicy Service,200,OK,Thread Group 1-5,text,true,,967,229,2,2,387,0,2
1489153065994,387,PrivacyPolicy Service,200,OK,Thread Group 1-6,text,true,,967,229,2,2,387,0,2
1489153066035,385,Contuctus Service,200,OK,Thread Group 1-5,text,true,,809,225,2,2,385,0,0
1489153066381,385,Contuctus Service,200,OK,Thread Group 1-6,text,true,,809,225,2,2,385,0,0
1489153066421,385,News English,200,OK,Thread Group 1-5,text,true,,4085,228,2,2,385,0,0
1489153066766,385,News English,200,OK,Thread Group 1-6,text,true,,4085,228,2,2,385,0,0
1489153066806,386,News Arabic,200,OK,Thread Group 1-5,text,true,,2812,228,2,2,386,0,0
1489153067151,385,News Arabic,200,OK,Thread Group 1-6,text,true,,2812,228,2,2,385,0,0
1489153067192,389,Logon API Request,200,OK,Thread Group 1-5,text,true,,437,277,2,2,389,0,2
1489153067537,387,Logon API Request,200,OK,Thread Group 1-6,text,true,,437,277,2,2,387,0,0
1489153067581,385,PrivacyPolicy Service,200,OK,Thread Group 1-5,text,true,,967,229,2,2,385,0,0
1489153067924,385,PrivacyPolicy Service,200,OK,Thread Group 1-6,text,true,,967,229,2,2,385,0,0
1489153067967,387,Contuctus Service,200,OK,Thread Group 1-5,text,true,,809,225,2,2,387,0,2
1489153068309,388,Contuctus Service,200,OK,Thread Group 1-6,text,true,,809,225,2,2,388,0,3
1489153068355,385,News English,200,OK,Thread Group 1-5,text,true,,4085,228,2,2,385,0,0
1489153068697,384,News English,200,OK,Thread Group 1-6,text,true,,4085,228,2,2,384,0,0
1489153068740,385,News Arabic,200,OK,Thread Group 1-5,text,true,,2812,228,2,2,385,0,0
1489153069081,384,News Arabic,200,OK,Thread Group 1-6,text,true,,2812,228,2,2,384,0,0
1489153069126,386,Logon API Request,200,OK,Thread Group 1-5,text,true,,437,277,2,2,386,0,0
1489153069466,389,Logon API Request,200,OK,Thread Group 1-6,text,true,,437,277,2,2,389,0,2
1489153069513,384,PrivacyPolicy Service,200,OK,Thread Group 1-5,text,true,,967,229,2,2,384,0,0
1489153069855,386,PrivacyPolicy Service,200,OK,Thread Group 1-6,text,true,,967,229,2,2,386,0,0
1489153069897,385,Contuctus Service,200,OK,Thread Group 1-5,text,true,,809,225,2,2,385,0,0
1489153070241,384,Contuctus Service,200,OK,Thread Group 1-6,text,true,,809,225,2,2,384,0,0
1489153070282,386,News English,200,OK,Thread Group 1-5,text,true,,4085,228,2,2,386,0,2
1489153070626,386,News English,200,OK,Thread Group 1-6,text,true,,4085,228,2,2,386,0,1
1489153070669,384,News Arabic,200,OK,Thread Group 1-5,text,true,,2812,228,2,2,384,0,0
1489153071012,385,News Arabic,200,OK,Thread Group 1-6,text,true,,2812,228,2,2,385,0,0
1489153071054,390,Logon API Request,200,OK,Thread Group 1-5,text,true,,437,277,2,2,390,0,2
1489153071398,387,Logon API Request,200,OK,Thread Group 1-6,text,true,,437,277,2,2,387,0,0
1489153071445,384,PrivacyPolicy Service,200,OK,Thread Group 1-5,text,true,,967,229,2,2,384,0,0
1489153071786,384,PrivacyPolicy Service,200,OK,Thread Group 1-6,text,true,,967,229,2,2,384,0,0
1489153071829,385,Contuctus Service,200,OK,Thread Group 1-5,text,true,,809,225,2,2,385,0,0
1489153072171,385,Contuctus Service,200,OK,Thread Group 1-6,text,true,,809,225,2,2,385,0,0
1489153072214,386,News English,200,OK,Thread Group 1-5,text,true,,4085,228,2,2,386,0,0
1489153072556,385,News English,200,OK,Thread Group 1-6,text,true,,4085,228,2,2,385,0,0
1489153072600,387,News Arabic,200,OK,Thread Group 1-5,text,true,,2812,228,2,2,387,0,3
1489153072942,387,News Arabic,200,OK,Thread Group 1-6,text,true,,2812,228,2,2,387,0,2
1489153072988,387,Logon API Request,200,OK,Thread Group 1-5,text,true,,437,277,2,2,387,0,0
1489153073329,389,Logon API Request,200,OK,Thread Group 1-6,text,true,,437,277,2,2,389,0,2
1489153073376,384,PrivacyPolicy Service,200,OK,Thread Group 1-5,text,true,,967,229,2,2,384,0,0
1489153073719,384,PrivacyPolicy Service,200,OK,Thread Group 1-6,text,true,,967,229,2,2,384,0,0
1489153073761,383,Contuctus Service,200,OK,Thread Group 1-5,text,true,,809,225,2,2,383,0,0
1489153074104,384,Contuctus Service,200,OK,Thread Group 1-6,text,true,,809,225,2,2,384,0,0
1489153074144,385,News English,200,OK,Thread Group 1-5,text,true,,4085,228,2,2,385,0,0
1489153074488,385,News English,200,OK,Thread Group 1-6,text,true,,4085,228,2,2,385,0,0
1489153074529,385,News Arabic,200,OK,Thread Group 1-5,text,true,,2812,228,2,2,385,0,0
1489153074874,385,News Arabic,200,OK,Thread Group 1-6,text,true,,2812,228,1,1,385,0,0
1489153075260,387,Logon API Request,200,OK,Thread Group 1-6,text,true,,437,277,2,2,387,0,0
1489153075603,389,Logon API Request,200,OK,Thread Group 1-7,text,true,,437,277,2,2,389,0,2
1489153075648,387,PrivacyPolicy Service,200,OK,Thread Group 1-6,text,true,,967,229,2,2,387,0,2
1489153075993,386,PrivacyPolicy Service,200,OK,Thread Group 1-7,text,true,,967,229,2,2,386,0,2
1489153076035,386,Contuctus Service,200,OK,Thread Group 1-6,text,true,,809,225,2,2,386,0,0
1489153076380,385,Contuctus Service,200,OK,Thread Group 1-7,text,true,,809,225,2,2,385,0,0
1489153076421,385,News English,200,OK,Thread Group 1-6,text,true,,4085,228,2,2,385,0,0
1489153076765,386,News English,200,OK,Thread Group 1-7,text,true,,4085,228,2,2,386,0,0
1489153076806,385,News Arabic,200,OK,Thread Group 1-6,text,true,,2812,228,2,2,385,0,0
1489153077151,385,News Arabic,200,OK,Thread Group 1-7,text,true,,2812,228,2,2,385,0,0
1489153077191,389,Logon API Request,200,OK,Thread Group 1-6,text,true,,437,277,2,2,389,0,3
1489153077536,388,Logon API Request,200,OK,Thread Group 1-7,text,true,,437,277,2,2,387,0,0
1489153077580,386,PrivacyPolicy Service,200,OK,Thread Group 1-6,text,true,,967,229,2,2,386,0,0
1489153077924,384,PrivacyPolicy Service,200,OK,Thread Group 1-7,text,true,,967,229,2,2,384,0,0
1489153077966,387,Contuctus Service,200,OK,Thread Group 1-6,text,true,,809,225,2,2,387,0,2
1489153078308,389,Contuctus Service,200,OK,Thread Group 1-7,text,true,,809,225,2,2,389,0,3
1489153078353,386,News English,200,OK,Thread Group 1-6,text,true,,4085,228,2,2,386,0,0
1489153078697,385,News English,200,OK,Thread Group 1-7,text,true,,4085,228,2,2,385,0,0
1489153078739,385,News Arabic,200,OK,Thread Group 1-6,text,true,,2812,228,2,2,385,0,0
1489153079082,386,News Arabic,200,OK,Thread Group 1-7,text,true,,2812,228,2,2,386,0,0
1489153079125,388,Logon API Request,200,OK,Thread Group 1-6,text,true,,437,277,2,2,388,0,0
1489153079468,389,Logon API Request,200,OK,Thread Group 1-7,text,true,,437,277,2,2,389,0,3
1489153079513,385,PrivacyPolicy Service,200,OK,Thread Group 1-6,text,true,,967,229,2,2,385,0,0
1489153079858,385,PrivacyPolicy Service,200,OK,Thread Group 1-7,text,true,,967,229,2,2,385,0,0
1489153079899,385,Contuctus Service,200,OK,Thread Group 1-6,text,true,,809,225,2,2,385,0,0
1489153080248,385,Contuctus Service,200,OK,Thread Group 1-7,text,true,,809,225,2,2,385,0,0
1489153080285,387,News English,200,OK,Thread Group 1-6,text,true,,4085,228,2,2,387,0,2
1489153080633,386,News English,200,OK,Thread Group 1-7,text,true,,4085,228,2,2,386,0,2
1489153080672,386,News Arabic,200,OK,Thread Group 1-6,text,true,,2812,228,2,2,386,0,0
1489153081019,386,News Arabic,200,OK,Thread Group 1-7,text,true,,2812,228,2,2,386,0,0
1489153081058,389,Logon API Request,200,OK,Thread Group 1-6,text,true,,437,277,2,2,389,0,2
1489153081405,387,Logon API Request,200,OK,Thread Group 1-7,text,true,,437,277,2,2,387,0,0
1489153081447,386,PrivacyPolicy Service,200,OK,Thread Group 1-6,text,true,,967,229,2,2,386,0,0
1489153081793,385,PrivacyPolicy Service,200,OK,Thread Group 1-7,text,true,,967,229,2,2,385,0,0
1489153081833,385,Contuctus Service,200,OK,Thread Group 1-6,text,true,,809,225,2,2,385,0,0
1489153082178,385,Contuctus Service,200,OK,Thread Group 1-7,text,true,,809,225,2,2,385,0,0
1489153082218,385,News English,200,OK,Thread Group 1-6,text,true,,4085,228,2,2,385,0,0
1489153082564,383,News English,200,OK,Thread Group 1-7,text,true,,4085,228,2,2,383,0,0
1489153082604,387,News Arabic,200,OK,Thread Group 1-6,text,true,,2812,228,2,2,387,0,2
1489153082948,386,News Arabic,200,OK,Thread Group 1-7,text,true,,2812,228,2,2,386,0,1
1489153082991,387,Logon API Request,200,OK,Thread Group 1-6,text,true,,437,277,2,2,387,0,0
1489153083334,390,Logon API Request,200,OK,Thread Group 1-7,text,true,,437,277,2,2,390,0,2
1489153083378,386,PrivacyPolicy Service,200,OK,Thread Group 1-6,text,true,,967,229,2,2,385,0,0
1489153083724,385,PrivacyPolicy Service,200,OK,Thread Group 1-7,text,true,,967,229,2,2,385,0,0
1489153083764,385,Contuctus Service,200,OK,Thread Group 1-6,text,true,,809,225,2,2,385,0,0
1489153084110,385,Contuctus Service,200,OK,Thread Group 1-7,text,true,,809,225,2,2,385,0,0
1489153084150,385,News English,200,OK,Thread Group 1-6,text,true,,4085,228,2,2,385,0,0
1489153084495,385,News English,200,OK,Thread Group 1-7,text,true,,4085,228,2,2,385,0,0
1489153084535,385,News Arabic,200,OK,Thread Group 1-6,text,true,,2812,228,2,2,385,0,0
1489153084880,386,News Arabic,200,OK,Thread Group 1-7,text,true,,2812,228,1,1,386,0,0
1489153085266,387,Logon API Request,200,OK,Thread Group 1-7,text,true,,437,277,2,2,387,0,0
1489153085603,390,Logon API Request,200,OK,Thread Group 1-8,text,true,,437,277,2,2,390,0,3
1489153085654,387,PrivacyPolicy Service,200,OK,Thread Group 1-7,text,true,,967,229,2,2,387,0,2
1489153085993,388,PrivacyPolicy Service,200,OK,Thread Group 1-8,text,true,,967,229,2,2,388,0,3
1489153086042,385,Contuctus Service,200,OK,Thread Group 1-7,text,true,,809,225,2,2,385,0,0
1489153086381,385,Contuctus Service,200,OK,Thread Group 1-8,text,true,,809,225,2,2,385,0,0
1489153086427,385,News English,200,OK,Thread Group 1-7,text,true,,4085,228,2,2,385,0,0
1489153086767,385,News English,200,OK,Thread Group 1-8,text,true,,4085,228,2,2,385,0,0
1489153086813,385,News Arabic,200,OK,Thread Group 1-7,text,true,,2812,228,2,2,385,0,0
1489153087152,385,News Arabic,200,OK,Thread Group 1-8,text,true,,2812,228,2,2,385,0,0
1489153087198,388,Logon API Request,200,OK,Thread Group 1-7,text,true,,437,277,2,2,388,0,2
1489153087538,387,Logon API Request,200,OK,Thread Group 1-8,text,true,,437,277,2,2,387,0,0
1489153087587,384,PrivacyPolicy Service,200,OK,Thread Group 1-7,text,true,,967,229,2,2,384,0,0
1489153087925,385,PrivacyPolicy Service,200,OK,Thread Group 1-8,text,true,,967,229,2,2,385,0,0
1489153087972,386,Contuctus Service,200,OK,Thread Group 1-7,text,true,,809,225,2,2,386,0,2
1489153088311,387,Contuctus Service,200,OK,Thread Group 1-8,text,true,,809,225,2,2,387,0,2
1489153088358,385,News English,200,OK,Thread Group 1-7,text,true,,4085,228,2,2,385,0,0
1489153088698,385,News English,200,OK,Thread Group 1-8,text,true,,4085,228,2,2,385,0,0
1489153088743,385,News Arabic,200,OK,Thread Group 1-7,text,true,,2812,228,2,2,385,0,0
1489153089083,385,News Arabic,200,OK,Thread Group 1-8,text,true,,2812,228,2,2,385,0,0
1489153089128,387,Logon API Request,200,OK,Thread Group 1-7,text,true,,437,277,2,2,387,0,0
1489153089468,389,Logon API Request,200,OK,Thread Group 1-8,text,true,,437,277,2,2,389,0,3
1489153089516,384,PrivacyPolicy Service,200,OK,Thread Group 1-7,text,true,,967,229,2,2,384,0,0
1489153089858,384,PrivacyPolicy Service,200,OK,Thread Group 1-8,text,true,,967,229,2,2,384,0,0
1489153089900,385,Contuctus Service,200,OK,Thread Group 1-7,text,true,,809,225,2,2,385,0,0
1489153090243,384,Contuctus Service,200,OK,Thread Group 1-8,text,true,,809,225,2,2,384,0,0
1489153090286,386,News English,200,OK,Thread Group 1-7,text,true,,4085,228,2,2,386,0,1
1489153090627,386,News English,200,OK,Thread Group 1-8,text,true,,4085,228,2,2,386,0,2
1489153090672,384,News Arabic,200,OK,Thread Group 1-7,text,true,,2812,228,2,2,384,0,0
1489153091013,385,News Arabic,200,OK,Thread Group 1-8,text,true,,2812,228,2,2,385,0,0
1489153091057,388,Logon API Request,200,OK,Thread Group 1-7,text,true,,437,277,2,2,388,0,2
1489153091399,387,Logon API Request,200,OK,Thread Group 1-8,text,true,,437,277,2,2,387,0,0
1489153091446,385,PrivacyPolicy Service,200,OK,Thread Group 1-7,text,true,,967,229,2,2,384,0,0
1489153091786,387,PrivacyPolicy Service,200,OK,Thread Group 1-8,text,true,,967,229,2,2,387,0,0
1489153091831,385,Contuctus Service,200,OK,Thread Group 1-7,text,true,,809,225,2,2,385,0,0
1489153092173,385,Contuctus Service,200,OK,Thread Group 1-8,text,true,,809,225,2,2,385,0,0
1489153092217,385,News English,200,OK,Thread Group 1-7,text,true,,4085,228,2,2,385,0,0
1489153092559,383,News English,200,OK,Thread Group 1-8,text,true,,4085,228,2,2,383,0,0
1489153092603,386,News Arabic,200,OK,Thread Group 1-7,text,true,,2812,228,2,2,386,0,2
1489153092943,386,News Arabic,200,OK,Thread Group 1-8,text,true,,2812,228,2,2,386,0,2
1489153092989,387,Logon API Request,200,OK,Thread Group 1-7,text,true,,437,277,2,2,387,0,0
1489153093330,388,Logon API Request,200,OK,Thread Group 1-8,text,true,,437,277,2,2,387,0,1
1489153093377,384,PrivacyPolicy Service,200,OK,Thread Group 1-7,text,true,,967,229,2,2,384,0,0
1489153093718,385,PrivacyPolicy Service,200,OK,Thread Group 1-8,text,true,,967,229,2,2,384,0,0
1489153093761,385,Contuctus Service,200,OK,Thread Group 1-7,text,true,,809,225,2,2,385,0,0
1489153094103,385,Contuctus Service,200,OK,Thread Group 1-8,text,true,,809,225,2,2,385,0,0
1489153094147,385,News English,200,OK,Thread Group 1-7,text,true,,4085,228,2,2,385,0,0
1489153094489,385,News English,200,OK,Thread Group 1-8,text,true,,4085,228,2,2,385,0,0
1489153094532,385,News Arabic,200,OK,Thread Group 1-7,text,true,,2812,228,2,2,385,0,0
1489153094874,385,News Arabic,200,OK,Thread Group 1-8,text,true,,2812,228,1,1,385,0,0
1489153095260,387,Logon API Request,200,OK,Thread Group 1-8,text,true,,437,277,2,2,387,0,0
1489153095603,389,Logon API Request,200,OK,Thread Group 1-9,text,true,,437,277,2,2,389,0,2
1489153095647,388,PrivacyPolicy Service,200,OK,Thread Group 1-8,text,true,,967,229,2,2,388,0,2
1489153095993,387,PrivacyPolicy Service,200,OK,Thread Group 1-9,text,true,,967,229,2,2,387,0,2
1489153096036,385,Contuctus Service,200,OK,Thread Group 1-8,text,true,,809,225,2,2,384,0,0
1489153096380,385,Contuctus Service,200,OK,Thread Group 1-9,text,true,,809,225,2,2,385,0,0
1489153096421,385,News English,200,OK,Thread Group 1-8,text,true,,4085,228,2,2,385,0,0
1489153096766,384,News English,200,OK,Thread Group 1-9,text,true,,4085,228,2,2,384,0,0
1489153096807,385,News Arabic,200,OK,Thread Group 1-8,text,true,,2812,228,2,2,385,0,0
1489153097151,384,News Arabic,200,OK,Thread Group 1-9,text,true,,2812,228,2,2,384,0,0
1489153097192,389,Logon API Request,200,OK,Thread Group 1-8,text,true,,437,277,2,2,389,0,2
1489153097536,386,Logon API Request,200,OK,Thread Group 1-9,text,true,,437,277,2,2,386,0,0
1489153097581,386,PrivacyPolicy Service,200,OK,Thread Group 1-8,text,true,,967,229,2,2,386,0,0
1489153097922,385,PrivacyPolicy Service,200,OK,Thread Group 1-9,text,true,,967,229,2,2,385,0,0
1489153097967,386,Contuctus Service,200,OK,Thread Group 1-8,text,true,,809,225,2,2,386,0,2
1489153098307,387,Contuctus Service,200,OK,Thread Group 1-9,text,true,,809,225,2,2,387,0,2
1489153098353,385,News English,200,OK,Thread Group 1-8,text,true,,4085,228,2,2,385,0,0
1489153098695,385,News English,200,OK,Thread Group 1-9,text,true,,4085,228,2,2,385,0,0
1489153098739,385,News Arabic,200,OK,Thread Group 1-8,text,true,,2812,228,2,2,385,0,0
1489153099080,385,News Arabic,200,OK,Thread Group 1-9,text,true,,2812,228,2,2,385,0,0
1489153099124,387,Logon API Request,200,OK,Thread Group 1-8,text,true,,437,277,2,2,387,0,0
1489153099465,389,Logon API Request,200,OK,Thread Group 1-9,text,true,,437,277,2,2,389,0,2
1489153099511,385,PrivacyPolicy Service,200,OK,Thread Group 1-8,text,true,,967,229,2,2,385,0,0
1489153099855,385,PrivacyPolicy Service,200,OK,Thread Group 1-9,text,true,,967,229,2,2,385,0,0
1489153099897,384,Contuctus Service,200,OK,Thread Group 1-8,text,true,,809,225,2,2,384,0,0
1489153100240,385,Contuctus Service,200,OK,Thread Group 1-9,text,true,,809,225,2,2,385,0,0
1489153100281,387,News English,200,OK,Thread Group 1-8,text,true,,4085,228,2,2,387,0,2
1489153100626,387,News English,200,OK,Thread Group 1-9,text,true,,4085,228,2,2,387,0,2
1489153100668,385,News Arabic,200,OK,Thread Group 1-8,text,true,,2812,228,2,2,385,0,0
1489153101013,385,News Arabic,200,OK,Thread Group 1-9,text,true,,2812,228,2,2,385,0,0
1489153101054,388,Logon API Request,200,OK,Thread Group 1-8,text,true,,437,277,2,2,388,0,2
1489153101398,387,Logon API Request,200,OK,Thread Group 1-9,text,true,,437,277,2,2,387,0,0
1489153101443,385,PrivacyPolicy Service,200,OK,Thread Group 1-8,text,true,,967,229,2,2,385,0,0
1489153101785,386,PrivacyPolicy Service,200,OK,Thread Group 1-9,text,true,,967,229,2,2,386,0,0
1489153101828,385,Contuctus Service,200,OK,Thread Group 1-8,text,true,,809,225,2,2,385,0,0
1489153102172,385,Contuctus Service,200,OK,Thread Group 1-9,text,true,,809,225,2,2,385,0,0
1489153102214,384,News English,200,OK,Thread Group 1-8,text,true,,4085,228,2,2,384,0,0
1489153102557,386,News English,200,OK,Thread Group 1-9,text,true,,4085,228,2,2,386,0,0
1489153102599,387,News Arabic,200,OK,Thread Group 1-8,text,true,,2812,228,2,2,387,0,2
1489153102943,387,News Arabic,200,OK,Thread Group 1-9,text,true,,2812,228,2,2,387,0,2
1489153102986,387,Logon API Request,200,OK,Thread Group 1-8,text,true,,437,277,2,2,387,0,0
1489153103330,388,Logon API Request,200,OK,Thread Group 1-9,text,true,,437,277,2,2,388,0,2
1489153103373,385,PrivacyPolicy Service,200,OK,Thread Group 1-8,text,true,,967,229,2,2,385,0,0
1489153103718,384,PrivacyPolicy Service,200,OK,Thread Group 1-9,text,true,,967,229,2,2,384,0,0
1489153103758,385,Contuctus Service,200,OK,Thread Group 1-8,text,true,,809,225,2,2,385,0,0
1489153104103,385,Contuctus Service,200,OK,Thread Group 1-9,text,true,,809,225,2,2,385,0,0
1489153104143,385,News English,200,OK,Thread Group 1-8,text,true,,4085,228,2,2,385,0,0
1489153104488,385,News English,200,OK,Thread Group 1-9,text,true,,4085,228,2,2,385,0,0
1489153104528,385,News Arabic,200,OK,Thread Group 1-8,text,true,,2812,228,2,2,385,0,0
1489153104874,384,News Arabic,200,OK,Thread Group 1-9,text,true,,2812,228,1,1,384,0,0
1489153105259,387,Logon API Request,200,OK,Thread Group 1-9,text,true,,437,277,2,2,387,0,0
1489153105603,388,Logon API Request,200,OK,Thread Group 1-10,text,true,,437,277,2,2,388,0,1
1489153105646,387,PrivacyPolicy Service,200,OK,Thread Group 1-9,text,true,,967,229,2,2,387,0,1
1489153105992,387,PrivacyPolicy Service,200,OK,Thread Group 1-10,text,true,,967,229,2,2,387,0,2
1489153106033,385,Contuctus Service,200,OK,Thread Group 1-9,text,true,,809,225,2,2,385,0,0
1489153106379,385,Contuctus Service,200,OK,Thread Group 1-10,text,true,,809,225,2,2,385,0,0
1489153106418,385,News English,200,OK,Thread Group 1-9,text,true,,4085,228,2,2,385,0,0
1489153106764,385,News English,200,OK,Thread Group 1-10,text,true,,4085,228,2,2,385,0,0
1489153106803,385,News Arabic,200,OK,Thread Group 1-9,text,true,,2812,228,2,2,385,0,0
1489153107150,385,News Arabic,200,OK,Thread Group 1-10,text,true,,2812,228,2,2,385,0,0
1489153107189,390,Logon API Request,200,OK,Thread Group 1-9,text,true,,437,277,2,2,390,0,2
1489153107535,387,Logon API Request,200,OK,Thread Group 1-10,text,true,,437,277,2,2,387,0,0
1489153107579,384,PrivacyPolicy Service,200,OK,Thread Group 1-9,text,true,,967,229,2,2,384,0,0
1489153107923,384,PrivacyPolicy Service,200,OK,Thread Group 1-10,text,true,,967,229,2,2,384,0,0
1489153107964,386,Contuctus Service,200,OK,Thread Group 1-9,text,true,,809,225,2,2,386,0,1
1489153108307,386,Contuctus Service,200,OK,Thread Group 1-10,text,true,,809,225,2,2,386,0,2
1489153108351,384,News English,200,OK,Thread Group 1-9,text,true,,4085,228,2,2,384,0,0
1489153108694,385,News English,200,OK,Thread Group 1-10,text,true,,4085,228,2,2,385,0,0
1489153108736,385,News Arabic,200,OK,Thread Group 1-9,text,true,,2812,228,2,2,385,0,0
1489153109079,386,News Arabic,200,OK,Thread Group 1-10,text,true,,2812,228,2,2,385,0,0
1489153109121,388,Logon API Request,200,OK,Thread Group 1-9,text,true,,437,277,2,2,388,0,0
1489153109465,389,Logon API Request,200,OK,Thread Group 1-10,text,true,,437,277,2,2,389,0,2
1489153109509,385,PrivacyPolicy Service,200,OK,Thread Group 1-9,text,true,,967,229,2,2,385,0,0
1489153109854,385,PrivacyPolicy Service,200,OK,Thread Group 1-10,text,true,,967,229,2,2,385,0,0
1489153109894,385,Contuctus Service,200,OK,Thread Group 1-9,text,true,,809,225,2,2,385,0,0
1489153110244,385,Contuctus Service,200,OK,Thread Group 1-10,text,true,,809,225,2,2,385,0,0
1489153110280,388,News English,200,OK,Thread Group 1-9,text,true,,4085,228,2,2,388,0,3
1489153110629,388,News English,200,OK,Thread Group 1-10,text,true,,4085,228,2,2,388,0,2
1489153110668,386,News Arabic,200,OK,Thread Group 1-9,text,true,,2812,228,2,2,386,0,0
1489153111016,384,News Arabic,200,OK,Thread Group 1-10,text,true,,2812,228,2,2,384,0,0
1489153111053,388,Logon API Request,200,OK,Thread Group 1-9,text,true,,437,277,2,2,388,0,2
1489153111400,387,Logon API Request,200,OK,Thread Group 1-10,text,true,,437,277,2,2,387,0,0
1489153111441,386,PrivacyPolicy Service,200,OK,Thread Group 1-9,text,true,,967,229,2,2,386,0,0
1489153111788,384,PrivacyPolicy Service,200,OK,Thread Group 1-10,text,true,,967,229,2,2,384,0,0
1489153111827,384,Contuctus Service,200,OK,Thread Group 1-9,text,true,,809,225,2,2,384,0,0
1489153112173,385,Contuctus Service,200,OK,Thread Group 1-10,text,true,,809,225,2,2,385,0,0
1489153112212,385,News English,200,OK,Thread Group 1-9,text,true,,4085,228,2,2,385,0,0
1489153112558,384,News English,200,OK,Thread Group 1-10,text,true,,4085,228,2,2,384,0,0
1489153112597,388,News Arabic,200,OK,Thread Group 1-9,text,true,,2812,228,2,2,387,0,2
1489153112943,386,News Arabic,200,OK,Thread Group 1-10,text,true,,2812,228,2,2,386,0,2
1489153112985,387,Logon API Request,200,OK,Thread Group 1-9,text,true,,437,277,2,2,387,0,0
1489153113329,389,Logon API Request,200,OK,Thread Group 1-10,text,true,,437,277,2,2,389,0,3
1489153113372,385,PrivacyPolicy Service,200,OK,Thread Group 1-9,text,true,,967,229,2,2,385,0,0
1489153113718,384,PrivacyPolicy Service,200,OK,Thread Group 1-10,text,true,,967,229,2,2,384,0,0
1489153113757,385,Contuctus Service,200,OK,Thread Group 1-9,text,true,,809,225,2,2,385,0,0
1489153114103,385,Contuctus Service,200,OK,Thread Group 1-10,text,true,,809,225,2,2,385,0,0
1489153114143,385,News English,200,OK,Thread Group 1-9,text,true,,4085,228,2,2,385,0,0
1489153114488,386,News English,200,OK,Thread Group 1-10,text,true,,4085,228,2,2,386,0,0
1489153114528,385,News Arabic,200,OK,Thread Group 1-9,text,true,,2812,228,2,2,385,0,0
1489153114874,384,News Arabic,200,OK,Thread Group 1-10,text,true,,2812,228,1,1,384,0,0
1489153115258,389,Logon API Request,200,OK,Thread Group 1-10,text,true,,437,277,1,1,389,0,0
1489153115647,390,PrivacyPolicy Service,200,OK,Thread Group 1-10,text,true,,967,229,1,1,390,0,2
1489153116037,390,Contuctus Service,200,OK,Thread Group 1-10,text,true,,809,225,1,1,390,0,0
1489153116428,390,News English,200,OK,Thread Group 1-10,text,true,,4085,228,1,1,390,0,0
1489153116818,391,News Arabic,200,OK,Thread Group 1-10,text,true,,2812,228,1,1,390,0,0
1489153117209,389,Logon API Request,200,OK,Thread Group 1-10,text,true,,437,277,1,1,389,0,2
1489153117598,391,PrivacyPolicy Service,200,OK,Thread Group 1-10,text,true,,967,229,1,1,391,0,0
1489153117989,391,Contuctus Service,200,OK,Thread Group 1-10,text,true,,809,225,1,1,391,0,2
1489153118380,390,News English,200,OK,Thread Group 1-10,text,true,,4085,228,1,1,390,0,0
1489153118770,391,News Arabic,200,OK,Thread Group 1-10,text,true,,2812,228,1,1,391,0,0
1489153119161,387,Logon API Request,200,OK,Thread Group 1-10,text,true,,437,277,1,1,387,0,0
1489153119549,389,PrivacyPolicy Service,200,OK,Thread Group 1-10,text,true,,967,229,1,1,389,0,0
1489153119939,390,Contuctus Service,200,OK,Thread Group 1-10,text,true,,809,225,1,1,390,0,0
1489153120330,390,News English,200,OK,Thread Group 1-10,text,true,,4085,228,1,1,390,0,2
1489153120721,385,News Arabic,200,OK,Thread Group 1-10,text,true,,2812,228,1,1,385,0,0
1489153121107,389,Logon API Request,200,OK,Thread Group 1-10,text,true,,437,277,1,1,389,0,2
1489153121497,390,PrivacyPolicy Service,200,OK,Thread Group 1-10,text,true,,967,229,1,1,390,0,0
1489153121887,390,Contuctus Service,200,OK,Thread Group 1-10,text,true,,809,225,1,1,390,0,0
1489153122278,390,News English,200,OK,Thread Group 1-10,text,true,,4085,228,1,1,390,0,0
1489153122669,390,News Arabic,200,OK,Thread Group 1-10,text,true,,2812,228,1,1,390,0,5
1489153123059,387,Logon API Request,200,OK,Thread Group 1-10,text,true,,437,277,1,1,387,0,0
1489153123446,391,PrivacyPolicy Service,200,OK,Thread Group 1-10,text,true,,967,229,1,1,391,0,0
1489153123837,390,Contuctus Service,200,OK,Thread Group 1-10,text,true,,809,225,1,1,390,0,0
1489153124228,397,News English,200,OK,Thread Group 1-10,text,true,,4085,228,1,1,397,0,0
1489153124625,390,News Arabic,200,OK,Thread Group 1-10,text,true,,2812,228,1,1,390,0,0
