Label,# Samples,Average,Median,90% Line,95% Line,99% Line,Min,Max,Error %,Throughput,Received KB/sec,Sent KB/sec
RegressionSuite:HTTP Request-Home_RoundTrip_TC_01,161,699,626,950,1007,1056,343,1366,0.000%,.13006,1.92,0.07
RegressionSuite:HTTP Request-Login_RoundTrip_TC_01,161,4379,4219,4513,4969,6011,3865,21005,0.621%,.12973,1.95,0.16
RegressionSuite:HTTP Request-FindFlight_RoundTrip_TC_01,160,903,895,977,1026,1209,796,1531,0.625%,.13019,1.91,0.08
RegressionSuite:HTTP Request-SelectFlight_RoundTrip_TC_01,160,626,614,678,715,798,555,1110,0.625%,.13023,2.54,0.10
RegressionSuite:HTTP Request-BookFlight_RoundTrip_TC_01,160,822,831,949,1117,1172,566,1563,0.625%,.13017,5.36,0.11
RegressionSuite:HTTP Request-FlightConfirmation_RoundTrip_TC_01,160,861,859,951,1013,1040,331,1223,0.625%,.13021,1.71,0.17
RegressionSuite:HTTP Request-SignOff_RoundTrip_TC_01,160,1055,1026,1180,1295,1489,896,1682,0.000%,.13021,1.12,0.15
RegressionSuite:HTTP Request-Home_RoundTrip_TC_02,161,693,630,900,938,986,341,1007,0.000%,.13099,1.93,0.07
RegressionSuite:HTTP Request-Home_RoundTrip_TC_03,160,671,621,910,964,981,330,1113,0.000%,.13070,1.93,0.07
RegressionSuite:HTTP Request-Login_RoundTrip_TC_02,161,5041,4203,4538,5471,6027,3829,127585,0.621%,.12206,1.83,0.15
RegressionSuite:HTTP Request-Login_RoundTrip_TC_03,160,4429,4243,4504,5276,6232,3866,24344,0.625%,.13035,1.96,0.16
RegressionSuite:HTTP Request-FindFlight_RoundTrip_TC_02,159,1019,881,985,1023,1034,796,21001,0.629%,.13034,1.90,0.07
RegressionSuite:HTTP Request-FindFlight_RoundTrip_TC_03,160,907,894,994,1064,1130,797,1210,0.000%,.13067,1.92,0.08
RegressionSuite:HTTP Request-SelectFlight_RoundTrip_TC_02,159,625,615,689,719,783,558,856,0.000%,.13037,2.55,0.10
RegressionSuite:HTTP Request-SelectFlight_RoundTrip_TC_03,160,627,614,699,718,820,557,1221,0.000%,.13070,2.56,0.10
RegressionSuite:HTTP Request-BookFlight_RoundTrip_TC_02,159,813,820,1023,1070,1183,563,1257,0.000%,.13033,5.39,0.11
RegressionSuite:HTTP Request-BookFlight_RoundTrip_TC_03,160,806,821,936,1023,1130,564,1194,0.000%,.13066,5.40,0.11
RegressionSuite:HTTP Request-FlightConfirmation_RoundTrip_TC_02,159,861,868,958,1008,1022,329,1945,0.000%,.13033,1.71,0.17
RegressionSuite:HTTP Request-FlightConfirmation_RoundTrip_TC_03,159,871,871,969,998,1040,354,1090,0.000%,.13084,1.71,0.17
RegressionSuite:HTTP Request-SignOff_RoundTrip_TC_02,159,1177,1026,1185,1271,1432,896,21424,0.629%,.13031,1.12,0.15
RegressionSuite:HTTP Request-SignOff_RoundTrip_TC_03,159,1164,1021,1130,1190,1336,896,21336,0.629%,.13082,1.12,0.15
RegressionSuite:HTTP Request-Home_RoundTrip_TC_04,160,667,614,880,920,1016,553,1118,0.000%,.13137,1.94,0.07
RegressionSuite:HTTP Request-Login_RoundTrip_TC_04,160,4305,4243,4455,4554,6169,3838,6292,0.000%,.13096,1.97,0.16
RegressionSuite:HTTP Request-FindFlight_RoundTrip_TC_04,159,923,887,1002,1030,1159,798,3892,0.000%,.13150,1.93,0.08
RegressionSuite:HTTP Request-SelectFlight_RoundTrip_TC_04,159,626,612,698,718,864,555,1322,0.000%,.13152,2.57,0.10
RegressionSuite:HTTP Request-BookFlight_RoundTrip_TC_04,159,828,835,1004,1074,1216,563,1226,0.000%,.13150,5.43,0.11
RegressionSuite:HTTP Request-FlightConfirmation_RoundTrip_TC_04,159,1117,874,990,1029,1436,252,21003,1.887%,.13147,1.70,0.17
RegressionSuite:HTTP Request-SignOff_RoundTrip_TC_04,159,1177,1027,1162,1241,1803,898,21349,0.629%,.13146,1.13,0.15
TOTAL,4472,1384,873,4152,4290,4742,252,127585,0.313%,3.36424,60.99,3.07
