TestCaseNo,userName,password,inFlight,outFlight,passangerFirstName,passangerLastName,creditCardNumber
RoundTrip_TC_01,yahya,yahya,Blue Skies Airlines$630$270$12:23,Blue Skies Airlines$360$270$5:03,Raghavendra,Kagwad,564543454656765
RoundTrip_TC_02,yahya,yahya,Blue Skies Airlines$631$273$14:30,Blue Skies Airlines$631$273$7:10,George,Washington,564543454656766
RoundTrip_TC_03,yahya,yahya,Pangea Airlines$632$282$16:37,Pangea Airlines$362$282$9:17,Gary,Bell,564543454656767
RoundTrip_TC_04,yahya,yahya,Unified Airlines$633$303$18:44,Unified Airlines$363$303$11:24,Jack,Dorson,564543454656768
